INSERT INTO hmprojetos.servico values (218038,'﻿ASS','﻿ASS 2018.038','Alvará de Regularização','700','2x','Rua Alfredo Levy Ramos, 73 a 77','Novo Parque','Cachoeiro de Itapemirim','ES','29309060','2018-04-10',null,null,15423);
INSERT INTO hmprojetos.link_externo values (1,'IPTU 192','http://www2.cachoeiro.es.gov.br:8080/ZimWeb/servlet/ZII?connection=producao&program=pwci001&vudTipoDocum=9&vudNoDocum=192&vexercicio=2019',218038);
INSERT INTO hmprojetos.link_externo values (2,'CND 192','http://www2.cachoeiro.es.gov.br:8080/ZimWeb/servlet/ZII?vudTipoDocum=3&vudNoDocum=192&debug=true&connection=producao&program=pwud001&template=%28vudTipoDocum%2CvudNoDocum%2CvudFinalidade%29&B1=Pesquisar',218038);
INSERT INTO hmprojetos.codigo_prefeitura values (1,'19753','2018',218038);
INSERT INTO hmprojetos.servico values (19057,'PAQ','PAQ 2019.057','Construção Residencial','','','Rua Papa Paulo VI','Alto Vilage da Luz','Cachoeiro de Itapemirim','ES','29309366','2019-12-31',null,null,19073);
INSERT INTO hmprojetos.servico values (219123,'ASS','ASS 2019.123','CND - Receita Federal','300','','Rua Ernandes Duarte da Fonseca, 91','Agostinho Simonato','Cachoeiro de Itapemirim','ES','29311737','2019-12-30',null,null,19002);
INSERT INTO hmprojetos.link_externo values (3,'IPTU 56952','http://www2.cachoeiro.es.gov.br:8080/ZimWeb/servlet/ZII?connection=producao&program=pwci001&vudTipoDocum=9&vudNoDocum=56952&vexercicio=2019',219123);
INSERT INTO hmprojetos.link_externo values (4,'CND 56952','http://www2.cachoeiro.es.gov.br:8080/ZimWeb/servlet/ZII?vudTipoDocum=3&vudNoDocum=56952&debug=true&connection=producao&program=pwud001&template=%28vudTipoDocum%2CvudNoDocum%2CvudFinalidade%29&B1=Pesquisar',219123);
INSERT INTO hmprojetos.servico values (219122,'ASS','ASS 2019.122','Averbação Inventário - Cartório','700','','Zona Rural - Furquilha','Distrito de Burarama','Cachoeiro de Itapemirim','ES','29327000','2019-12-27',null,null,17072);
INSERT INTO hmprojetos.servico values (119039,'PRS','PRS 2019.039','Retificação de Área','900','2x','Rua Fernando de Abreu, 2','Ferroviários','Cachoeiro de Itapemirim','ES','2930805','2019-11-25',null,null,19004);
INSERT INTO hmprojetos.servico values (219121,'ASS','ASS 2019.121','Descaracterização de áreas - INCRA','1500','3x','Rodovia BR 482','Marbrasa','Cachoeiro de Itapemirim','ES','29313656','2019-12-24',null,null,19026);
INSERT INTO hmprojetos.link_externo values (5,'IPTU 92979','http://www2.cachoeiro.es.gov.br:8080/ZimWeb/servlet/ZII?connection=producao&program=pwci001&vudTipoDocum=9&vudNoDocum=92979&vexercicio=2019',219121);
INSERT INTO hmprojetos.link_externo values (6,'CND 92979','http://www2.cachoeiro.es.gov.br:8080/ZimWeb/servlet/ZII?vudTipoDocum=3&vudNoDocum=92979&debug=true&connection=producao&program=pwud001&template=%28vudTipoDocum%2CvudNoDocum%2CvudFinalidade%29&B1=Pesquisar',219121);
INSERT INTO hmprojetos.servico values (219120,'ASS','ASS 2019.120','Averbação Construção e Condomínio - Cartório','300','2x','Rua Capitão José Vieira, 83','Vila Rica','Cachoeiro de Itapemirim','ES','29301160','2019-12-16','2020-01-06',null,18037);
INSERT INTO hmprojetos.servico values (219119,'ASS','ASS 2019.119','Regularização Residencial - 2º Pav.','700','2x','Rua Antonio Cardoso Coelho, nº 185 ','Monte Cristo','Cachoeiro de Itapemirim','Espírito Santo','29312107','2019-12-12','2019-12-20',null,15409);
INSERT INTO hmprojetos.link_externo values (7,'IPTU 29145','http://www2.cachoeiro.es.gov.br:8080/ZimWeb/servlet/ZII?connection=producao&program=pwci001&vudTipoDocum=9&vudNoDocum=29145&vexercicio=2019',219119);
INSERT INTO hmprojetos.link_externo values (8,'CND 29145','http://www2.cachoeiro.es.gov.br:8080/ZimWeb/servlet/ZII?vudTipoDocum=3&vudNoDocum=29145&debug=true&connection=producao&program=pwud001&template=%28vudTipoDocum%2CvudNoDocum%2CvudFinalidade%29&B1=Pesquisar',219119);
INSERT INTO hmprojetos.servico values (219118,'ASS','ASS 2019.118','Certidão - Cartório','','','Rua das Orquídeas - N° 25','Paraíso','Cachoeiro de Itapemirim','ES','29304023','2019-12-10',null,null,15712);
INSERT INTO hmprojetos.servico values (219117,'ASS','ASS 2019.117','Unificação de Área','400','2x','Liane Avelar Rodrigues, 47','Novo Parque','Cachoeiro de Itapemirim','ES','29309006','2019-08-06',null,null,15685);
INSERT INTO hmprojetos.link_externo values (9,'IPTU 60754 ','http://www2.cachoeiro.es.gov.br:8080/ZimWeb/servlet/ZII?connection=producao&program=pwci001&vudTipoDocum=9&vudNoDocum=60754 &vexercicio=2019',219117);
INSERT INTO hmprojetos.link_externo values (10,'CND 60754 ','http://www2.cachoeiro.es.gov.br:8080/ZimWeb/servlet/ZII?vudTipoDocum=3&vudNoDocum=60754 &debug=true&connection=producao&program=pwud001&template=%28vudTipoDocum%2CvudNoDocum%2CvudFinalidade%29&B1=Pesquisar',219117);
INSERT INTO hmprojetos.link_externo values (11,'IPTU  63859','http://www2.cachoeiro.es.gov.br:8080/ZimWeb/servlet/ZII?connection=producao&program=pwci001&vudTipoDocum=9&vudNoDocum= 63859&vexercicio=2019',219117);
INSERT INTO hmprojetos.link_externo values (12,'CND  63859','http://www2.cachoeiro.es.gov.br:8080/ZimWeb/servlet/ZII?vudTipoDocum=3&vudNoDocum= 63859&debug=true&connection=producao&program=pwud001&template=%28vudTipoDocum%2CvudNoDocum%2CvudFinalidade%29&B1=Pesquisar',219117);
INSERT INTO hmprojetos.servico values (219116,'ASS','ASS 2019.116','CND - Receita Federal','500','2x','Rua: Torquato Marchini, 05','Santa Helena','Cachoeiro de Itapemirim','ES','29307080','2019-12-07',null,null,19076);
INSERT INTO hmprojetos.link_externo values (13,'IPTU 86540','http://www2.cachoeiro.es.gov.br:8080/ZimWeb/servlet/ZII?connection=producao&program=pwci001&vudTipoDocum=9&vudNoDocum=86540&vexercicio=2019',219116);
INSERT INTO hmprojetos.link_externo values (14,'CND 86540','http://www2.cachoeiro.es.gov.br:8080/ZimWeb/servlet/ZII?vudTipoDocum=3&vudNoDocum=86540&debug=true&connection=producao&program=pwud001&template=%28vudTipoDocum%2CvudNoDocum%2CvudFinalidade%29&B1=Pesquisar',219116);
INSERT INTO hmprojetos.servico values (19056,'PAQ','PAQ 2019.056','Croqui Residencial - Cândida','500','','Princesa Isabel nº 56','Nossa Senhora da Penha','Cachoeiro de Itapemirim','ES','29307400','2019-11-28',null,null,19075);
INSERT INTO hmprojetos.servico values (19055,'PAQ','PAQ 2019.055','Construção Residencial','3000','2x','Alameda Profª Azenath de Moraes Coelho, 50','Rui Pinto Bandeira','Cachoeiro de Itapemirim','ES','29315817','2019-12-05',null,null,15421);
INSERT INTO hmprojetos.servico values (219115,'ASS','ASS 2019.115','Criar CAR - IDAF','1500','','Sitio Corrego de Itaoca - Valão de Areia','Itaoca','Cachoeiro de Itapemirim','ES','29325000','2019-11-18',null,null,19074);
INSERT INTO hmprojetos.servico values (119038,'PRS','PRS 2019.038','Planta para Usucapião','900','','Rua Papa Paulo VI','Alto Vilage da Luz','Cachoeiro de Itapemirim','ES','29309366','2019-11-18',null,null,19073);
INSERT INTO hmprojetos.servico values (219114,'ASS','ASS 2019.114','Elaborar ART','750','','Rod. Governador Lacerda de Aguiar, Km 5','Coronel Borges','Cachoeiro de Itapemirim','ES','29306095','2019-11-28','2019-12-12',null,19072);
INSERT INTO hmprojetos.codigo_prefeitura values (2,'42.822','2018',219114);
INSERT INTO hmprojetos.servico values (219113,'ASS','ASS 2019.113','Retificação - Cartório','','','Av. Christiano Dias Lopes 219','Gilberto Machado','Cachoeiro de Itapemirim','ES','29303320','2019-11-27',null,null,17080);
INSERT INTO hmprojetos.link_externo values (15,'IPTU 23.608 ','http://www2.cachoeiro.es.gov.br:8080/ZimWeb/servlet/ZII?connection=producao&program=pwci001&vudTipoDocum=9&vudNoDocum=23.608 &vexercicio=2019',219113);
INSERT INTO hmprojetos.link_externo values (16,'CND 23.608 ','http://www2.cachoeiro.es.gov.br:8080/ZimWeb/servlet/ZII?vudTipoDocum=3&vudNoDocum=23.608 &debug=true&connection=producao&program=pwud001&template=%28vudTipoDocum%2CvudNoDocum%2CvudFinalidade%29&B1=Pesquisar',219113);
INSERT INTO hmprojetos.link_externo values (17,'IPTU  71.643','http://www2.cachoeiro.es.gov.br:8080/ZimWeb/servlet/ZII?connection=producao&program=pwci001&vudTipoDocum=9&vudNoDocum= 71.643&vexercicio=2019',219113);
INSERT INTO hmprojetos.link_externo values (18,'CND  71.643','http://www2.cachoeiro.es.gov.br:8080/ZimWeb/servlet/ZII?vudTipoDocum=3&vudNoDocum= 71.643&debug=true&connection=producao&program=pwud001&template=%28vudTipoDocum%2CvudNoDocum%2CvudFinalidade%29&B1=Pesquisar',219113);
INSERT INTO hmprojetos.servico values (219112,'ASS','ASS 2019.112','Fração Ideal','2400','4x','Rua Capitão José Vieira, 83','Vila Rica','Cachoeiro de Itapemirim','ES','29301160','2019-11-21','2019-12-19',null,18037);
INSERT INTO hmprojetos.link_externo values (19,'IPTU 62398','http://www2.cachoeiro.es.gov.br:8080/ZimWeb/servlet/ZII?connection=producao&program=pwci001&vudTipoDocum=9&vudNoDocum=62398&vexercicio=2019',219112);
INSERT INTO hmprojetos.link_externo values (20,'CND 62398','http://www2.cachoeiro.es.gov.br:8080/ZimWeb/servlet/ZII?vudTipoDocum=3&vudNoDocum=62398&debug=true&connection=producao&program=pwud001&template=%28vudTipoDocum%2CvudNoDocum%2CvudFinalidade%29&B1=Pesquisar',219112);
INSERT INTO hmprojetos.servico values (219111,'ASS','ASS 2019.111','Regularização Residencial','','','Rua João Mucelini, 151','Maria Ortiz','Cachoeiro de Itapemirim','ES','29301480','2019-11-19',null,null,18086);
INSERT INTO hmprojetos.link_externo values (21,'IPTU 10.473','http://www2.cachoeiro.es.gov.br:8080/ZimWeb/servlet/ZII?connection=producao&program=pwci001&vudTipoDocum=9&vudNoDocum=10.473&vexercicio=2019',219111);
INSERT INTO hmprojetos.link_externo values (22,'CND 10.473','http://www2.cachoeiro.es.gov.br:8080/ZimWeb/servlet/ZII?vudTipoDocum=3&vudNoDocum=10.473&debug=true&connection=producao&program=pwud001&template=%28vudTipoDocum%2CvudNoDocum%2CvudFinalidade%29&B1=Pesquisar',219111);
INSERT INTO hmprojetos.link_externo values (23,'IPTU  10.474','http://www2.cachoeiro.es.gov.br:8080/ZimWeb/servlet/ZII?connection=producao&program=pwci001&vudTipoDocum=9&vudNoDocum= 10.474&vexercicio=2019',219111);
INSERT INTO hmprojetos.link_externo values (24,'CND  10.474','http://www2.cachoeiro.es.gov.br:8080/ZimWeb/servlet/ZII?vudTipoDocum=3&vudNoDocum= 10.474&debug=true&connection=producao&program=pwud001&template=%28vudTipoDocum%2CvudNoDocum%2CvudFinalidade%29&B1=Pesquisar',219111);
INSERT INTO hmprojetos.link_externo values (25,'IPTU  10.475','http://www2.cachoeiro.es.gov.br:8080/ZimWeb/servlet/ZII?connection=producao&program=pwci001&vudTipoDocum=9&vudNoDocum= 10.475&vexercicio=2019',219111);
INSERT INTO hmprojetos.link_externo values (26,'CND  10.475','http://www2.cachoeiro.es.gov.br:8080/ZimWeb/servlet/ZII?vudTipoDocum=3&vudNoDocum= 10.475&debug=true&connection=producao&program=pwud001&template=%28vudTipoDocum%2CvudNoDocum%2CvudFinalidade%29&B1=Pesquisar',219111);
INSERT INTO hmprojetos.servico values (219110,'ASS','ASS 2019.110','Transferência de Titularidade - Projeto','300','2x','Avenida Jones dos Santos Neves 1022','Agostinho Simonato','Cachoeiro de Itapemirim','ES','29311743','2019-11-22',null,null,15893);
INSERT INTO hmprojetos.link_externo values (27,'IPTU 14395','http://www2.cachoeiro.es.gov.br:8080/ZimWeb/servlet/ZII?connection=producao&program=pwci001&vudTipoDocum=9&vudNoDocum=14395&vexercicio=2019',219110);
INSERT INTO hmprojetos.link_externo values (28,'CND 14395','http://www2.cachoeiro.es.gov.br:8080/ZimWeb/servlet/ZII?vudTipoDocum=3&vudNoDocum=14395&debug=true&connection=producao&program=pwud001&template=%28vudTipoDocum%2CvudNoDocum%2CvudFinalidade%29&B1=Pesquisar',219110);
INSERT INTO hmprojetos.codigo_prefeitura values (3,'45563','2019',219110);
INSERT INTO hmprojetos.codigo_prefeitura values (4,' ',' ',219110);
INSERT INTO hmprojetos.servico values (19054,'PAQ','PAQ 2019.054','Substituição de Projeto - 1º pavimento','','','Rua Hilda Lopes Barbieri s/nº','Jardim América','Cachoeiro de Itapemirim','ES','29310715','2019-11-23',null,null,09001);
INSERT INTO hmprojetos.codigo_prefeitura values (5,'38.345','2019',19054);
INSERT INTO hmprojetos.servico values (19053,'PAQ','PAQ 2019.053','Croqui Arquitetônico','','','Rua: Alvaro Ramos 129','Recanto','Cachoeiro de Itapemirim','ES','29303040','2019-11-19','2019-11-27',null,19071);
INSERT INTO hmprojetos.link_externo values (29,'IPTU 51.671','http://www2.cachoeiro.es.gov.br:8080/ZimWeb/servlet/ZII?connection=producao&program=pwci001&vudTipoDocum=9&vudNoDocum=51.671&vexercicio=2019',19053);
INSERT INTO hmprojetos.link_externo values (30,'CND 51.671','http://www2.cachoeiro.es.gov.br:8080/ZimWeb/servlet/ZII?vudTipoDocum=3&vudNoDocum=51.671&debug=true&connection=producao&program=pwud001&template=%28vudTipoDocum%2CvudNoDocum%2CvudFinalidade%29&B1=Pesquisar',19053);
INSERT INTO hmprojetos.link_externo values (31,'IPTU  77.408','http://www2.cachoeiro.es.gov.br:8080/ZimWeb/servlet/ZII?connection=producao&program=pwci001&vudTipoDocum=9&vudNoDocum= 77.408&vexercicio=2019',19053);
INSERT INTO hmprojetos.link_externo values (32,'CND  77.408','http://www2.cachoeiro.es.gov.br:8080/ZimWeb/servlet/ZII?vudTipoDocum=3&vudNoDocum= 77.408&debug=true&connection=producao&program=pwud001&template=%28vudTipoDocum%2CvudNoDocum%2CvudFinalidade%29&B1=Pesquisar',19053);
INSERT INTO hmprojetos.servico values (119037,'PRS','PRS 2019.037','Croqui de Situação','150','','Rua: Dr. Deolindo ','Baiminas','Cachoeiro de Itapemirim','ES','29300095','2019-11-21','2019-12-18',null,15904);
INSERT INTO hmprojetos.servico values (219109,'ASS','ASS 2019.109','CND - Receita Federal','500','2x','Rua Capitão José Vieira, 83','Vila Rica','Cachoeiro de Itapemirim','ES','29301160','2019-11-21','2019-12-16',null,18037);
INSERT INTO hmprojetos.link_externo values (33,'IPTU 62940 ','http://www2.cachoeiro.es.gov.br:8080/ZimWeb/servlet/ZII?connection=producao&program=pwci001&vudTipoDocum=9&vudNoDocum=62940 &vexercicio=2019',219109);
INSERT INTO hmprojetos.link_externo values (34,'CND 62940 ','http://www2.cachoeiro.es.gov.br:8080/ZimWeb/servlet/ZII?vudTipoDocum=3&vudNoDocum=62940 &debug=true&connection=producao&program=pwud001&template=%28vudTipoDocum%2CvudNoDocum%2CvudFinalidade%29&B1=Pesquisar',219109);
INSERT INTO hmprojetos.link_externo values (35,'IPTU  62938','http://www2.cachoeiro.es.gov.br:8080/ZimWeb/servlet/ZII?connection=producao&program=pwci001&vudTipoDocum=9&vudNoDocum= 62938&vexercicio=2019',219109);
INSERT INTO hmprojetos.link_externo values (36,'CND  62938','http://www2.cachoeiro.es.gov.br:8080/ZimWeb/servlet/ZII?vudTipoDocum=3&vudNoDocum= 62938&debug=true&connection=producao&program=pwud001&template=%28vudTipoDocum%2CvudNoDocum%2CvudFinalidade%29&B1=Pesquisar',219109);
INSERT INTO hmprojetos.link_externo values (37,'IPTU  9343','http://www2.cachoeiro.es.gov.br:8080/ZimWeb/servlet/ZII?connection=producao&program=pwci001&vudTipoDocum=9&vudNoDocum= 9343&vexercicio=2019',219109);
INSERT INTO hmprojetos.link_externo values (38,'CND  9343','http://www2.cachoeiro.es.gov.br:8080/ZimWeb/servlet/ZII?vudTipoDocum=3&vudNoDocum= 9343&debug=true&connection=producao&program=pwud001&template=%28vudTipoDocum%2CvudNoDocum%2CvudFinalidade%29&B1=Pesquisar',219109);
INSERT INTO hmprojetos.servico values (19052,'PAQ','PAQ 2019.052','Regularização Residencial','1500','3x','Rua: Octávio Guimarães nº 46','Amarelo','Cachoeiro de Itapemirim','ES','29304620','2019-11-11',null,null,19062);
INSERT INTO hmprojetos.link_externo values (39,'IPTU 23620','http://www2.cachoeiro.es.gov.br:8080/ZimWeb/servlet/ZII?connection=producao&program=pwci001&vudTipoDocum=9&vudNoDocum=23620&vexercicio=2019',19052);
INSERT INTO hmprojetos.link_externo values (40,'CND 23620','http://www2.cachoeiro.es.gov.br:8080/ZimWeb/servlet/ZII?vudTipoDocum=3&vudNoDocum=23620&debug=true&connection=producao&program=pwud001&template=%28vudTipoDocum%2CvudNoDocum%2CvudFinalidade%29&B1=Pesquisar',19052);
INSERT INTO hmprojetos.servico values (219108,'ASS','ASS 2019.108','Regularização Residencial/Comercial','800','2x','Av. Jones dos Santos Neves, 100','Maria Ortiz','Cachoeiro de Itapemirim','ES','29301455','2019-11-21',null,null,19063);
INSERT INTO hmprojetos.link_externo values (41,'IPTU 13685','http://www2.cachoeiro.es.gov.br:8080/ZimWeb/servlet/ZII?connection=producao&program=pwci001&vudTipoDocum=9&vudNoDocum=13685&vexercicio=2019',219108);
INSERT INTO hmprojetos.link_externo values (42,'CND 13685','http://www2.cachoeiro.es.gov.br:8080/ZimWeb/servlet/ZII?vudTipoDocum=3&vudNoDocum=13685&debug=true&connection=producao&program=pwud001&template=%28vudTipoDocum%2CvudNoDocum%2CvudFinalidade%29&B1=Pesquisar',219108);
INSERT INTO hmprojetos.servico values (219107,'ASS','ASS 2019.107','Regularização Residencial','900','2x','Rua Ernandes Duarte Fonseca 121','Agostinho Simonato','Cachoeiro de Itapemirim','ES','29311737','2019-11-08',null,null,99001);
INSERT INTO hmprojetos.link_externo values (43,'IPTU 57066','http://www2.cachoeiro.es.gov.br:8080/ZimWeb/servlet/ZII?connection=producao&program=pwci001&vudTipoDocum=9&vudNoDocum=57066&vexercicio=2019',219107);
INSERT INTO hmprojetos.link_externo values (44,'CND 57066','http://www2.cachoeiro.es.gov.br:8080/ZimWeb/servlet/ZII?vudTipoDocum=3&vudNoDocum=57066&debug=true&connection=producao&program=pwud001&template=%28vudTipoDocum%2CvudNoDocum%2CvudFinalidade%29&B1=Pesquisar',219107);
INSERT INTO hmprojetos.servico values (219106,'ASS','ASS 2019.106','Construção Industrial','600','2x','Rua Vilebaldo Nascimento 214 ','São Joaquim','Cachoeiro de Itapemirm','ES','29314847','2019-11-14',null,null,19068);
INSERT INTO hmprojetos.link_externo values (45,'IPTU 61302','http://www2.cachoeiro.es.gov.br:8080/ZimWeb/servlet/ZII?connection=producao&program=pwci001&vudTipoDocum=9&vudNoDocum=61302&vexercicio=2019',219106);
INSERT INTO hmprojetos.link_externo values (46,'CND 61302','http://www2.cachoeiro.es.gov.br:8080/ZimWeb/servlet/ZII?vudTipoDocum=3&vudNoDocum=61302&debug=true&connection=producao&program=pwud001&template=%28vudTipoDocum%2CvudNoDocum%2CvudFinalidade%29&B1=Pesquisar',219106);
INSERT INTO hmprojetos.codigo_prefeitura values (6,'42969','2019',219106);
INSERT INTO hmprojetos.servico values (219105,'ASS','ASS 2019.105','Alvará de Construção Residencial - 2º Pavimento','','','Rua Professora Ana Graça Brunelo de Freitas, 25','IBC','Cachoeiro de Itapemirim','ES','29315340','2019-11-12',null,null,15571);
INSERT INTO hmprojetos.link_externo values (47,'IPTU 28160','http://www2.cachoeiro.es.gov.br:8080/ZimWeb/servlet/ZII?connection=producao&program=pwci001&vudTipoDocum=9&vudNoDocum=28160&vexercicio=2019',219105);
INSERT INTO hmprojetos.link_externo values (48,'CND 28160','http://www2.cachoeiro.es.gov.br:8080/ZimWeb/servlet/ZII?vudTipoDocum=3&vudNoDocum=28160&debug=true&connection=producao&program=pwud001&template=%28vudTipoDocum%2CvudNoDocum%2CvudFinalidade%29&B1=Pesquisar',219105);
INSERT INTO hmprojetos.codigo_prefeitura values (7,'45562','2019',219105);
INSERT INTO hmprojetos.servico values (219104,'ASS','ASS 2019.104','Transferência de Titularidade de Projeto','300','2x','Cypriano Leal Sobrinho, 19','Aeroporto','Cachoeiro de Itapemirim','ES','29314001','2018-02-06',null,null,19070);
INSERT INTO hmprojetos.codigo_prefeitura values (8,'44228','2019',219104);
INSERT INTO hmprojetos.codigo_prefeitura values (9,'3281','2018',219104);
INSERT INTO hmprojetos.servico values (219103,'ASS','ASS 2019.103','Transferência de Titularidade - Projeto','300','2x','Rua Fernando de Abreu, 2','Ferroviários','Cachoeiro de Itapemirim','ES','2930805','2019-11-06',null,null,19004);
INSERT INTO hmprojetos.codigo_prefeitura values (10,'41197','2019',219103);
INSERT INTO hmprojetos.servico values (19051,'PAQ','PAQ 2019.051','Regularização Residencial/Comercial','2500','','Av. Jones dos Santos Neves, 100','Maria Ortiz','Cachoeiro de Itapemirim','ES','29301455','2019-11-04',null,null,19063);
INSERT INTO hmprojetos.link_externo values (49,'IPTU 14579','http://www2.cachoeiro.es.gov.br:8080/ZimWeb/servlet/ZII?connection=producao&program=pwci001&vudTipoDocum=9&vudNoDocum=14579&vexercicio=2019',19051);
INSERT INTO hmprojetos.link_externo values (50,'CND 14579','http://www2.cachoeiro.es.gov.br:8080/ZimWeb/servlet/ZII?vudTipoDocum=3&vudNoDocum=14579&debug=true&connection=producao&program=pwud001&template=%28vudTipoDocum%2CvudNoDocum%2CvudFinalidade%29&B1=Pesquisar',19051);
INSERT INTO hmprojetos.codigo_prefeitura values (11,'12439','1999',19051);
INSERT INTO hmprojetos.servico values (219102,'ASS','ASS 2019.102','Habite-se','','','Av. Jones dos Santos Neves','Agosinho Simonato 1022','Cachoeiro de Itapemirim','ES','29315535','2019-11-04',null,null,15893);
INSERT INTO hmprojetos.link_externo values (51,'IPTU 14394','http://www2.cachoeiro.es.gov.br:8080/ZimWeb/servlet/ZII?connection=producao&program=pwci001&vudTipoDocum=9&vudNoDocum=14394&vexercicio=2019',219102);
INSERT INTO hmprojetos.link_externo values (52,'CND 14394','http://www2.cachoeiro.es.gov.br:8080/ZimWeb/servlet/ZII?vudTipoDocum=3&vudNoDocum=14394&debug=true&connection=producao&program=pwud001&template=%28vudTipoDocum%2CvudNoDocum%2CvudFinalidade%29&B1=Pesquisar',219102);
INSERT INTO hmprojetos.servico values (19050,'PAQ','PAQ 2019.050','Construçao Residencial - 2º Pavtº','300','','Rua Professora Ana Graça Brunelo de Freitas, 25','IBC','Cachoeiro de Itapemirim','ES','29315340','2019-10-31','2019-11-14',null,15571);
INSERT INTO hmprojetos.link_externo values (53,'IPTU 28160','http://www2.cachoeiro.es.gov.br:8080/ZimWeb/servlet/ZII?connection=producao&program=pwci001&vudTipoDocum=9&vudNoDocum=28160&vexercicio=2019',19050);
INSERT INTO hmprojetos.link_externo values (54,'CND 28160','http://www2.cachoeiro.es.gov.br:8080/ZimWeb/servlet/ZII?vudTipoDocum=3&vudNoDocum=28160&debug=true&connection=producao&program=pwud001&template=%28vudTipoDocum%2CvudNoDocum%2CvudFinalidade%29&B1=Pesquisar',19050);
INSERT INTO hmprojetos.codigo_prefeitura values (12,'33327','2016',19050);
INSERT INTO hmprojetos.servico values (19049,'PAQ','PAQ 2019.049','Croqui Arquitetônico','150','','Rua Argemiro Barboza de Amorim - N° 20','Coramara','Cachoeiro de Itapemirim','ES','29313450','2019-10-16','2019-11-28',null,19011);
INSERT INTO hmprojetos.link_externo values (55,'IPTU 3249','http://www2.cachoeiro.es.gov.br:8080/ZimWeb/servlet/ZII?connection=producao&program=pwci001&vudTipoDocum=9&vudNoDocum=3249&vexercicio=2019',19049);
INSERT INTO hmprojetos.link_externo values (56,'CND 3249','http://www2.cachoeiro.es.gov.br:8080/ZimWeb/servlet/ZII?vudTipoDocum=3&vudNoDocum=3249&debug=true&connection=producao&program=pwud001&template=%28vudTipoDocum%2CvudNoDocum%2CvudFinalidade%29&B1=Pesquisar',19049);
INSERT INTO hmprojetos.servico values (219101,'ASS','ASS 2019.101','Fração ideal e Condomínio','1800','2x','Rua: Giovanni Altoé Nº 41/43','Jardim Itapemirim','Cachoeiro de Itapemirim','ES','29315706','2019-10-30','2019-11-26',null,19069);
INSERT INTO hmprojetos.link_externo values (57,'IPTU 71362','http://www2.cachoeiro.es.gov.br:8080/ZimWeb/servlet/ZII?connection=producao&program=pwci001&vudTipoDocum=9&vudNoDocum=71362&vexercicio=2019',219101);
INSERT INTO hmprojetos.link_externo values (58,'CND 71362','http://www2.cachoeiro.es.gov.br:8080/ZimWeb/servlet/ZII?vudTipoDocum=3&vudNoDocum=71362&debug=true&connection=producao&program=pwud001&template=%28vudTipoDocum%2CvudNoDocum%2CvudFinalidade%29&B1=Pesquisar',219101);
INSERT INTO hmprojetos.servico values (219100,'ASS','ASS 2019.100','Habite-se - 2ª via','300','2x','Rua São Sebastião - S/N°','Aeroporto ','Cachoeiro de Itapemirim','ES','29314110','2019-10-30',null,null,19035);
INSERT INTO hmprojetos.servico values (219099,'ASS','ASS 2019.099','Cadastrar IPTU','200','2x','Rua Antônio Moreira dos Santos','Rui Pinto Bandeira','Cachoeiro de Itapemirim','ES','29315830','2019-10-30',null,null,15490);
INSERT INTO hmprojetos.codigo_prefeitura values (13,'42767','2019',219099);
INSERT INTO hmprojetos.servico values (219098,'ASS','ASS 2019.098','Habite-se','300','2x','Rua antônio Moreira dos Santos','Rui Pinto Bandeira','Cachoeiro de Itapemirim','ES','29315830','2019-10-30',null,null,15490);
INSERT INTO hmprojetos.codigo_prefeitura values (14,'42822','2019',219098);
INSERT INTO hmprojetos.servico values (219097,'ASS','ASS 2019.097','Certidão Detalhada','350','2x','Rod. Eng. Fabiano Vivacqua, 611','Central Parque','Cachoeiro de Itapemirim','ES','29313161','2019-10-30',null,null,16018);
INSERT INTO hmprojetos.link_externo values (59,'IPTU 5151 ','http://www2.cachoeiro.es.gov.br:8080/ZimWeb/servlet/ZII?connection=producao&program=pwci001&vudTipoDocum=9&vudNoDocum=5151 &vexercicio=2019',219097);
INSERT INTO hmprojetos.link_externo values (60,'CND 5151 ','http://www2.cachoeiro.es.gov.br:8080/ZimWeb/servlet/ZII?vudTipoDocum=3&vudNoDocum=5151 &debug=true&connection=producao&program=pwud001&template=%28vudTipoDocum%2CvudNoDocum%2CvudFinalidade%29&B1=Pesquisar',219097);
INSERT INTO hmprojetos.link_externo values (61,'IPTU  5152 ','http://www2.cachoeiro.es.gov.br:8080/ZimWeb/servlet/ZII?connection=producao&program=pwci001&vudTipoDocum=9&vudNoDocum= 5152 &vexercicio=2019',219097);
INSERT INTO hmprojetos.link_externo values (62,'CND  5152 ','http://www2.cachoeiro.es.gov.br:8080/ZimWeb/servlet/ZII?vudTipoDocum=3&vudNoDocum= 5152 &debug=true&connection=producao&program=pwud001&template=%28vudTipoDocum%2CvudNoDocum%2CvudFinalidade%29&B1=Pesquisar',219097);
INSERT INTO hmprojetos.link_externo values (63,'IPTU  5153 ','http://www2.cachoeiro.es.gov.br:8080/ZimWeb/servlet/ZII?connection=producao&program=pwci001&vudTipoDocum=9&vudNoDocum= 5153 &vexercicio=2019',219097);
INSERT INTO hmprojetos.link_externo values (64,'CND  5153 ','http://www2.cachoeiro.es.gov.br:8080/ZimWeb/servlet/ZII?vudTipoDocum=3&vudNoDocum= 5153 &debug=true&connection=producao&program=pwud001&template=%28vudTipoDocum%2CvudNoDocum%2CvudFinalidade%29&B1=Pesquisar',219097);
INSERT INTO hmprojetos.link_externo values (65,'IPTU  5154','http://www2.cachoeiro.es.gov.br:8080/ZimWeb/servlet/ZII?connection=producao&program=pwci001&vudTipoDocum=9&vudNoDocum= 5154&vexercicio=2019',219097);
INSERT INTO hmprojetos.link_externo values (66,'CND  5154','http://www2.cachoeiro.es.gov.br:8080/ZimWeb/servlet/ZII?vudTipoDocum=3&vudNoDocum= 5154&debug=true&connection=producao&program=pwud001&template=%28vudTipoDocum%2CvudNoDocum%2CvudFinalidade%29&B1=Pesquisar',219097);
INSERT INTO hmprojetos.servico values (19048,'PAQ','PAQ 2019.048','Reforma Comercial','2000','4x','Rua João Penha, 01','Gilberto Machado','Cachoeiro de Itapemirim','ES','29303380','2019-10-23',null,null,19025);
INSERT INTO hmprojetos.link_externo values (67,'IPTU 23246','http://www2.cachoeiro.es.gov.br:8080/ZimWeb/servlet/ZII?connection=producao&program=pwci001&vudTipoDocum=9&vudNoDocum=23246&vexercicio=2019',19048);
INSERT INTO hmprojetos.link_externo values (68,'CND 23246','http://www2.cachoeiro.es.gov.br:8080/ZimWeb/servlet/ZII?vudTipoDocum=3&vudNoDocum=23246&debug=true&connection=producao&program=pwud001&template=%28vudTipoDocum%2CvudNoDocum%2CvudFinalidade%29&B1=Pesquisar',19048);
INSERT INTO hmprojetos.servico values (19047,'PAQ','PAQ 2019.047','Reforma da Torre e Fachada','1200','2x','Rua Projetada','Localidade São Pedro','Atílio Vivacqua','ES','29490000','2019-10-10',null,null,16039);
INSERT INTO hmprojetos.servico values (19046,'PAQ','PAQ 2019.046','Construção Industrial','2000','','Rua Vilebaldo Nascimento 214 ','São Joaquim','Cachoeiro de Itapemirm','ES','29314847','2019-10-01','2019-11-14',null,19068);
INSERT INTO hmprojetos.link_externo values (69,'IPTU 61302','http://www2.cachoeiro.es.gov.br:8080/ZimWeb/servlet/ZII?connection=producao&program=pwci001&vudTipoDocum=9&vudNoDocum=61302&vexercicio=2019',19046);
INSERT INTO hmprojetos.link_externo values (70,'CND 61302','http://www2.cachoeiro.es.gov.br:8080/ZimWeb/servlet/ZII?vudTipoDocum=3&vudNoDocum=61302&debug=true&connection=producao&program=pwud001&template=%28vudTipoDocum%2CvudNoDocum%2CvudFinalidade%29&B1=Pesquisar',19046);
INSERT INTO hmprojetos.servico values (119036,'PRS','PRS 2019.036','Planta para Usucapião','700','2x','Rua Julio Facini,29','Aeroporto','Cachoeiro de Itapemirim','ES','29314130','2019-10-01',null,null,19067);
INSERT INTO hmprojetos.link_externo values (71,'IPTU 71003','http://www2.cachoeiro.es.gov.br:8080/ZimWeb/servlet/ZII?connection=producao&program=pwci001&vudTipoDocum=9&vudNoDocum=71003&vexercicio=2019',119036);
INSERT INTO hmprojetos.link_externo values (72,'CND 71003','http://www2.cachoeiro.es.gov.br:8080/ZimWeb/servlet/ZII?vudTipoDocum=3&vudNoDocum=71003&debug=true&connection=producao&program=pwud001&template=%28vudTipoDocum%2CvudNoDocum%2CvudFinalidade%29&B1=Pesquisar',119036);
INSERT INTO hmprojetos.servico values (219096,'ASS','ASS 2019.096','Revisão IPTU','300','','Avenida Monte Castelo, 167','Independência','Cachoeiro de Itapemirim','ES','29306500','2019-10-14',null,null,15297);
INSERT INTO hmprojetos.link_externo values (73,'IPTU 33061 - 39626','http://www2.cachoeiro.es.gov.br:8080/ZimWeb/servlet/ZII?connection=producao&program=pwci001&vudTipoDocum=9&vudNoDocum=33061 - 39626&vexercicio=2019',219096);
INSERT INTO hmprojetos.link_externo values (74,'CND 33061 - 39626','http://www2.cachoeiro.es.gov.br:8080/ZimWeb/servlet/ZII?vudTipoDocum=3&vudNoDocum=33061 - 39626&debug=true&connection=producao&program=pwud001&template=%28vudTipoDocum%2CvudNoDocum%2CvudFinalidade%29&B1=Pesquisar',219096);
INSERT INTO hmprojetos.servico values (219095,'ASS','ASS 2019.095','Alvará de Construção','400','2x','BR 101 - Km 432','Flecheiras','Atilio Vivacqua','ES','29490000','2019-10-12','2019-11-01',null,17033);
INSERT INTO hmprojetos.servico values (19045,'PAQ','PAQ 2019.045','Croqui Arquitetônico','6650','4x','Rodovia Cachoeiro x Atilio ES 289 Km 10','Alto São José','Atílio Vivacqua','ES','29490000','2019-09-27','2019-12-17',null,15352);
INSERT INTO hmprojetos.servico values (219094,'ASS','ASS 2019.094','Declaração Prefeitura','50','','Rua Haroldo Pastro - N° 107','Basiléia','Cachoeiro de Itapemirim','ES','29302806','2019-10-08',null,null,19032);
INSERT INTO hmprojetos.servico values (19044,'PAQ','PAQ 2019.044','Regularização Residencial','3000','2x','Rua José Marinho Machado Coelho, 148','Rui Pinto bandeira','Cachoeiro de Itapemirim','ES','29315815','2019-09-30',null,null,19066);
INSERT INTO hmprojetos.link_externo values (75,'IPTU 70079','http://www2.cachoeiro.es.gov.br:8080/ZimWeb/servlet/ZII?connection=producao&program=pwci001&vudTipoDocum=9&vudNoDocum=70079&vexercicio=2019',19044);
INSERT INTO hmprojetos.link_externo values (76,'CND 70079','http://www2.cachoeiro.es.gov.br:8080/ZimWeb/servlet/ZII?vudTipoDocum=3&vudNoDocum=70079&debug=true&connection=producao&program=pwud001&template=%28vudTipoDocum%2CvudNoDocum%2CvudFinalidade%29&B1=Pesquisar',19044);
INSERT INTO hmprojetos.servico values (219093,'ASS','ASS 2019.093','Alvará de Regularização','500','2x','Rua José Marinho Machado Coelho, 77','Rui Pinto bandeira','Cachoeiro de Itapemirim','ES','29315815','2019-10-05',null,null,19028);
INSERT INTO hmprojetos.link_externo values (77,'IPTU 51872','http://www2.cachoeiro.es.gov.br:8080/ZimWeb/servlet/ZII?connection=producao&program=pwci001&vudTipoDocum=9&vudNoDocum=51872&vexercicio=2019',219093);
INSERT INTO hmprojetos.link_externo values (78,'CND 51872','http://www2.cachoeiro.es.gov.br:8080/ZimWeb/servlet/ZII?vudTipoDocum=3&vudNoDocum=51872&debug=true&connection=producao&program=pwud001&template=%28vudTipoDocum%2CvudNoDocum%2CvudFinalidade%29&B1=Pesquisar',219093);
INSERT INTO hmprojetos.servico values (219092,'ASS','ASS 2019.092','Alvará de Regularização','500','2x','Rua Validoro Giro, Nº 11 ','São Geraldo','Cachoeiro de Itapemirim','ES','29314680','2019-10-04',null,null,18009);
INSERT INTO hmprojetos.link_externo values (79,'IPTU 26825','http://www2.cachoeiro.es.gov.br:8080/ZimWeb/servlet/ZII?connection=producao&program=pwci001&vudTipoDocum=9&vudNoDocum=26825&vexercicio=2019',219092);
INSERT INTO hmprojetos.link_externo values (80,'CND 26825','http://www2.cachoeiro.es.gov.br:8080/ZimWeb/servlet/ZII?vudTipoDocum=3&vudNoDocum=26825&debug=true&connection=producao&program=pwud001&template=%28vudTipoDocum%2CvudNoDocum%2CvudFinalidade%29&B1=Pesquisar',219092);
INSERT INTO hmprojetos.codigo_prefeitura values (15,'43922','2019',219092);
INSERT INTO hmprojetos.servico values (119035,'PRS','PRS 2019.035','Desmembramento de Área','800','2x','Rua Abelardo Barbosa, 89','Coramara','Cachoeiro de Itapemirim','ES','29306850','2019-09-26','2019-12-02',null,19065);
INSERT INTO hmprojetos.link_externo values (81,'IPTU 3536','http://www2.cachoeiro.es.gov.br:8080/ZimWeb/servlet/ZII?connection=producao&program=pwci001&vudTipoDocum=9&vudNoDocum=3536&vexercicio=2019',119035);
INSERT INTO hmprojetos.link_externo values (82,'CND 3536','http://www2.cachoeiro.es.gov.br:8080/ZimWeb/servlet/ZII?vudTipoDocum=3&vudNoDocum=3536&debug=true&connection=producao&program=pwud001&template=%28vudTipoDocum%2CvudNoDocum%2CvudFinalidade%29&B1=Pesquisar',119035);
INSERT INTO hmprojetos.servico values (219091,'ASS','ASS 2019.091','Desmembramento de Área - Prefeitura','700','2x','Rua: Um, s/n ','Coramara','Cachoeiro de Itapemirim','ES','','2019-09-26',null,null,19065);
INSERT INTO hmprojetos.link_externo values (83,'IPTU 3536','http://www2.cachoeiro.es.gov.br:8080/ZimWeb/servlet/ZII?connection=producao&program=pwci001&vudTipoDocum=9&vudNoDocum=3536&vexercicio=2019',219091);
INSERT INTO hmprojetos.link_externo values (84,'CND 3536','http://www2.cachoeiro.es.gov.br:8080/ZimWeb/servlet/ZII?vudTipoDocum=3&vudNoDocum=3536&debug=true&connection=producao&program=pwud001&template=%28vudTipoDocum%2CvudNoDocum%2CvudFinalidade%29&B1=Pesquisar',219091);
INSERT INTO hmprojetos.servico values (219090,'ASS','ASS 2019.090','Alvará de Regularização','1500','3x','Rua São Camilo de Lellis, 1','Paraiso','Cachoeiro de Itapemirim','ES','29304315','2019-09-25',null,null,19064);
INSERT INTO hmprojetos.link_externo values (85,'IPTU 25992','http://www2.cachoeiro.es.gov.br:8080/ZimWeb/servlet/ZII?connection=producao&program=pwci001&vudTipoDocum=9&vudNoDocum=25992&vexercicio=2019',219090);
INSERT INTO hmprojetos.link_externo values (86,'CND 25992','http://www2.cachoeiro.es.gov.br:8080/ZimWeb/servlet/ZII?vudTipoDocum=3&vudNoDocum=25992&debug=true&connection=producao&program=pwud001&template=%28vudTipoDocum%2CvudNoDocum%2CvudFinalidade%29&B1=Pesquisar',219090);
INSERT INTO hmprojetos.codigo_prefeitura values (16,'35613','2019',219090);
INSERT INTO hmprojetos.servico values (219089,'ASS','ASS 2019.089','Renovação de Alvará','300','2x','Avenida Aristides Campos, 490','Campo da Leopoldina','Cachoeiro de Itapemirim','ES','29305360','2019-09-25',null,null,15289);
INSERT INTO hmprojetos.link_externo values (87,'IPTU 48133','http://www2.cachoeiro.es.gov.br:8080/ZimWeb/servlet/ZII?connection=producao&program=pwci001&vudTipoDocum=9&vudNoDocum=48133&vexercicio=2019',219089);
INSERT INTO hmprojetos.link_externo values (88,'CND 48133','http://www2.cachoeiro.es.gov.br:8080/ZimWeb/servlet/ZII?vudTipoDocum=3&vudNoDocum=48133&debug=true&connection=producao&program=pwud001&template=%28vudTipoDocum%2CvudNoDocum%2CvudFinalidade%29&B1=Pesquisar',219089);
INSERT INTO hmprojetos.codigo_prefeitura values (17,'36559','2019',219089);
INSERT INTO hmprojetos.servico values (219088,'ASS','ASS 2019.088','Alvará de Construção','400','','Av. Jones dos Santos Neves, 100','Maria Ortiz','Cachoeiro de Itapemirim','ES','29301455','2019-09-23','2019-11-26',null,19063);
INSERT INTO hmprojetos.link_externo values (89,'IPTU 13685','http://www2.cachoeiro.es.gov.br:8080/ZimWeb/servlet/ZII?connection=producao&program=pwci001&vudTipoDocum=9&vudNoDocum=13685&vexercicio=2019',219088);
INSERT INTO hmprojetos.link_externo values (90,'CND 13685','http://www2.cachoeiro.es.gov.br:8080/ZimWeb/servlet/ZII?vudTipoDocum=3&vudNoDocum=13685&debug=true&connection=producao&program=pwud001&template=%28vudTipoDocum%2CvudNoDocum%2CvudFinalidade%29&B1=Pesquisar',219088);
INSERT INTO hmprojetos.codigo_prefeitura values (18,'12439','1999',219088);
INSERT INTO hmprojetos.servico values (219087,'ASS','ASS 2019.087','Construção Residencial - 2° Pavimento','500','','Rua Hugo Zago,  74 ','Alto Monte Cristo','Cachoeiro de Itapemirim','ES','29312529','2019-09-23',null,null,10004);
INSERT INTO hmprojetos.link_externo values (91,'IPTU 29968','http://www2.cachoeiro.es.gov.br:8080/ZimWeb/servlet/ZII?connection=producao&program=pwci001&vudTipoDocum=9&vudNoDocum=29968&vexercicio=2019',219087);
INSERT INTO hmprojetos.link_externo values (92,'CND 29968','http://www2.cachoeiro.es.gov.br:8080/ZimWeb/servlet/ZII?vudTipoDocum=3&vudNoDocum=29968&debug=true&connection=producao&program=pwud001&template=%28vudTipoDocum%2CvudNoDocum%2CvudFinalidade%29&B1=Pesquisar',219087);
INSERT INTO hmprojetos.codigo_prefeitura values (19,'46477','2019',219087);
INSERT INTO hmprojetos.servico values (219086,'ASS','ASS 2019.086','Alvará de Regularização','700','2x','Rua Mariano Bueno, 18','Amaral','Cachoeiro de Itapemirim','ES','29305140','2019-09-19',null,null,19038);
INSERT INTO hmprojetos.link_externo values (93,'IPTU 65862 ','http://www2.cachoeiro.es.gov.br:8080/ZimWeb/servlet/ZII?connection=producao&program=pwci001&vudTipoDocum=9&vudNoDocum=65862 &vexercicio=2019',219086);
INSERT INTO hmprojetos.link_externo values (94,'CND 65862 ','http://www2.cachoeiro.es.gov.br:8080/ZimWeb/servlet/ZII?vudTipoDocum=3&vudNoDocum=65862 &debug=true&connection=producao&program=pwud001&template=%28vudTipoDocum%2CvudNoDocum%2CvudFinalidade%29&B1=Pesquisar',219086);
INSERT INTO hmprojetos.link_externo values (95,'IPTU  18007','http://www2.cachoeiro.es.gov.br:8080/ZimWeb/servlet/ZII?connection=producao&program=pwci001&vudTipoDocum=9&vudNoDocum= 18007&vexercicio=2019',219086);
INSERT INTO hmprojetos.link_externo values (96,'CND  18007','http://www2.cachoeiro.es.gov.br:8080/ZimWeb/servlet/ZII?vudTipoDocum=3&vudNoDocum= 18007&debug=true&connection=producao&program=pwud001&template=%28vudTipoDocum%2CvudNoDocum%2CvudFinalidade%29&B1=Pesquisar',219086);
INSERT INTO hmprojetos.codigo_prefeitura values (20,'39800','2019',219086);
INSERT INTO hmprojetos.servico values (219085,'ASS','ASS 2019.085','Retificação de Área - Prefeitura','500','2x','Avenida Dr. Aristídes Campos, 583 ( Lote 21 Quadra 36 )','Gilberto Machado','Cachoeiro de Itapemirim','ES','29303377','2019-09-12',null,null,18089);
INSERT INTO hmprojetos.servico values (19043,'PAQ','PAQ 2019.043','Regularização Residencial - 2° Pavimento','700','2x','Rua Antonio Cardoso Coelho, nº 185 a 187','Monte Cristo','Cachoeiro de Itapemirim','Espírito Santo','29312107','2019-09-16','2019-12-16',null,15409);
INSERT INTO hmprojetos.link_externo values (97,'IPTU 29145','http://www2.cachoeiro.es.gov.br:8080/ZimWeb/servlet/ZII?connection=producao&program=pwci001&vudTipoDocum=9&vudNoDocum=29145&vexercicio=2019',19043);
INSERT INTO hmprojetos.link_externo values (98,'CND 29145','http://www2.cachoeiro.es.gov.br:8080/ZimWeb/servlet/ZII?vudTipoDocum=3&vudNoDocum=29145&debug=true&connection=producao&program=pwud001&template=%28vudTipoDocum%2CvudNoDocum%2CvudFinalidade%29&B1=Pesquisar',19043);
INSERT INTO hmprojetos.servico values (219084,'ASS','ASS 2019.084','Alvará de Reforma e Ampliação','800','2x','Rua Octavio Guimarães, 46','Amarelo','Cachoeiro de Itapemirim','ES','29304620','2019-09-14',null,null,19062);
INSERT INTO hmprojetos.link_externo values (99,'IPTU 23620','http://www2.cachoeiro.es.gov.br:8080/ZimWeb/servlet/ZII?connection=producao&program=pwci001&vudTipoDocum=9&vudNoDocum=23620&vexercicio=2019',219084);
INSERT INTO hmprojetos.link_externo values (100,'CND 23620','http://www2.cachoeiro.es.gov.br:8080/ZimWeb/servlet/ZII?vudTipoDocum=3&vudNoDocum=23620&debug=true&connection=producao&program=pwud001&template=%28vudTipoDocum%2CvudNoDocum%2CvudFinalidade%29&B1=Pesquisar',219084);
INSERT INTO hmprojetos.codigo_prefeitura values (21,'24653','2004',219084);
INSERT INTO hmprojetos.servico values (19042,'PAQ','PAQ 2019.042','Regularização Religiosa','4000','10x','AV. Francisco Cabral da Fonseca, n°58','Coramara','Cachoeiro de Itapemirim','ES','29313371','2019-09-11',null,null,19061);
INSERT INTO hmprojetos.servico values (119034,'PRS','PRS 2019.034','Planta de Situação','','',' Rodovia do Mármore km 01','Distrito de Itaóca','Cachoeiro de Itapemirim','ES','','2019-09-10','2019-09-16',null,19060);
INSERT INTO hmprojetos.servico values (219083,'ASS','ASS 2019.083','Alvará de Regularização','500','2x','Rua Anacleto Ramos, 159','Ferroviários','Cachoeiro de Itapemirim','ES','29308055','2019-06-13',null,null,19059);
INSERT INTO hmprojetos.link_externo values (101,'IPTU 36199','http://www2.cachoeiro.es.gov.br:8080/ZimWeb/servlet/ZII?connection=producao&program=pwci001&vudTipoDocum=9&vudNoDocum=36199&vexercicio=2019',219083);
INSERT INTO hmprojetos.link_externo values (102,'CND 36199','http://www2.cachoeiro.es.gov.br:8080/ZimWeb/servlet/ZII?vudTipoDocum=3&vudNoDocum=36199&debug=true&connection=producao&program=pwud001&template=%28vudTipoDocum%2CvudNoDocum%2CvudFinalidade%29&B1=Pesquisar',219083);
INSERT INTO hmprojetos.servico values (219082,'ASS','ASS 2019.082','Pagamento de IPTU','','','Rua: Brahim Depes, n° 170','Centro','Marataízes','ES','','2019-09-09','2020-01-03',null,15595);
INSERT INTO hmprojetos.servico values (119033,'PRS','PRS 2019.033','Desmembramento de Área','400','2x','Rodovia do contorno','Centro','Atílio Vivacqua','ES','','2019-09-12',null,null,19058);
INSERT INTO hmprojetos.servico values (219081,'ASS','ASS 2019.081','Recibo de Permuta','155','','R: Oswaldo Bonandi, 07','São Geraldo','Cachoeiro de Itapemirim','ES','','2019-09-06','2019-09-12',null,15618);
INSERT INTO hmprojetos.servico values (219080,'ASS','ASS 2019.080','Certidão Detalhada e Habite-se','600','2x','Rua João Natali - N° 08','Gilson Carone','Cachoeiro de Itapemirim','ES','29310513','2019-09-06',null,null,18049);
INSERT INTO hmprojetos.link_externo values (103,'IPTU 52689','http://www2.cachoeiro.es.gov.br:8080/ZimWeb/servlet/ZII?connection=producao&program=pwci001&vudTipoDocum=9&vudNoDocum=52689&vexercicio=2019',219080);
INSERT INTO hmprojetos.link_externo values (104,'CND 52689','http://www2.cachoeiro.es.gov.br:8080/ZimWeb/servlet/ZII?vudTipoDocum=3&vudNoDocum=52689&debug=true&connection=producao&program=pwud001&template=%28vudTipoDocum%2CvudNoDocum%2CvudFinalidade%29&B1=Pesquisar',219080);
INSERT INTO hmprojetos.codigo_prefeitura values (22,'34663','2019',219080);
INSERT INTO hmprojetos.codigo_prefeitura values (23,'34664','2019',219080);
INSERT INTO hmprojetos.servico values (219079,'ASS','ASS 2019.079','Acompanhamento Processo - Loteamento','400','2x','Alameda Profª Azenath de Moraes Coelho, 50','Rui Pinto Bandeira','Cachoeiro de Itapemirim','ES','29315817','2019-08-31',null,null,15421);
INSERT INTO hmprojetos.servico values (219078,'ASS','ASS 2019.078','Conferência - Croqui de Situação','200','','Rua Rio Novo','Iriri','Anchieta','ES','','2019-09-02','2019-10-21',null,19057);
INSERT INTO hmprojetos.servico values (19041,'PAQ','PAQ 2019.041','Construção Comercial','2775','3x','Rua Guido Carletti, 154','Teixeira Leite ','Cachoeiro de Itapemirim','ES','29315474','2019-09-02',null,null,17074);
INSERT INTO hmprojetos.link_externo values (105,'IPTU 69868 - 69869 - 69870','http://www2.cachoeiro.es.gov.br:8080/ZimWeb/servlet/ZII?connection=producao&program=pwci001&vudTipoDocum=9&vudNoDocum=69868 - 69869 - 69870&vexercicio=2019',19041);
INSERT INTO hmprojetos.link_externo values (106,'CND 69868 - 69869 - 69870','http://www2.cachoeiro.es.gov.br:8080/ZimWeb/servlet/ZII?vudTipoDocum=3&vudNoDocum=69868 - 69869 - 69870&debug=true&connection=producao&program=pwud001&template=%28vudTipoDocum%2CvudNoDocum%2CvudFinalidade%29&B1=Pesquisar',19041);
INSERT INTO hmprojetos.servico values (219077,'ASS','ASS 2019.077','Alvará de Construção',' ','2x','Avn. Dr. Ubaldo Caetano Gonçalves, nº 499','Nossa Senhora Aparecida','Cachoeiro de Itapemirim','ES','29306747','2019-08-30',null,null,19027);
INSERT INTO hmprojetos.link_externo values (107,'IPTU 78214','http://www2.cachoeiro.es.gov.br:8080/ZimWeb/servlet/ZII?connection=producao&program=pwci001&vudTipoDocum=9&vudNoDocum=78214&vexercicio=2019',219077);
INSERT INTO hmprojetos.link_externo values (108,'CND 78214','http://www2.cachoeiro.es.gov.br:8080/ZimWeb/servlet/ZII?vudTipoDocum=3&vudNoDocum=78214&debug=true&connection=producao&program=pwud001&template=%28vudTipoDocum%2CvudNoDocum%2CvudFinalidade%29&B1=Pesquisar',219077);
INSERT INTO hmprojetos.servico values (19040,'PAQ','PAQ 2019.040','Regularização Residencial','2000','4x','Praça José Lunz, nº 6','Vargem Grande de Soturno','Cachoeiro de Itapemirim','ES','29321000','2019-08-28',null,null,19056);
INSERT INTO hmprojetos.link_externo values (109,'IPTU 17.523 - 17.524 - 17.525 - 17.526','http://www2.cachoeiro.es.gov.br:8080/ZimWeb/servlet/ZII?connection=producao&program=pwci001&vudTipoDocum=9&vudNoDocum=17.523 - 17.524 - 17.525 - 17.526&vexercicio=2019',19040);
INSERT INTO hmprojetos.link_externo values (110,'CND 17.523 - 17.524 - 17.525 - 17.526','http://www2.cachoeiro.es.gov.br:8080/ZimWeb/servlet/ZII?vudTipoDocum=3&vudNoDocum=17.523 - 17.524 - 17.525 - 17.526&debug=true&connection=producao&program=pwud001&template=%28vudTipoDocum%2CvudNoDocum%2CvudFinalidade%29&B1=Pesquisar',19040);
INSERT INTO hmprojetos.servico values (219076,'ASS','ASS 2019.076','Certidão detalhada e Habite-se','500','2x','Av. Francisco Lacerda de Aguiar - N° 305/317','Amarelo','Cachoeiro de Itapemirim','ES','29304623','2019-08-28',null,null,18057);
INSERT INTO hmprojetos.link_externo values (111,'IPTU 24168 - 84901 - 84902 - 84903 - 84904 - 84905','http://www2.cachoeiro.es.gov.br:8080/ZimWeb/servlet/ZII?connection=producao&program=pwci001&vudTipoDocum=9&vudNoDocum=24168 - 84901 - 84902 - 84903 - 84904 - 84905&vexercicio=2019',219076);
INSERT INTO hmprojetos.link_externo values (112,'CND 24168 - 84901 - 84902 - 84903 - 84904 - 84905','http://www2.cachoeiro.es.gov.br:8080/ZimWeb/servlet/ZII?vudTipoDocum=3&vudNoDocum=24168 - 84901 - 84902 - 84903 - 84904 - 84905&debug=true&connection=producao&program=pwud001&template=%28vudTipoDocum%2CvudNoDocum%2CvudFinalidade%29&B1=Pesquisar',219076);
INSERT INTO hmprojetos.codigo_prefeitura values (24,'34187','2019',219076);
INSERT INTO hmprojetos.codigo_prefeitura values (25,'34188','2019',219076);
INSERT INTO hmprojetos.servico values (19039,'PAQ','PAQ 2019.039','Passar planta para AutoCad','','','Rua José Danche Vitório','Vila Rica','Cachoeiro de Itapemirim','ES','29301305','2019-08-28','2019-10-15',null,19055);
INSERT INTO hmprojetos.codigo_prefeitura values (26,'22866','2019',19039);
INSERT INTO hmprojetos.servico values (19038,'PAQ','PAQ 2019.038','Regularização Comercial','1500','3x','Avenida Monte Castelo, 167','Independência','Cachoeiro de Itapemirim','ES','29306500','2019-08-28',null,null,15297);
INSERT INTO hmprojetos.link_externo values (113,'IPTU 33061 - 39626','http://www2.cachoeiro.es.gov.br:8080/ZimWeb/servlet/ZII?connection=producao&program=pwci001&vudTipoDocum=9&vudNoDocum=33061 - 39626&vexercicio=2019',19038);
INSERT INTO hmprojetos.link_externo values (114,'CND 33061 - 39626','http://www2.cachoeiro.es.gov.br:8080/ZimWeb/servlet/ZII?vudTipoDocum=3&vudNoDocum=33061 - 39626&debug=true&connection=producao&program=pwud001&template=%28vudTipoDocum%2CvudNoDocum%2CvudFinalidade%29&B1=Pesquisar',19038);
INSERT INTO hmprojetos.servico values (219075,'ASS','ASS 2019.075','CNO - Receita Federal','300','','Rua Coronel Borges, 157','Coronel Borges','Cachoeiro de Itapemirim','ES','29306100','2019-08-29','2019-09-18',null,19054);
INSERT INTO hmprojetos.servico values (219074,'ASS','ASS 2019.074','Retificação de Área - Prefeitura','','','Rua Barão de Itapemirim','Centro','Cachoeiro de Itapemirim','ES','29300110','2019-08-16',null,null,19053);
INSERT INTO hmprojetos.servico values (219073,'ASS','ASS 2019.073','Certidão de Limites Municipais - IDAF/RGI','950','2x','Zona Rural - Destino - Cachoeira Alta','Distrito de Conduru','Cachoeiro de Itapemirim','ES','','2019-08-20',null,null,19052);
INSERT INTO hmprojetos.servico values (219072,'ASS','ASS 2019.072','Alvará de Substituição/Regularização','600','','Gelson Dias dos Santos, 170 ','Rui Pinto Bandeira','Cachoeiro de Itapemirim','ES','29315803','2019-08-20',null,null,15658);
INSERT INTO hmprojetos.link_externo values (115,'IPTU 55176 - 76638','http://www2.cachoeiro.es.gov.br:8080/ZimWeb/servlet/ZII?connection=producao&program=pwci001&vudTipoDocum=9&vudNoDocum=55176 - 76638&vexercicio=2019',219072);
INSERT INTO hmprojetos.link_externo values (116,'CND 55176 - 76638','http://www2.cachoeiro.es.gov.br:8080/ZimWeb/servlet/ZII?vudTipoDocum=3&vudNoDocum=55176 - 76638&debug=true&connection=producao&program=pwud001&template=%28vudTipoDocum%2CvudNoDocum%2CvudFinalidade%29&B1=Pesquisar',219072);
INSERT INTO hmprojetos.codigo_prefeitura values (27,'36556','2019',219072);
INSERT INTO hmprojetos.servico values (19037,'PAQ','PAQ 2019.037','Reforma Residencial','1400','4x','Rua Manoel de Oliveira, 45','Alto Independência','Cachoeiro de Itapemirim','ES','29307353','2019-08-24',null,null,19051);
INSERT INTO hmprojetos.link_externo values (117,'IPTU 58227','http://www2.cachoeiro.es.gov.br:8080/ZimWeb/servlet/ZII?connection=producao&program=pwci001&vudTipoDocum=9&vudNoDocum=58227&vexercicio=2019',19037);
INSERT INTO hmprojetos.link_externo values (118,'CND 58227','http://www2.cachoeiro.es.gov.br:8080/ZimWeb/servlet/ZII?vudTipoDocum=3&vudNoDocum=58227&debug=true&connection=producao&program=pwud001&template=%28vudTipoDocum%2CvudNoDocum%2CvudFinalidade%29&B1=Pesquisar',19037);
INSERT INTO hmprojetos.servico values (219071,'ASS','ASS 2019.071','Alvará de Regularização','800','2x','Rua Newton Garcia de Mattos, 12','Independência','Cachoeiro de Itapemirim','ES','29306365','2019-08-17',null,null,19050);
INSERT INTO hmprojetos.link_externo values (119,'IPTU 20267','http://www2.cachoeiro.es.gov.br:8080/ZimWeb/servlet/ZII?connection=producao&program=pwci001&vudTipoDocum=9&vudNoDocum=20267&vexercicio=2019',219071);
INSERT INTO hmprojetos.link_externo values (120,'CND 20267','http://www2.cachoeiro.es.gov.br:8080/ZimWeb/servlet/ZII?vudTipoDocum=3&vudNoDocum=20267&debug=true&connection=producao&program=pwud001&template=%28vudTipoDocum%2CvudNoDocum%2CvudFinalidade%29&B1=Pesquisar',219071);
INSERT INTO hmprojetos.codigo_prefeitura values (28,'38350','2019',219071);
INSERT INTO hmprojetos.servico values (19036,'PAQ','PAQ 2019.036','Regularização Residencial','2000','4x','Rua Newton Garcia de Mattos, 12','Independência','Cachoeiro de Itapemirim','ES','29306365','2019-08-17','2019-09-23',null,19050);
INSERT INTO hmprojetos.link_externo values (121,'IPTU 20267','http://www2.cachoeiro.es.gov.br:8080/ZimWeb/servlet/ZII?connection=producao&program=pwci001&vudTipoDocum=9&vudNoDocum=20267&vexercicio=2019',19036);
INSERT INTO hmprojetos.link_externo values (122,'CND 20267','http://www2.cachoeiro.es.gov.br:8080/ZimWeb/servlet/ZII?vudTipoDocum=3&vudNoDocum=20267&debug=true&connection=producao&program=pwud001&template=%28vudTipoDocum%2CvudNoDocum%2CvudFinalidade%29&B1=Pesquisar',19036);
INSERT INTO hmprojetos.servico values (219070,'ASS','ASS 2019.070','Retificação de Área - Cartório','700','2X','Ruas Alípio Emílio da Costa, 50','Paraiso','Cachoeiro de Itapemirim','ES','29304030','2019-08-20',null,null,15459);
INSERT INTO hmprojetos.link_externo values (123,'IPTU 25984','http://www2.cachoeiro.es.gov.br:8080/ZimWeb/servlet/ZII?connection=producao&program=pwci001&vudTipoDocum=9&vudNoDocum=25984&vexercicio=2019',219070);
INSERT INTO hmprojetos.link_externo values (124,'CND 25984','http://www2.cachoeiro.es.gov.br:8080/ZimWeb/servlet/ZII?vudTipoDocum=3&vudNoDocum=25984&debug=true&connection=producao&program=pwud001&template=%28vudTipoDocum%2CvudNoDocum%2CvudFinalidade%29&B1=Pesquisar',219070);
INSERT INTO hmprojetos.servico values (219069,'ASS','ASS 2019.069','Alvará de Construção','800','2x','Rua José Rosa Machado, n 194','Nossa Senhora de Fátima','Cachoeiro de Itapemirim','ES','29308610','2019-08-20',null,null,19034);
INSERT INTO hmprojetos.link_externo values (125,'IPTU 733','http://www2.cachoeiro.es.gov.br:8080/ZimWeb/servlet/ZII?connection=producao&program=pwci001&vudTipoDocum=9&vudNoDocum=733&vexercicio=2019',219069);
INSERT INTO hmprojetos.link_externo values (126,'CND 733','http://www2.cachoeiro.es.gov.br:8080/ZimWeb/servlet/ZII?vudTipoDocum=3&vudNoDocum=733&debug=true&connection=producao&program=pwud001&template=%28vudTipoDocum%2CvudNoDocum%2CvudFinalidade%29&B1=Pesquisar',219069);
INSERT INTO hmprojetos.codigo_prefeitura values (29,'36558','2019',219069);
INSERT INTO hmprojetos.servico values (119032,'PRS','PRS 2019.032','Planta para Usucapião','500','2x',' Rua: José Calegário s/n','Aeroporto','Cachoeiro de Itapemirim','ES','29314185','2019-08-10',null,null,15202);
INSERT INTO hmprojetos.servico values (119031,'PRS','PRS 2019.031','Planta para Usucapião','500','2x','Rua Henrique Thompson','Aeroporto','Cachoeiro de Itapemirim','ES','29314155','2019-08-10',null,null,19049);
INSERT INTO hmprojetos.servico values (119030,'PRS','PRS 2019.030','Planta para Usucapião','500','2x','Rua Luzia Pecine Silvrio, 12','Rui Pinto Bandeira','Cachoeiro de Itapemirim','ES','','2019-08-10',null,null,15184);
INSERT INTO hmprojetos.servico values (219068,'ASS','ASS 2019.068','Retificação de Área - Cartório','150','','Rua Antônio Cardoso Coelho, 24','Jardim Itapemirim','Cachoeiro de Itapemirim','ES','29315750','2019-08-15','2019-12-19',null,18027);
INSERT INTO hmprojetos.link_externo values (127,'IPTU 56632','http://www2.cachoeiro.es.gov.br:8080/ZimWeb/servlet/ZII?connection=producao&program=pwci001&vudTipoDocum=9&vudNoDocum=56632&vexercicio=2019',219068);
INSERT INTO hmprojetos.link_externo values (128,'CND 56632','http://www2.cachoeiro.es.gov.br:8080/ZimWeb/servlet/ZII?vudTipoDocum=3&vudNoDocum=56632&debug=true&connection=producao&program=pwud001&template=%28vudTipoDocum%2CvudNoDocum%2CvudFinalidade%29&B1=Pesquisar',219068);
INSERT INTO hmprojetos.servico values (219067,'ASS','ASS 2019.067','Termo de Referência','300','2x','Rodovia Eng. Fabiano Vivacqua, 735 - BR 482','Marbrasa','Cachoeiro de Itapemirim','ES','29313656','2019-08-05',null,null,19026);
INSERT INTO hmprojetos.link_externo values (129,'IPTU 92979','http://www2.cachoeiro.es.gov.br:8080/ZimWeb/servlet/ZII?connection=producao&program=pwci001&vudTipoDocum=9&vudNoDocum=92979&vexercicio=2019',219067);
INSERT INTO hmprojetos.link_externo values (130,'CND 92979','http://www2.cachoeiro.es.gov.br:8080/ZimWeb/servlet/ZII?vudTipoDocum=3&vudNoDocum=92979&debug=true&connection=producao&program=pwud001&template=%28vudTipoDocum%2CvudNoDocum%2CvudFinalidade%29&B1=Pesquisar',219067);
INSERT INTO hmprojetos.codigo_prefeitura values (30,'1826','2018',219067);
INSERT INTO hmprojetos.servico values (119029,'PRS','PRS 2019.029','Planta para Usucapião','500','2x','Rua Pedro Calegário','Aeroporto','Cachoeiro de Itapemirim','ES','29314185',null,null,null,07001);
INSERT INTO hmprojetos.servico values (119028,'PRS','PRS 2019.028','Planta para Usucapião','500','2x','Rua Ayde Silverio, 104','Boa Vista','Cachoeiro de Itapemirim','ES','29315814','2019-08-12','2019-11-13',null,05004);
INSERT INTO hmprojetos.link_externo values (131,'IPTU 67969','http://www2.cachoeiro.es.gov.br:8080/ZimWeb/servlet/ZII?connection=producao&program=pwci001&vudTipoDocum=9&vudNoDocum=67969&vexercicio=2019',119028);
INSERT INTO hmprojetos.link_externo values (132,'CND 67969','http://www2.cachoeiro.es.gov.br:8080/ZimWeb/servlet/ZII?vudTipoDocum=3&vudNoDocum=67969&debug=true&connection=producao&program=pwud001&template=%28vudTipoDocum%2CvudNoDocum%2CvudFinalidade%29&B1=Pesquisar',119028);
INSERT INTO hmprojetos.servico values (219066,'ASS','ASS 2019.066','Retificação de Área - Prefeitura ( L43 Q36)','200','2x','Rua José de Souza Fernandes ','Gilberto Machado','Cachoeiro de Itapemirim','ES','','2019-08-12',null,null,16084);
INSERT INTO hmprojetos.servico values (219065,'ASS','ASS 2019.065','Retificação de Área - Prefeitura (L15 Q35)','200','2x','Rua Agostinho Madureira','Gilberto Machado','Cachoeiro de Itapemirim','ES','','2019-08-12',null,null,16084);
INSERT INTO hmprojetos.servico values (219064,'ASS','ASS 2019.064','Alvará de Regularização','800','2x','Rua Raul Luiz de Souza, 16','Monte Cristo','Cachoeiro de Itapemirim','ES','29312095','2019-08-10',null,null,15298);
INSERT INTO hmprojetos.link_externo values (133,'IPTU 50461 - 63890 - 63891','http://www2.cachoeiro.es.gov.br:8080/ZimWeb/servlet/ZII?connection=producao&program=pwci001&vudTipoDocum=9&vudNoDocum=50461 - 63890 - 63891&vexercicio=2019',219064);
INSERT INTO hmprojetos.link_externo values (134,'CND 50461 - 63890 - 63891','http://www2.cachoeiro.es.gov.br:8080/ZimWeb/servlet/ZII?vudTipoDocum=3&vudNoDocum=50461 - 63890 - 63891&debug=true&connection=producao&program=pwud001&template=%28vudTipoDocum%2CvudNoDocum%2CvudFinalidade%29&B1=Pesquisar',219064);
INSERT INTO hmprojetos.codigo_prefeitura values (31,'34850','2019',219064);
INSERT INTO hmprojetos.servico values (19035,'PAQ','PAQ 2019.035','Croqui Arquitetônico','200','','Rod. Safra x Cachoeiro - KM 482, s/nº','Tijuca','Cachoeiro de Itapemirim','ES','','2019-08-08','2019-08-26',null,15042);
INSERT INTO hmprojetos.servico values (19034,'PAQ','PAQ 2019.034','Substituição de Projeto','1550','1x','Rua Lairce Torres de Jesus n°14','Marbrasa','Cachoeiro de Itapemirim','ES','29313679','2019-08-08',null,null,19048);
INSERT INTO hmprojetos.link_externo values (135,'IPTU 63939','http://www2.cachoeiro.es.gov.br:8080/ZimWeb/servlet/ZII?connection=producao&program=pwci001&vudTipoDocum=9&vudNoDocum=63939&vexercicio=2019',19034);
INSERT INTO hmprojetos.link_externo values (136,'CND 63939','http://www2.cachoeiro.es.gov.br:8080/ZimWeb/servlet/ZII?vudTipoDocum=3&vudNoDocum=63939&debug=true&connection=producao&program=pwud001&template=%28vudTipoDocum%2CvudNoDocum%2CvudFinalidade%29&B1=Pesquisar',19034);
INSERT INTO hmprojetos.servico values (19033,'PAQ','PAQ 2019.033','Regularização Residencial 3° Pavimento','1800','','Rua Haroldo Pastro, 107','Basiléia','Cachoeiro de Itapemirim','ES','29302806','2019-08-07','2019-08-20',null,19032);
INSERT INTO hmprojetos.link_externo values (137,'IPTU 12372','http://www2.cachoeiro.es.gov.br:8080/ZimWeb/servlet/ZII?connection=producao&program=pwci001&vudTipoDocum=9&vudNoDocum=12372&vexercicio=2019',19033);
INSERT INTO hmprojetos.link_externo values (138,'CND 12372','http://www2.cachoeiro.es.gov.br:8080/ZimWeb/servlet/ZII?vudTipoDocum=3&vudNoDocum=12372&debug=true&connection=producao&program=pwud001&template=%28vudTipoDocum%2CvudNoDocum%2CvudFinalidade%29&B1=Pesquisar',19033);
INSERT INTO hmprojetos.codigo_prefeitura values (32,'30616','2019',19033);
INSERT INTO hmprojetos.servico values (119027,'PRS','PRS 2019.027','Planta para Usucapião','700','2x','Rua Domingos Lourencini Oliveira - N° 17/19','Parque das Laranjeiras ','Cachoeiro de Itapemirim','ES','29317060','2019-07-30',null,null,19047);
INSERT INTO hmprojetos.servico values (119026,'PRS','PRS 2019.026','Croqui de Situação','900','2x','Rodovia Rocardo Barbieri - S/N°','Boa Vista','Cachoeiro de Itapemirim','ES','29315442','2019-07-27','2019-08-28',null,10005);
INSERT INTO hmprojetos.servico values (19032,'PAQ','PAQ 2019.032','Reforma Religiosa','','','Rua Projetada - S/N°','Distrito de Córrego dos Monos ','Cachoeiro de Itapemirim','ES','','2019-08-03',null,null,19046);
INSERT INTO hmprojetos.servico values (19031,'PAQ','PAQ 2019.031','Ampliação Religiosa','2000','4x','Rua São Sebastião - S/N°','Aeroporto ','Cachoeiro de Itapemirim','ES','29314110','2019-08-03',null,null,19035);
INSERT INTO hmprojetos.servico values (219063,'ASS','ASS 2019.063','Acompanhamento de Processo','300','','Rua Fotógrafo Guilherme, 153','Coramara','Cachoeiro de Itapemirim','ES','29313357','2019-08-02',null,null,19033);
INSERT INTO hmprojetos.codigo_prefeitura values (33,'21344','2012',219063);
INSERT INTO hmprojetos.servico values (219062,'ASS','ASS 2019.062','CND de Edificação - Receita Federal','300','2x','Rua Lauro Lima, nº 169 a 171','Amaral','Cachoeiro de Itapemirim','ES','29305120','2019-08-01',null,null,15427);
INSERT INTO hmprojetos.servico values (219061,'ASS','ASS 2019.061','Alvará de Regularização - Certidão Detalhada - Habite-se','800','2x','Rua Márcio Vítor Moura Souza - N° 14','Doutor Gilberto Machado','Cachoeiro de Itapemirim','ES','29303217','2019-08-01',null,null,17061);
INSERT INTO hmprojetos.link_externo values (139,'IPTU 90354 ','http://www2.cachoeiro.es.gov.br:8080/ZimWeb/servlet/ZII?connection=producao&program=pwci001&vudTipoDocum=9&vudNoDocum=90354 &vexercicio=2019',219061);
INSERT INTO hmprojetos.link_externo values (140,'CND 90354 ','http://www2.cachoeiro.es.gov.br:8080/ZimWeb/servlet/ZII?vudTipoDocum=3&vudNoDocum=90354 &debug=true&connection=producao&program=pwud001&template=%28vudTipoDocum%2CvudNoDocum%2CvudFinalidade%29&B1=Pesquisar',219061);
INSERT INTO hmprojetos.link_externo values (141,'IPTU  59397','http://www2.cachoeiro.es.gov.br:8080/ZimWeb/servlet/ZII?connection=producao&program=pwci001&vudTipoDocum=9&vudNoDocum= 59397&vexercicio=2019',219061);
INSERT INTO hmprojetos.link_externo values (142,'CND  59397','http://www2.cachoeiro.es.gov.br:8080/ZimWeb/servlet/ZII?vudTipoDocum=3&vudNoDocum= 59397&debug=true&connection=producao&program=pwud001&template=%28vudTipoDocum%2CvudNoDocum%2CvudFinalidade%29&B1=Pesquisar',219061);
INSERT INTO hmprojetos.servico values (219060,'ASS','ASS 2019.060','Averbação de Inventário','300','','Avenida Monte Castelo - N° 167','Independência','Cachoeiro de Itapemirim','ES','29306500','2019-07-29',null,null,15297);
INSERT INTO hmprojetos.servico values (219059,'ASS','ASS 2019.059','Alvará de Regularização Comercial','800','2x','Avenida Monte Castelo, 167','Independência','Cachoeiro de Itapemirim','ES','29306500','2019-07-29',null,null,15297);
INSERT INTO hmprojetos.servico values (119025,'PRS','PRS 2019.025','Retificação de Área','900','2x','Rua Alfredo Martins Amaral, 155','Bela Vista','Cachoeiro de Itapemirim','ES','29316012','2019-05-12',null,null,19045);
INSERT INTO hmprojetos.link_externo values (143,'IPTU 46043','http://www2.cachoeiro.es.gov.br:8080/ZimWeb/servlet/ZII?connection=producao&program=pwci001&vudTipoDocum=9&vudNoDocum=46043&vexercicio=2019',119025);
INSERT INTO hmprojetos.link_externo values (144,'CND 46043','http://www2.cachoeiro.es.gov.br:8080/ZimWeb/servlet/ZII?vudTipoDocum=3&vudNoDocum=46043&debug=true&connection=producao&program=pwud001&template=%28vudTipoDocum%2CvudNoDocum%2CvudFinalidade%29&B1=Pesquisar',119025);
INSERT INTO hmprojetos.servico values (219058,'ASS','ASS 2019.058','CND - Receita Federal','400','','Rua Teotônio Souto Machado, n° 129','Ibitiquara','Cachoeiro de Itapemirim','ES','29307200','2019-07-29',null,null,19044);
INSERT INTO hmprojetos.link_externo values (145,'IPTU 76607','http://www2.cachoeiro.es.gov.br:8080/ZimWeb/servlet/ZII?connection=producao&program=pwci001&vudTipoDocum=9&vudNoDocum=76607&vexercicio=2019',219058);
INSERT INTO hmprojetos.link_externo values (146,'CND 76607','http://www2.cachoeiro.es.gov.br:8080/ZimWeb/servlet/ZII?vudTipoDocum=3&vudNoDocum=76607&debug=true&connection=producao&program=pwud001&template=%28vudTipoDocum%2CvudNoDocum%2CvudFinalidade%29&B1=Pesquisar',219058);
INSERT INTO hmprojetos.servico values (19030,'PAQ','PAQ 2019.030','Construção Residencial','2100','4x','Rua Oswaldo Cruz, Nº 85','Paraíso','Cachoeiro de Itapemirim','ES','29304040','2019-07-19',null,null,19043);
INSERT INTO hmprojetos.link_externo values (147,'IPTU 49966 - 49967','http://www2.cachoeiro.es.gov.br:8080/ZimWeb/servlet/ZII?connection=producao&program=pwci001&vudTipoDocum=9&vudNoDocum=49966 - 49967&vexercicio=2019',19030);
INSERT INTO hmprojetos.link_externo values (148,'CND 49966 - 49967','http://www2.cachoeiro.es.gov.br:8080/ZimWeb/servlet/ZII?vudTipoDocum=3&vudNoDocum=49966 - 49967&debug=true&connection=producao&program=pwud001&template=%28vudTipoDocum%2CvudNoDocum%2CvudFinalidade%29&B1=Pesquisar',19030);
INSERT INTO hmprojetos.servico values (19029,'PAQ','PAQ 2019.029','','','','','','','','',null,null,null,15006);
INSERT INTO hmprojetos.servico values (219057,'ASS','ASS 2019.057','Alvará de Regularização','500','2x','Rua Siqueira Campos, 15','Ibitiquara','Cachoeiro de Itapemirim','ES','29307320','2019-07-19',null,null,19008);
INSERT INTO hmprojetos.link_externo values (149,'IPTU 42399 - 34906 - 34907','http://www2.cachoeiro.es.gov.br:8080/ZimWeb/servlet/ZII?connection=producao&program=pwci001&vudTipoDocum=9&vudNoDocum=42399 - 34906 - 34907&vexercicio=2019',219057);
INSERT INTO hmprojetos.link_externo values (150,'CND 42399 - 34906 - 34907','http://www2.cachoeiro.es.gov.br:8080/ZimWeb/servlet/ZII?vudTipoDocum=3&vudNoDocum=42399 - 34906 - 34907&debug=true&connection=producao&program=pwud001&template=%28vudTipoDocum%2CvudNoDocum%2CvudFinalidade%29&B1=Pesquisar',219057);
INSERT INTO hmprojetos.codigo_prefeitura values (34,'34854','2019',219057);
INSERT INTO hmprojetos.servico values (219056,'ASS','ASS 2019.056','Retificação de Área - Cartório','500','','Rua Elidio Piassi - N° 28','Vila Rica','Cachoeiro de Itapemirim','ES','29301210','2019-07-18','2019-10-10',null,18001);
INSERT INTO hmprojetos.link_externo values (151,'IPTU 9906','http://www2.cachoeiro.es.gov.br:8080/ZimWeb/servlet/ZII?connection=producao&program=pwci001&vudTipoDocum=9&vudNoDocum=9906&vexercicio=2019',219056);
INSERT INTO hmprojetos.link_externo values (152,'CND 9906','http://www2.cachoeiro.es.gov.br:8080/ZimWeb/servlet/ZII?vudTipoDocum=3&vudNoDocum=9906&debug=true&connection=producao&program=pwud001&template=%28vudTipoDocum%2CvudNoDocum%2CvudFinalidade%29&B1=Pesquisar',219056);
INSERT INTO hmprojetos.servico values (219055,'ASS','ASS 2019.055','Retificação de Área - Cartório ','800','2x','Rua Moreira - N° 370 / 376','Coronel Borges','Cachoeiro de Itapemirim','ES','29306014','2019-07-19',null,null,16035);
INSERT INTO hmprojetos.link_externo values (153,'IPTU 33227','http://www2.cachoeiro.es.gov.br:8080/ZimWeb/servlet/ZII?connection=producao&program=pwci001&vudTipoDocum=9&vudNoDocum=33227&vexercicio=2019',219055);
INSERT INTO hmprojetos.link_externo values (154,'CND 33227','http://www2.cachoeiro.es.gov.br:8080/ZimWeb/servlet/ZII?vudTipoDocum=3&vudNoDocum=33227&debug=true&connection=producao&program=pwud001&template=%28vudTipoDocum%2CvudNoDocum%2CvudFinalidade%29&B1=Pesquisar',219055);
INSERT INTO hmprojetos.servico values (09068,'PAQ','PAQ 2009.068','Construção Religiosa','','','Rua Hilda Lopes Barbieri','Jardim América','Cachoeiro de Itapemirim','ES','','2009-09-11','2009-11-10',null,09001);
INSERT INTO hmprojetos.servico values (19028,'PAQ','PAQ 2019.028','Reforma Banheiros - Infantil','500','','Avenida Monte Castelo, 9','Independência','Cachoeiro de Itapemirim','ES','29306500','2019-07-12','2019-08-07',null,18055);
INSERT INTO hmprojetos.servico values (219054,'ASS','ASS 2019.054','Renovação de Alvará','300','2X','Rua José Turini - N° 68','Recanto','Cachoeiro de Itapemirim','ES','29303025','2019-07-12','2019-09-03',null,15065);
INSERT INTO hmprojetos.link_externo values (155,'IPTU 11545','http://www2.cachoeiro.es.gov.br:8080/ZimWeb/servlet/ZII?connection=producao&program=pwci001&vudTipoDocum=9&vudNoDocum=11545&vexercicio=2019',219054);
INSERT INTO hmprojetos.link_externo values (156,'CND 11545','http://www2.cachoeiro.es.gov.br:8080/ZimWeb/servlet/ZII?vudTipoDocum=3&vudNoDocum=11545&debug=true&connection=producao&program=pwud001&template=%28vudTipoDocum%2CvudNoDocum%2CvudFinalidade%29&B1=Pesquisar',219054);
INSERT INTO hmprojetos.codigo_prefeitura values (35,'25720','2019',219054);
INSERT INTO hmprojetos.servico values (19027,'PAQ','PAQ 2019.027','Construção Comercial','2750','','Rua Lucínia Braga Machado - N° 08','Ferroviários','Cachoeiro de Itapemirim','Espirito Santo','29308017','2019-07-11',null,null,19037);
INSERT INTO hmprojetos.servico values (219053,'ASS','ASS 2019.053','Alvará de Regularização','700','2x','Rua das Orquídeas - N° 25','Paraíso','Cachoeiro de Itapemirim','ES','29304023','2019-07-11',null,null,15712);
INSERT INTO hmprojetos.link_externo values (157,'IPTU 23566','http://www2.cachoeiro.es.gov.br:8080/ZimWeb/servlet/ZII?connection=producao&program=pwci001&vudTipoDocum=9&vudNoDocum=23566&vexercicio=2019',219053);
INSERT INTO hmprojetos.link_externo values (158,'CND 23566','http://www2.cachoeiro.es.gov.br:8080/ZimWeb/servlet/ZII?vudTipoDocum=3&vudNoDocum=23566&debug=true&connection=producao&program=pwud001&template=%28vudTipoDocum%2CvudNoDocum%2CvudFinalidade%29&B1=Pesquisar',219053);
INSERT INTO hmprojetos.codigo_prefeitura values (36,'36555','2019',219053);
INSERT INTO hmprojetos.servico values (219052,'ASS','ASS 2019.052','Retificação de Área - Cartório (L18Q25)','','','Rua João Penha - N° 24','Gilberto Machado','Cachoeiro de Itapemirim','ES','','2019-07-11',null,null,16070);
INSERT INTO hmprojetos.link_externo values (159,'IPTU 90506','http://www2.cachoeiro.es.gov.br:8080/ZimWeb/servlet/ZII?connection=producao&program=pwci001&vudTipoDocum=9&vudNoDocum=90506&vexercicio=2019',219052);
INSERT INTO hmprojetos.link_externo values (160,'CND 90506','http://www2.cachoeiro.es.gov.br:8080/ZimWeb/servlet/ZII?vudTipoDocum=3&vudNoDocum=90506&debug=true&connection=producao&program=pwud001&template=%28vudTipoDocum%2CvudNoDocum%2CvudFinalidade%29&B1=Pesquisar',219052);
INSERT INTO hmprojetos.servico values (219051,'ASS','ASS 2019.051','Acompanhamento de Processo','','','Escadaria Ademilson Rodrigues, 01','Recanto','Cachoeiro de Itapemirim','ES','29303009','2019-06-25',null,null,19042);
INSERT INTO hmprojetos.servico values (219050,'ASS','ASS 2019.050','Fração Ideal - Revisão','','','Rua 25 de março -  n° 109','Centro','Cachoeiro de Itapemirim','Espirito Santo','29300100','2019-06-20',null,null,15064);
INSERT INTO hmprojetos.link_externo values (161,'IPTU 22441','http://www2.cachoeiro.es.gov.br:8080/ZimWeb/servlet/ZII?connection=producao&program=pwci001&vudTipoDocum=9&vudNoDocum=22441&vexercicio=2019',219050);
INSERT INTO hmprojetos.link_externo values (162,'CND 22441','http://www2.cachoeiro.es.gov.br:8080/ZimWeb/servlet/ZII?vudTipoDocum=3&vudNoDocum=22441&debug=true&connection=producao&program=pwud001&template=%28vudTipoDocum%2CvudNoDocum%2CvudFinalidade%29&B1=Pesquisar',219050);
INSERT INTO hmprojetos.servico values (19026,'PAQ','PAQ 2019.026','Construção Residencial','','','Rua Ilda Cardoso da Silva (Rua 01 - Lote 22 - Quadra B)','Paraíso','0','ES','29304345','2019-07-03',null,null,19041);
INSERT INTO hmprojetos.servico values (219049,'ASS','ASS 2019.049','Retificação de Área - Prefeitura ( L 42 Q 20 )','500','2x','Rua Walter de Oliveira, 141','Gilberto Machado','Cachoeiro de Itapemirim','ES','29303292','2019-07-01',null,null,19040);
INSERT INTO hmprojetos.link_externo values (163,'IPTU 23306','http://www2.cachoeiro.es.gov.br:8080/ZimWeb/servlet/ZII?connection=producao&program=pwci001&vudTipoDocum=9&vudNoDocum=23306&vexercicio=2019',219049);
INSERT INTO hmprojetos.link_externo values (164,'CND 23306','http://www2.cachoeiro.es.gov.br:8080/ZimWeb/servlet/ZII?vudTipoDocum=3&vudNoDocum=23306&debug=true&connection=producao&program=pwud001&template=%28vudTipoDocum%2CvudNoDocum%2CvudFinalidade%29&B1=Pesquisar',219049);
INSERT INTO hmprojetos.servico values (11120,'PAQ','PAQ 2011.120','Regularização Residencial','1300','','Rua Alfredo Levy Ramos, 73 a 77','Novo Parque','Cachoeiro de Itapemirim','ES','29309060','2012-04-19','2018-04-10',null,15423);
INSERT INTO hmprojetos.link_externo values (165,'IPTU 192','http://www2.cachoeiro.es.gov.br:8080/ZimWeb/servlet/ZII?connection=producao&program=pwci001&vudTipoDocum=9&vudNoDocum=192&vexercicio=2019',11120);
INSERT INTO hmprojetos.link_externo values (166,'CND 192','http://www2.cachoeiro.es.gov.br:8080/ZimWeb/servlet/ZII?vudTipoDocum=3&vudNoDocum=192&debug=true&connection=producao&program=pwud001&template=%28vudTipoDocum%2CvudNoDocum%2CvudFinalidade%29&B1=Pesquisar',11120);
INSERT INTO hmprojetos.codigo_prefeitura values (37,'41800','2015',11120);
INSERT INTO hmprojetos.servico values (18007,'PAQ','PAQ 2018.007','Substituição de Projeto','2000','4x','Rua Alfredo Levy, 120 / 24','Novo Parque','Cachoeiro de Itapemirim','ES','2930900','2018-01-25','2018-04-14',null,18008);
INSERT INTO hmprojetos.link_externo values (167,'IPTU 272','http://www2.cachoeiro.es.gov.br:8080/ZimWeb/servlet/ZII?connection=producao&program=pwci001&vudTipoDocum=9&vudNoDocum=272&vexercicio=2019',18007);
INSERT INTO hmprojetos.link_externo values (168,'CND 272','http://www2.cachoeiro.es.gov.br:8080/ZimWeb/servlet/ZII?vudTipoDocum=3&vudNoDocum=272&debug=true&connection=producao&program=pwud001&template=%28vudTipoDocum%2CvudNoDocum%2CvudFinalidade%29&B1=Pesquisar',18007);
INSERT INTO hmprojetos.codigo_prefeitura values (38,'23698','2018',18007);
INSERT INTO hmprojetos.servico values (119008,'PRS','PRS 2019.008','Planta para Usucapião','700','2x','Rua José Rosa Machado - N° 370','Nossa Senhora de Fátima','Cachoeiro de Itapemirim','ES','29308610','2019-02-01','2019-03-20',null,19006);
INSERT INTO hmprojetos.link_externo values (169,'IPTU 641','http://www2.cachoeiro.es.gov.br:8080/ZimWeb/servlet/ZII?connection=producao&program=pwci001&vudTipoDocum=9&vudNoDocum=641&vexercicio=2019',119008);
INSERT INTO hmprojetos.link_externo values (170,'CND 641','http://www2.cachoeiro.es.gov.br:8080/ZimWeb/servlet/ZII?vudTipoDocum=3&vudNoDocum=641&debug=true&connection=producao&program=pwud001&template=%28vudTipoDocum%2CvudNoDocum%2CvudFinalidade%29&B1=Pesquisar',119008);
INSERT INTO hmprojetos.servico values (216026,'ASS','ASS 2016.026','Habite-se','300','2x','Avenida José Rosa Machado, nº 39','Alto Novo Parque','Cachoeiro de Itapemirim','ES','','2016-03-08','2017-01-23',null,15491);
INSERT INTO hmprojetos.link_externo values (171,'IPTU 804','http://www2.cachoeiro.es.gov.br:8080/ZimWeb/servlet/ZII?connection=producao&program=pwci001&vudTipoDocum=9&vudNoDocum=804&vexercicio=2019',216026);
INSERT INTO hmprojetos.link_externo values (172,'CND 804','http://www2.cachoeiro.es.gov.br:8080/ZimWeb/servlet/ZII?vudTipoDocum=3&vudNoDocum=804&debug=true&connection=producao&program=pwud001&template=%28vudTipoDocum%2CvudNoDocum%2CvudFinalidade%29&B1=Pesquisar',216026);
INSERT INTO hmprojetos.codigo_prefeitura values (39,'9821','2016',216026);
INSERT INTO hmprojetos.servico values (218016,'ASS','ASS 2018.016','Elaboração Documento doação','200','','Rua Levino Fanzeres, 19 a 21','Novo Parque','Cachoeiro de Itapemirim','ES','29309070','2017-12-27',null,null,18012);
INSERT INTO hmprojetos.link_externo values (173,'IPTU 894','http://www2.cachoeiro.es.gov.br:8080/ZimWeb/servlet/ZII?connection=producao&program=pwci001&vudTipoDocum=9&vudNoDocum=894&vexercicio=2019',218016);
INSERT INTO hmprojetos.link_externo values (174,'CND 894','http://www2.cachoeiro.es.gov.br:8080/ZimWeb/servlet/ZII?vudTipoDocum=3&vudNoDocum=894&debug=true&connection=producao&program=pwud001&template=%28vudTipoDocum%2CvudNoDocum%2CvudFinalidade%29&B1=Pesquisar',218016);
INSERT INTO hmprojetos.servico values (217053,'ASS','ASS 2017.053','Transferência de Titularidade - IPTU','500','','Av Levino Fanzeres, nº 19 a 21','Novo Parque','Cachoeiro de Itapemirim','ES','29309070','2017-08-04','2017-09-14',null,17057);
INSERT INTO hmprojetos.link_externo values (175,'IPTU 894','http://www2.cachoeiro.es.gov.br:8080/ZimWeb/servlet/ZII?connection=producao&program=pwci001&vudTipoDocum=9&vudNoDocum=894&vexercicio=2019',217053);
INSERT INTO hmprojetos.link_externo values (176,'CND 894','http://www2.cachoeiro.es.gov.br:8080/ZimWeb/servlet/ZII?vudTipoDocum=3&vudNoDocum=894&debug=true&connection=producao&program=pwud001&template=%28vudTipoDocum%2CvudNoDocum%2CvudFinalidade%29&B1=Pesquisar',217053);
INSERT INTO hmprojetos.codigo_prefeitura values (40,'28115','2017',217053);
INSERT INTO hmprojetos.servico values (118029,'PRS','PRS 2018.029','Planta para Usucapião','800','2x','Rua Nello Vola Borelli - N° 66','Novo Parque','Cachoeiro de Itapemirim','ES','29309120','2018-09-20','2018-12-21',null,18066);
INSERT INTO hmprojetos.link_externo values (177,'IPTU 1234','http://www2.cachoeiro.es.gov.br:8080/ZimWeb/servlet/ZII?connection=producao&program=pwci001&vudTipoDocum=9&vudNoDocum=1234&vexercicio=2019',118029);
INSERT INTO hmprojetos.link_externo values (178,'CND 1234','http://www2.cachoeiro.es.gov.br:8080/ZimWeb/servlet/ZII?vudTipoDocum=3&vudNoDocum=1234&debug=true&connection=producao&program=pwud001&template=%28vudTipoDocum%2CvudNoDocum%2CvudFinalidade%29&B1=Pesquisar',118029);
INSERT INTO hmprojetos.servico values (216046,'ASS','ASS 2016.046','Alvará de Construção','3000','','Rua Nestor Ribeiro, 31/45','Abelardo Ferreira Machado','Cachoeiro de Itapemirim','ES','','2016-04-20',null,null,15196);
INSERT INTO hmprojetos.link_externo values (179,'IPTU 1579','http://www2.cachoeiro.es.gov.br:8080/ZimWeb/servlet/ZII?connection=producao&program=pwci001&vudTipoDocum=9&vudNoDocum=1579&vexercicio=2019',216046);
INSERT INTO hmprojetos.link_externo values (180,'CND 1579','http://www2.cachoeiro.es.gov.br:8080/ZimWeb/servlet/ZII?vudTipoDocum=3&vudNoDocum=1579&debug=true&connection=producao&program=pwud001&template=%28vudTipoDocum%2CvudNoDocum%2CvudFinalidade%29&B1=Pesquisar',216046);
INSERT INTO hmprojetos.codigo_prefeitura values (41,'39495','2016',216046);
INSERT INTO hmprojetos.codigo_prefeitura values (42,'7934','2016',216046);
INSERT INTO hmprojetos.servico values (15058,'PAQ','PAQ 2015.058','Regularização Religiosa','3000','3x','Rua Nestor Ribeiro, s/nº','Abelardo Ferreira Machado','Cachoeiro de Itapemirim','ES','','2015-12-10','2016-04-20',null,15196);
INSERT INTO hmprojetos.link_externo values (181,'IPTU 1579','http://www2.cachoeiro.es.gov.br:8080/ZimWeb/servlet/ZII?connection=producao&program=pwci001&vudTipoDocum=9&vudNoDocum=1579&vexercicio=2019',15058);
INSERT INTO hmprojetos.link_externo values (182,'CND 1579','http://www2.cachoeiro.es.gov.br:8080/ZimWeb/servlet/ZII?vudTipoDocum=3&vudNoDocum=1579&debug=true&connection=producao&program=pwud001&template=%28vudTipoDocum%2CvudNoDocum%2CvudFinalidade%29&B1=Pesquisar',15058);
INSERT INTO hmprojetos.codigo_prefeitura values (43,'41798','2015',15058);
INSERT INTO hmprojetos.servico values (112019,'PRS','PRS 2012.019','Retificação de Área','300','','Rua Gabriel Rosa Machado, nº04','Novo Parque','Cachoeiro de Itapemirim','ES','','2012-03-20',null,null,15249);
INSERT INTO hmprojetos.link_externo values (183,'IPTU 1692','http://www2.cachoeiro.es.gov.br:8080/ZimWeb/servlet/ZII?connection=producao&program=pwci001&vudTipoDocum=9&vudNoDocum=1692&vexercicio=2019',112019);
INSERT INTO hmprojetos.link_externo values (184,'CND 1692','http://www2.cachoeiro.es.gov.br:8080/ZimWeb/servlet/ZII?vudTipoDocum=3&vudNoDocum=1692&debug=true&connection=producao&program=pwud001&template=%28vudTipoDocum%2CvudNoDocum%2CvudFinalidade%29&B1=Pesquisar',112019);
INSERT INTO hmprojetos.servico values (219009,'ASS','ASS 2019.009','Alvará de Construção','700','2x','Rua Argemiro Barboza de Amorim - N° 20','Coramara','Cachoeiro de Itapemirim','ES','29313450','2019-02-07',null,null,19011);
INSERT INTO hmprojetos.link_externo values (185,'IPTU 3249','http://www2.cachoeiro.es.gov.br:8080/ZimWeb/servlet/ZII?connection=producao&program=pwci001&vudTipoDocum=9&vudNoDocum=3249&vexercicio=2019',219009);
INSERT INTO hmprojetos.link_externo values (186,'CND 3249','http://www2.cachoeiro.es.gov.br:8080/ZimWeb/servlet/ZII?vudTipoDocum=3&vudNoDocum=3249&debug=true&connection=producao&program=pwud001&template=%28vudTipoDocum%2CvudNoDocum%2CvudFinalidade%29&B1=Pesquisar',219009);
INSERT INTO hmprojetos.codigo_prefeitura values (44,'20272','2019',219009);
INSERT INTO hmprojetos.servico values (17001,'PAQ','PAQ 2017.001','Regularização Residencial','1600','4x','Rua Maria Emilia Ribeiro Lesqueves, 42/44','Coramara','Cachoeiro de Itapemirim','ES','29313370','2017-01-16','2017-05-06',null,16091);
INSERT INTO hmprojetos.link_externo values (187,'IPTU 3459','http://www2.cachoeiro.es.gov.br:8080/ZimWeb/servlet/ZII?connection=producao&program=pwci001&vudTipoDocum=9&vudNoDocum=3459&vexercicio=2019',17001);
INSERT INTO hmprojetos.link_externo values (188,'CND 3459','http://www2.cachoeiro.es.gov.br:8080/ZimWeb/servlet/ZII?vudTipoDocum=3&vudNoDocum=3459&debug=true&connection=producao&program=pwud001&template=%28vudTipoDocum%2CvudNoDocum%2CvudFinalidade%29&B1=Pesquisar',17001);
INSERT INTO hmprojetos.servico values (217058,'ASS','ASS 2017.058','Certidão Detalhada','300','2x','Rua Corina Caiado França, nº 10','Coramara','Cachoeiro de Itapemirim','ES','29313350','2017-08-24','2017-11-22',null,15508);
INSERT INTO hmprojetos.link_externo values (189,'IPTU 3563','http://www2.cachoeiro.es.gov.br:8080/ZimWeb/servlet/ZII?connection=producao&program=pwci001&vudTipoDocum=9&vudNoDocum=3563&vexercicio=2019',217058);
INSERT INTO hmprojetos.link_externo values (190,'CND 3563','http://www2.cachoeiro.es.gov.br:8080/ZimWeb/servlet/ZII?vudTipoDocum=3&vudNoDocum=3563&debug=true&connection=producao&program=pwud001&template=%28vudTipoDocum%2CvudNoDocum%2CvudFinalidade%29&B1=Pesquisar',217058);
INSERT INTO hmprojetos.codigo_prefeitura values (45,'33226','2017',217058);
INSERT INTO hmprojetos.servico values (217048,'ASS','ASS 2017.048','Averbação de Imóvel - Cartório','400','','Rua Corina Caiado França, nº 10','Coramara','Cachoeiro de Itapemirim','ES','29313350','2017-07-25','2018-04-03',null,15508);
INSERT INTO hmprojetos.link_externo values (191,'IPTU 3563','http://www2.cachoeiro.es.gov.br:8080/ZimWeb/servlet/ZII?connection=producao&program=pwci001&vudTipoDocum=9&vudNoDocum=3563&vexercicio=2019',217048);
INSERT INTO hmprojetos.link_externo values (192,'CND 3563','http://www2.cachoeiro.es.gov.br:8080/ZimWeb/servlet/ZII?vudTipoDocum=3&vudNoDocum=3563&debug=true&connection=producao&program=pwud001&template=%28vudTipoDocum%2CvudNoDocum%2CvudFinalidade%29&B1=Pesquisar',217048);
INSERT INTO hmprojetos.servico values (218073,'ASS','ASS 2018.073','Transferência de Titularidade - IPTU','250','2x','Rua Francisco Maria Ferreira, 1 a 3','Dr. Luiz Tinoco da Fonseca','Cachoeiro de Itapemirim','ES','29313285','2018-07-23',null,null,17020);
INSERT INTO hmprojetos.link_externo values (193,'IPTU 4285','http://www2.cachoeiro.es.gov.br:8080/ZimWeb/servlet/ZII?connection=producao&program=pwci001&vudTipoDocum=9&vudNoDocum=4285&vexercicio=2019',218073);
INSERT INTO hmprojetos.link_externo values (194,'CND 4285','http://www2.cachoeiro.es.gov.br:8080/ZimWeb/servlet/ZII?vudTipoDocum=3&vudNoDocum=4285&debug=true&connection=producao&program=pwud001&template=%28vudTipoDocum%2CvudNoDocum%2CvudFinalidade%29&B1=Pesquisar',218073);
INSERT INTO hmprojetos.servico values (217046,'ASS','ASS 2017.046','Alvará de Construção','500',' ','Rua Francisco Maria Ferreira, 1 a 3','Dr. Luiz Tinoco da Fonseca','Cachoeiro de Itapemirim','ES','29313285','2017-07-18',null,null,17020);
INSERT INTO hmprojetos.link_externo values (195,'IPTU 4285','http://www2.cachoeiro.es.gov.br:8080/ZimWeb/servlet/ZII?connection=producao&program=pwci001&vudTipoDocum=9&vudNoDocum=4285&vexercicio=2019',217046);
INSERT INTO hmprojetos.link_externo values (196,'CND 4285','http://www2.cachoeiro.es.gov.br:8080/ZimWeb/servlet/ZII?vudTipoDocum=3&vudNoDocum=4285&debug=true&connection=producao&program=pwud001&template=%28vudTipoDocum%2CvudNoDocum%2CvudFinalidade%29&B1=Pesquisar',217046);
INSERT INTO hmprojetos.codigo_prefeitura values (46,'27590','2017',217046);
INSERT INTO hmprojetos.codigo_prefeitura values (47,'9477','2018',217046);
INSERT INTO hmprojetos.servico values (217027,'ASS','ASS 2017.027','Alvara Demolição e Certidão','400','2X','Rua Francisco Maria Ferreira, 1/3','Dr. Luiz Tinoco da Fonseca (BNH de cima)','Cachoeiro de Itapemirim','ES','29304100','2017-05-09','2018-05-30',null,17020);
INSERT INTO hmprojetos.link_externo values (197,'IPTU 4285','http://www2.cachoeiro.es.gov.br:8080/ZimWeb/servlet/ZII?connection=producao&program=pwci001&vudTipoDocum=9&vudNoDocum=4285&vexercicio=2019',217027);
INSERT INTO hmprojetos.link_externo values (198,'CND 4285','http://www2.cachoeiro.es.gov.br:8080/ZimWeb/servlet/ZII?vudTipoDocum=3&vudNoDocum=4285&debug=true&connection=producao&program=pwud001&template=%28vudTipoDocum%2CvudNoDocum%2CvudFinalidade%29&B1=Pesquisar',217027);
INSERT INTO hmprojetos.codigo_prefeitura values (48,'18227','2017',217027);
INSERT INTO hmprojetos.codigo_prefeitura values (49,'9477','2018',217027);
INSERT INTO hmprojetos.servico values (14034,'PAQ','PAQ 2014.034','Regularização Residencial','650','','Avenida Aristoteles Menecucci, 37 a 39','Waldir Furtado de Amorim - BNH','Cachoeiro de Itapemirim','ES','29313810','2014-04-30','2017-07-03',null,15531);
INSERT INTO hmprojetos.link_externo values (199,'IPTU 5008','http://www2.cachoeiro.es.gov.br:8080/ZimWeb/servlet/ZII?connection=producao&program=pwci001&vudTipoDocum=9&vudNoDocum=5008&vexercicio=2019',14034);
INSERT INTO hmprojetos.link_externo values (200,'CND 5008','http://www2.cachoeiro.es.gov.br:8080/ZimWeb/servlet/ZII?vudTipoDocum=3&vudNoDocum=5008&debug=true&connection=producao&program=pwud001&template=%28vudTipoDocum%2CvudNoDocum%2CvudFinalidade%29&B1=Pesquisar',14034);
INSERT INTO hmprojetos.servico values (16068,'PAQ','PAQ 2016.068','Substituição de projeto','1800','3x','Rodovia Cachoeiro x Alegre','Central parque','Cachoeiro de Itapemirim','ES','','2016-12-20','2017-03-27',null,15456);
INSERT INTO hmprojetos.link_externo values (201,'IPTU 5008','http://www2.cachoeiro.es.gov.br:8080/ZimWeb/servlet/ZII?connection=producao&program=pwci001&vudTipoDocum=9&vudNoDocum=5008&vexercicio=2019',16068);
INSERT INTO hmprojetos.link_externo values (202,'CND 5008','http://www2.cachoeiro.es.gov.br:8080/ZimWeb/servlet/ZII?vudTipoDocum=3&vudNoDocum=5008&debug=true&connection=producao&program=pwud001&template=%28vudTipoDocum%2CvudNoDocum%2CvudFinalidade%29&B1=Pesquisar',16068);
INSERT INTO hmprojetos.servico values (219032,'ASS','ASS 2019.032','Habite-se','650','2x','Rod. Eng. Fabiano Vivacqua, 717 - ES 482','Central Parque','Cachoeiro de Itapemirim','ES','29313161','2019-04-01','2019-08-22',null,16018);
INSERT INTO hmprojetos.link_externo values (203,'IPTU 5155','http://www2.cachoeiro.es.gov.br:8080/ZimWeb/servlet/ZII?connection=producao&program=pwci001&vudTipoDocum=9&vudNoDocum=5155&vexercicio=2019',219032);
INSERT INTO hmprojetos.link_externo values (204,'CND 5155','http://www2.cachoeiro.es.gov.br:8080/ZimWeb/servlet/ZII?vudTipoDocum=3&vudNoDocum=5155&debug=true&connection=producao&program=pwud001&template=%28vudTipoDocum%2CvudNoDocum%2CvudFinalidade%29&B1=Pesquisar',219032);
INSERT INTO hmprojetos.codigo_prefeitura values (50,'18711','2019',219032);
INSERT INTO hmprojetos.codigo_prefeitura values (51,'20899','2019',219032);
INSERT INTO hmprojetos.servico values (218075,'ASS','ASS 2018.075','Renovação de Alvará','150','','Rod. Eng. Fabiano Vivacqua, 717 - ES 482','Central Parque','Cachoeiro de Itapemirim','ES','29313161','2018-07-26','2019-01-22',null,16018);
INSERT INTO hmprojetos.link_externo values (205,'IPTU 5155','http://www2.cachoeiro.es.gov.br:8080/ZimWeb/servlet/ZII?connection=producao&program=pwci001&vudTipoDocum=9&vudNoDocum=5155&vexercicio=2019',218075);
INSERT INTO hmprojetos.link_externo values (206,'CND 5155','http://www2.cachoeiro.es.gov.br:8080/ZimWeb/servlet/ZII?vudTipoDocum=3&vudNoDocum=5155&debug=true&connection=producao&program=pwud001&template=%28vudTipoDocum%2CvudNoDocum%2CvudFinalidade%29&B1=Pesquisar',218075);
INSERT INTO hmprojetos.codigo_prefeitura values (52,'29171','2018',218075);
INSERT INTO hmprojetos.servico values (216079,'ASS','ASS 2016.079','Construção Comercial','600','','Rodovia BR 482','Central Parque','Cachoeiro de Itapemirim','ES','29313161','2016-09-21','2017-11-01',null,16018);
INSERT INTO hmprojetos.link_externo values (207,'IPTU 5155','http://www2.cachoeiro.es.gov.br:8080/ZimWeb/servlet/ZII?connection=producao&program=pwci001&vudTipoDocum=9&vudNoDocum=5155&vexercicio=2019',216079);
INSERT INTO hmprojetos.link_externo values (208,'CND 5155','http://www2.cachoeiro.es.gov.br:8080/ZimWeb/servlet/ZII?vudTipoDocum=3&vudNoDocum=5155&debug=true&connection=producao&program=pwud001&template=%28vudTipoDocum%2CvudNoDocum%2CvudFinalidade%29&B1=Pesquisar',216079);
INSERT INTO hmprojetos.codigo_prefeitura values (53,'32826','2016',216079);
INSERT INTO hmprojetos.servico values (216085,'ASS','ASS 2016.085','Troca de Tirularidade - IPTU','300','2x','Rodovia BR 482','Central Parque','Cachoeiro de Itapemirim','ES','29313161','2016-10-06','2019-01-02',null,16018);
INSERT INTO hmprojetos.link_externo values (209,'IPTU 5155','http://www2.cachoeiro.es.gov.br:8080/ZimWeb/servlet/ZII?connection=producao&program=pwci001&vudTipoDocum=9&vudNoDocum=5155&vexercicio=2019',216085);
INSERT INTO hmprojetos.link_externo values (210,'CND 5155','http://www2.cachoeiro.es.gov.br:8080/ZimWeb/servlet/ZII?vudTipoDocum=3&vudNoDocum=5155&debug=true&connection=producao&program=pwud001&template=%28vudTipoDocum%2CvudNoDocum%2CvudFinalidade%29&B1=Pesquisar',216085);
INSERT INTO hmprojetos.codigo_prefeitura values (54,'20899','2019',216085);
INSERT INTO hmprojetos.servico values (216057,'ASS','ASS 2016.057','Acompanhamento de Usucapião','3000','6x','Av. Dalila Moreira Ferraço, 51','Coramara','Cachoeiro de Itapemirim','ES','29313324','2016-05-31',null,null,16007);
INSERT INTO hmprojetos.link_externo values (211,'IPTU 5219','http://www2.cachoeiro.es.gov.br:8080/ZimWeb/servlet/ZII?connection=producao&program=pwci001&vudTipoDocum=9&vudNoDocum=5219&vexercicio=2019',216057);
INSERT INTO hmprojetos.link_externo values (212,'CND 5219','http://www2.cachoeiro.es.gov.br:8080/ZimWeb/servlet/ZII?vudTipoDocum=3&vudNoDocum=5219&debug=true&connection=producao&program=pwud001&template=%28vudTipoDocum%2CvudNoDocum%2CvudFinalidade%29&B1=Pesquisar',216057);
INSERT INTO hmprojetos.servico values (116001,'PRS','PRS 2016.001','Usucapião','500','2x','Av. Dalila Moreira Ferraço, 25','Coramara','Cachoeiro de Itapemirim','ES','29313324','2016-01-27','2016-07-11',null,16007);
INSERT INTO hmprojetos.link_externo values (213,'IPTU 5219','http://www2.cachoeiro.es.gov.br:8080/ZimWeb/servlet/ZII?connection=producao&program=pwci001&vudTipoDocum=9&vudNoDocum=5219&vexercicio=2019',116001);
INSERT INTO hmprojetos.link_externo values (214,'CND 5219','http://www2.cachoeiro.es.gov.br:8080/ZimWeb/servlet/ZII?vudTipoDocum=3&vudNoDocum=5219&debug=true&connection=producao&program=pwud001&template=%28vudTipoDocum%2CvudNoDocum%2CvudFinalidade%29&B1=Pesquisar',116001);
INSERT INTO hmprojetos.servico values (218079,'ASS','ASS 2018.079','Certidão Detalhada e Habite-se','400','2x','Rua Apóstolo Tiago Menor, 26/28','Rui Pinto Bandeira','Cachoeiro de Itapemirim','ES','29315794','2018-08-08','2019-01-23',null,15413);
INSERT INTO hmprojetos.link_externo values (215,'IPTU 5428','http://www2.cachoeiro.es.gov.br:8080/ZimWeb/servlet/ZII?connection=producao&program=pwci001&vudTipoDocum=9&vudNoDocum=5428&vexercicio=2019',218079);
INSERT INTO hmprojetos.link_externo values (216,'CND 5428','http://www2.cachoeiro.es.gov.br:8080/ZimWeb/servlet/ZII?vudTipoDocum=3&vudNoDocum=5428&debug=true&connection=producao&program=pwud001&template=%28vudTipoDocum%2CvudNoDocum%2CvudFinalidade%29&B1=Pesquisar',218079);
INSERT INTO hmprojetos.codigo_prefeitura values (55,'30651','2018',218079);
INSERT INTO hmprojetos.codigo_prefeitura values (56,'30652','2018',218079);
INSERT INTO hmprojetos.servico values (18012,'PAQ','PAQ 2018.012','Regularização Residencial','2550','3x','Rua Apóstolo Pedro, 66/68','Rui Pinto Bandeira','Cachoeiro de Itapemirim','ES','29315798','2017-07-25','2018-05-22',null,18018);
INSERT INTO hmprojetos.link_externo values (217,'IPTU 5514','http://www2.cachoeiro.es.gov.br:8080/ZimWeb/servlet/ZII?connection=producao&program=pwci001&vudTipoDocum=9&vudNoDocum=5514&vexercicio=2019',18012);
INSERT INTO hmprojetos.link_externo values (218,'CND 5514','http://www2.cachoeiro.es.gov.br:8080/ZimWeb/servlet/ZII?vudTipoDocum=3&vudNoDocum=5514&debug=true&connection=producao&program=pwud001&template=%28vudTipoDocum%2CvudNoDocum%2CvudFinalidade%29&B1=Pesquisar',18012);
INSERT INTO hmprojetos.servico values (219040,'ASS','ASS 2019.040','Retificação de Área - Prefeitura','900','2x','Rua Angelo do Amaral, 51','Aeroporto','Cachoeiro de Itapemirim','ES','29314047','2019-05-06',null,null,17052);
INSERT INTO hmprojetos.link_externo values (219,'IPTU 6033','http://www2.cachoeiro.es.gov.br:8080/ZimWeb/servlet/ZII?connection=producao&program=pwci001&vudTipoDocum=9&vudNoDocum=6033&vexercicio=2019',219040);
INSERT INTO hmprojetos.link_externo values (220,'CND 6033','http://www2.cachoeiro.es.gov.br:8080/ZimWeb/servlet/ZII?vudTipoDocum=3&vudNoDocum=6033&debug=true&connection=producao&program=pwud001&template=%28vudTipoDocum%2CvudNoDocum%2CvudFinalidade%29&B1=Pesquisar',219040);
INSERT INTO hmprojetos.servico values (17035,'PAQ','PAQ 2017.035','Regularização Residencial','800','3x','Rua Angelo do Amaral, 51','Aeroporto','Cachoeiro de Itapemirim','ES','29314047','2017-07-22','2017-09-26',null,17052);
INSERT INTO hmprojetos.link_externo values (221,'IPTU 6033','http://www2.cachoeiro.es.gov.br:8080/ZimWeb/servlet/ZII?connection=producao&program=pwci001&vudTipoDocum=9&vudNoDocum=6033&vexercicio=2019',17035);
INSERT INTO hmprojetos.link_externo values (222,'CND 6033','http://www2.cachoeiro.es.gov.br:8080/ZimWeb/servlet/ZII?vudTipoDocum=3&vudNoDocum=6033&debug=true&connection=producao&program=pwud001&template=%28vudTipoDocum%2CvudNoDocum%2CvudFinalidade%29&B1=Pesquisar',17035);
INSERT INTO hmprojetos.codigo_prefeitura values (57,'34711','2017',17035);
INSERT INTO hmprojetos.servico values (217084,'ASS','ASS 2017.084','Levantamento de dados Prefeitura','400','','Avenida Francisco Mardegan 190/200','Aeroporto','Cachoeiro de Itapemirim','ES','29314100','2017-11-10','2017-11-29',null,17084);
INSERT INTO hmprojetos.link_externo values (223,'IPTU 6189','http://www2.cachoeiro.es.gov.br:8080/ZimWeb/servlet/ZII?connection=producao&program=pwci001&vudTipoDocum=9&vudNoDocum=6189&vexercicio=2019',217084);
INSERT INTO hmprojetos.link_externo values (224,'CND 6189','http://www2.cachoeiro.es.gov.br:8080/ZimWeb/servlet/ZII?vudTipoDocum=3&vudNoDocum=6189&debug=true&connection=producao&program=pwud001&template=%28vudTipoDocum%2CvudNoDocum%2CvudFinalidade%29&B1=Pesquisar',217084);
INSERT INTO hmprojetos.servico values (213133,'ASS','ASS 2013.133','Habite-se','150','','Av. Francisco Mardegan, s/nº','Rui Pinto Bandeira','Cachoeiro de Itapemirim','ES','',null,'2017-02-02',null,15413);
INSERT INTO hmprojetos.link_externo values (225,'IPTU 6206','http://www2.cachoeiro.es.gov.br:8080/ZimWeb/servlet/ZII?connection=producao&program=pwci001&vudTipoDocum=9&vudNoDocum=6206&vexercicio=2019',213133);
INSERT INTO hmprojetos.link_externo values (226,'CND 6206','http://www2.cachoeiro.es.gov.br:8080/ZimWeb/servlet/ZII?vudTipoDocum=3&vudNoDocum=6206&debug=true&connection=producao&program=pwud001&template=%28vudTipoDocum%2CvudNoDocum%2CvudFinalidade%29&B1=Pesquisar',213133);
INSERT INTO hmprojetos.codigo_prefeitura values (58,'26738','2013',213133);
INSERT INTO hmprojetos.servico values (16065,'PAQ','PAQ 2016.065','Regularização Residencial','3000','','Rua João Pancini, 163','Boa Vista','Cachoeiro de Itapemirim','ES','29315443','2016-12-08',null,null,16086);
INSERT INTO hmprojetos.link_externo values (227,'IPTU 6485','http://www2.cachoeiro.es.gov.br:8080/ZimWeb/servlet/ZII?connection=producao&program=pwci001&vudTipoDocum=9&vudNoDocum=6485&vexercicio=2019',16065);
INSERT INTO hmprojetos.link_externo values (228,'CND 6485','http://www2.cachoeiro.es.gov.br:8080/ZimWeb/servlet/ZII?vudTipoDocum=3&vudNoDocum=6485&debug=true&connection=producao&program=pwud001&template=%28vudTipoDocum%2CvudNoDocum%2CvudFinalidade%29&B1=Pesquisar',16065);
INSERT INTO hmprojetos.servico values (116034,'PRS','PRS 2016.034','Planta para Usucapião','600','','Rua João Pancini, 163','Boa Vista','Cachoeiro de Itapemirim','ES','29315443','2016-12-02','2016-12-09',null,16086);
INSERT INTO hmprojetos.link_externo values (229,'IPTU 6485','http://www2.cachoeiro.es.gov.br:8080/ZimWeb/servlet/ZII?connection=producao&program=pwci001&vudTipoDocum=9&vudNoDocum=6485&vexercicio=2019',116034);
INSERT INTO hmprojetos.link_externo values (230,'CND 6485','http://www2.cachoeiro.es.gov.br:8080/ZimWeb/servlet/ZII?vudTipoDocum=3&vudNoDocum=6485&debug=true&connection=producao&program=pwud001&template=%28vudTipoDocum%2CvudNoDocum%2CvudFinalidade%29&B1=Pesquisar',116034);
INSERT INTO hmprojetos.servico values (18054,'PAQ','PAQ 2018.054','Regularização Residencial','1200','2x','Rodovia Ricardo Barbieri, 94/96','Boa Vista','Cachoeiro de Itapemirim','ES','29315442','2018-11-12','2019-01-14',null,18079);
INSERT INTO hmprojetos.link_externo values (231,'IPTU 6650','http://www2.cachoeiro.es.gov.br:8080/ZimWeb/servlet/ZII?connection=producao&program=pwci001&vudTipoDocum=9&vudNoDocum=6650&vexercicio=2019',18054);
INSERT INTO hmprojetos.link_externo values (232,'CND 6650','http://www2.cachoeiro.es.gov.br:8080/ZimWeb/servlet/ZII?vudTipoDocum=3&vudNoDocum=6650&debug=true&connection=producao&program=pwud001&template=%28vudTipoDocum%2CvudNoDocum%2CvudFinalidade%29&B1=Pesquisar',18054);
INSERT INTO hmprojetos.servico values (216041,'ASS','ASS 2016.041','Alvará de Construção','500','2x','Rua Julio Facine, nº 46','Aeroporto','Cachoeiro de Itapemirim','ES','29314130','2016-04-06',null,null,16005);
INSERT INTO hmprojetos.link_externo values (233,'IPTU 6925','http://www2.cachoeiro.es.gov.br:8080/ZimWeb/servlet/ZII?connection=producao&program=pwci001&vudTipoDocum=9&vudNoDocum=6925&vexercicio=2019',216041);
INSERT INTO hmprojetos.link_externo values (234,'CND 6925','http://www2.cachoeiro.es.gov.br:8080/ZimWeb/servlet/ZII?vudTipoDocum=3&vudNoDocum=6925&debug=true&connection=producao&program=pwud001&template=%28vudTipoDocum%2CvudNoDocum%2CvudFinalidade%29&B1=Pesquisar',216041);
INSERT INTO hmprojetos.servico values (16006,'PAQ','PAQ 2016.006','Ampliação Residencial 3º Pavimento','900','','Rua Julio Facine','Aeroporto','Cachoeiro de Itapemirim','ES','','2016-01-22','2016-04-06',null,16005);
INSERT INTO hmprojetos.link_externo values (235,'IPTU 6925','http://www2.cachoeiro.es.gov.br:8080/ZimWeb/servlet/ZII?connection=producao&program=pwci001&vudTipoDocum=9&vudNoDocum=6925&vexercicio=2019',16006);
INSERT INTO hmprojetos.link_externo values (236,'CND 6925','http://www2.cachoeiro.es.gov.br:8080/ZimWeb/servlet/ZII?vudTipoDocum=3&vudNoDocum=6925&debug=true&connection=producao&program=pwud001&template=%28vudTipoDocum%2CvudNoDocum%2CvudFinalidade%29&B1=Pesquisar',16006);
INSERT INTO hmprojetos.servico values (212256,'ASS','ASS 2012.256','Regularização de Obras','','','Rua Helena Debona, 12','Aeroporto','Cachoeiro de Itapemirim','ES','29314072','2012-12-26','2013-09-04',null,15172);
INSERT INTO hmprojetos.link_externo values (237,'IPTU 6979','http://www2.cachoeiro.es.gov.br:8080/ZimWeb/servlet/ZII?connection=producao&program=pwci001&vudTipoDocum=9&vudNoDocum=6979&vexercicio=2019',212256);
INSERT INTO hmprojetos.link_externo values (238,'CND 6979','http://www2.cachoeiro.es.gov.br:8080/ZimWeb/servlet/ZII?vudTipoDocum=3&vudNoDocum=6979&debug=true&connection=producao&program=pwud001&template=%28vudTipoDocum%2CvudNoDocum%2CvudFinalidade%29&B1=Pesquisar',212256);
INSERT INTO hmprojetos.codigo_prefeitura values (59,'47626','2012',212256);
INSERT INTO hmprojetos.servico values (213120,'ASS','ASS 2013.120','Acompanhamento Usucapião','1000','4x','Rua Helena Debona, nº 12','Aeroporto','Cachoeiro de Itapemirim','ES','','2013-07-08','2018-02-14',null,15172);
INSERT INTO hmprojetos.link_externo values (239,'IPTU 6979','http://www2.cachoeiro.es.gov.br:8080/ZimWeb/servlet/ZII?connection=producao&program=pwci001&vudTipoDocum=9&vudNoDocum=6979&vexercicio=2019',213120);
INSERT INTO hmprojetos.link_externo values (240,'CND 6979','http://www2.cachoeiro.es.gov.br:8080/ZimWeb/servlet/ZII?vudTipoDocum=3&vudNoDocum=6979&debug=true&connection=producao&program=pwud001&template=%28vudTipoDocum%2CvudNoDocum%2CvudFinalidade%29&B1=Pesquisar',213120);
INSERT INTO hmprojetos.servico values (11037,'PAQ','PAQ 2011.037','Regularização de Obras','','','Rua Helena Debona, 12','Aeroporto','Cachoeiro de Itapemirim','ES','29314072','2011-05-18','2012-12-22',null,15172);
INSERT INTO hmprojetos.link_externo values (241,'IPTU 6979','http://www2.cachoeiro.es.gov.br:8080/ZimWeb/servlet/ZII?connection=producao&program=pwci001&vudTipoDocum=9&vudNoDocum=6979&vexercicio=2019',11037);
INSERT INTO hmprojetos.link_externo values (242,'CND 6979','http://www2.cachoeiro.es.gov.br:8080/ZimWeb/servlet/ZII?vudTipoDocum=3&vudNoDocum=6979&debug=true&connection=producao&program=pwud001&template=%28vudTipoDocum%2CvudNoDocum%2CvudFinalidade%29&B1=Pesquisar',11037);
INSERT INTO hmprojetos.servico values (215008,'ASS','ASS 2015.008','Acompanhamento de Usucapião','2500','5x','Rua Helena Debora, n° 28','Aeroporto','Cachoeiro de Itapemirim','ES','','2015-01-16','2017-09-18',null,15331);
INSERT INTO hmprojetos.link_externo values (243,'IPTU 6986','http://www2.cachoeiro.es.gov.br:8080/ZimWeb/servlet/ZII?connection=producao&program=pwci001&vudTipoDocum=9&vudNoDocum=6986&vexercicio=2019',215008);
INSERT INTO hmprojetos.link_externo values (244,'CND 6986','http://www2.cachoeiro.es.gov.br:8080/ZimWeb/servlet/ZII?vudTipoDocum=3&vudNoDocum=6986&debug=true&connection=producao&program=pwud001&template=%28vudTipoDocum%2CvudNoDocum%2CvudFinalidade%29&B1=Pesquisar',215008);
INSERT INTO hmprojetos.servico values (12129,'PAQ','PAQ 2012.129','Regularização de Substituição Residencial','','','Rua Regina Lachini, 1','Boa Vista','Cachoeiro de Itapemirim','ES','','2012-12-07',null,null,15131);
INSERT INTO hmprojetos.link_externo values (245,'IPTU 7118','http://www2.cachoeiro.es.gov.br:8080/ZimWeb/servlet/ZII?connection=producao&program=pwci001&vudTipoDocum=9&vudNoDocum=7118&vexercicio=2019',12129);
INSERT INTO hmprojetos.link_externo values (246,'CND 7118','http://www2.cachoeiro.es.gov.br:8080/ZimWeb/servlet/ZII?vudTipoDocum=3&vudNoDocum=7118&debug=true&connection=producao&program=pwud001&template=%28vudTipoDocum%2CvudNoDocum%2CvudFinalidade%29&B1=Pesquisar',12129);
INSERT INTO hmprojetos.codigo_prefeitura values (60,'3778','2015',12129);
INSERT INTO hmprojetos.servico values (213021,'ASS','ASS 2013.021','Substituição de Projeto','300','4x','Rua Regina Lachine, 1','Boa Vista','Cachoeiro de Itapemirim','ES','','2012-12-08',null,null,15131);
INSERT INTO hmprojetos.link_externo values (247,'IPTU 7118','http://www2.cachoeiro.es.gov.br:8080/ZimWeb/servlet/ZII?connection=producao&program=pwci001&vudTipoDocum=9&vudNoDocum=7118&vexercicio=2019',213021);
INSERT INTO hmprojetos.link_externo values (248,'CND 7118','http://www2.cachoeiro.es.gov.br:8080/ZimWeb/servlet/ZII?vudTipoDocum=3&vudNoDocum=7118&debug=true&connection=producao&program=pwud001&template=%28vudTipoDocum%2CvudNoDocum%2CvudFinalidade%29&B1=Pesquisar',213021);
INSERT INTO hmprojetos.servico values (213007,'ASS','ASS 2013.007','Regularização de Substituição Residencial','300','4x','Rua Regina Lachini, 1','Boa Vista','Cachoeiro de Itapemirim','ES','','2012-12-06',null,null,15771);
INSERT INTO hmprojetos.link_externo values (249,'IPTU 7119','http://www2.cachoeiro.es.gov.br:8080/ZimWeb/servlet/ZII?connection=producao&program=pwci001&vudTipoDocum=9&vudNoDocum=7119&vexercicio=2019',213007);
INSERT INTO hmprojetos.link_externo values (250,'CND 7119','http://www2.cachoeiro.es.gov.br:8080/ZimWeb/servlet/ZII?vudTipoDocum=3&vudNoDocum=7119&debug=true&connection=producao&program=pwud001&template=%28vudTipoDocum%2CvudNoDocum%2CvudFinalidade%29&B1=Pesquisar',213007);
INSERT INTO hmprojetos.servico values (213089,'ASS','ASS 2013.089','Cadastro de IPTU','100','','Rua Manoel Pereira Martins, nº 20','Boa Vista','Cachoeiro de Itapemirim','ES','','2013-05-24','2017-05-18',null,15102);
INSERT INTO hmprojetos.link_externo values (251,'IPTU 7177','http://www2.cachoeiro.es.gov.br:8080/ZimWeb/servlet/ZII?connection=producao&program=pwci001&vudTipoDocum=9&vudNoDocum=7177&vexercicio=2019',213089);
INSERT INTO hmprojetos.link_externo values (252,'CND 7177','http://www2.cachoeiro.es.gov.br:8080/ZimWeb/servlet/ZII?vudTipoDocum=3&vudNoDocum=7177&debug=true&connection=producao&program=pwud001&template=%28vudTipoDocum%2CvudNoDocum%2CvudFinalidade%29&B1=Pesquisar',213089);
INSERT INTO hmprojetos.servico values (213104,'ASS','ASS 2013.104','Novo Recibo','','','Rua Manoel Pereira Martins, nº 20','Boa Vista','Cachoeiro de Itapemirim','ES','','2013-06-17','2013-07-15',null,15102);
INSERT INTO hmprojetos.link_externo values (253,'IPTU 7177','http://www2.cachoeiro.es.gov.br:8080/ZimWeb/servlet/ZII?connection=producao&program=pwci001&vudTipoDocum=9&vudNoDocum=7177&vexercicio=2019',213104);
INSERT INTO hmprojetos.link_externo values (254,'CND 7177','http://www2.cachoeiro.es.gov.br:8080/ZimWeb/servlet/ZII?vudTipoDocum=3&vudNoDocum=7177&debug=true&connection=producao&program=pwud001&template=%28vudTipoDocum%2CvudNoDocum%2CvudFinalidade%29&B1=Pesquisar',213104);
INSERT INTO hmprojetos.servico values (214130,'ASS','ASS 2014.130','Licença para Construção','','','Rua Manoel Perreira Martins','Ruy Pinto Bandeira','Cachoeiro de Itapemirim','ES','','2014-10-27','2015-01-27',null,15102);
INSERT INTO hmprojetos.link_externo values (255,'IPTU 7177','http://www2.cachoeiro.es.gov.br:8080/ZimWeb/servlet/ZII?connection=producao&program=pwci001&vudTipoDocum=9&vudNoDocum=7177&vexercicio=2019',214130);
INSERT INTO hmprojetos.link_externo values (256,'CND 7177','http://www2.cachoeiro.es.gov.br:8080/ZimWeb/servlet/ZII?vudTipoDocum=3&vudNoDocum=7177&debug=true&connection=producao&program=pwud001&template=%28vudTipoDocum%2CvudNoDocum%2CvudFinalidade%29&B1=Pesquisar',214130);
INSERT INTO hmprojetos.servico values (13029,'PAQ','PAQ 2013.029','Construção Residencial','','','Rua Manoel Perreira Martins','Ruy Pinto Bandeira','Cachoeiro de Itapemirim','ES','','2013-04-10','2014-10-27',null,15102);
INSERT INTO hmprojetos.link_externo values (257,'IPTU 7177','http://www2.cachoeiro.es.gov.br:8080/ZimWeb/servlet/ZII?connection=producao&program=pwci001&vudTipoDocum=9&vudNoDocum=7177&vexercicio=2019',13029);
INSERT INTO hmprojetos.link_externo values (258,'CND 7177','http://www2.cachoeiro.es.gov.br:8080/ZimWeb/servlet/ZII?vudTipoDocum=3&vudNoDocum=7177&debug=true&connection=producao&program=pwud001&template=%28vudTipoDocum%2CvudNoDocum%2CvudFinalidade%29&B1=Pesquisar',13029);
INSERT INTO hmprojetos.servico values (113008,'PRS','PRS 2013.008','Usucapião','','','Rua Manoel Pereira Martins, nº 20','Boa Vista','Cachoeiro de Itapemirim','ES','','2013-03-01','2013-04-12',null,15102);
INSERT INTO hmprojetos.link_externo values (259,'IPTU 7177','http://www2.cachoeiro.es.gov.br:8080/ZimWeb/servlet/ZII?connection=producao&program=pwci001&vudTipoDocum=9&vudNoDocum=7177&vexercicio=2019',113008);
INSERT INTO hmprojetos.link_externo values (260,'CND 7177','http://www2.cachoeiro.es.gov.br:8080/ZimWeb/servlet/ZII?vudTipoDocum=3&vudNoDocum=7177&debug=true&connection=producao&program=pwud001&template=%28vudTipoDocum%2CvudNoDocum%2CvudFinalidade%29&B1=Pesquisar',113008);
INSERT INTO hmprojetos.servico values (218062,'ASS','ASS 2018.062','Escritura de Compra e Venda','4600','3x','Rua João Bosco Fiorio, 13/17','São Lucas','Cachoeiro de Itapemirim','ES','29313713','2018-06-11','2019-04-15',null,18034);
INSERT INTO hmprojetos.link_externo values (261,'IPTU 7374','http://www2.cachoeiro.es.gov.br:8080/ZimWeb/servlet/ZII?connection=producao&program=pwci001&vudTipoDocum=9&vudNoDocum=7374&vexercicio=2019',218062);
INSERT INTO hmprojetos.link_externo values (262,'CND 7374','http://www2.cachoeiro.es.gov.br:8080/ZimWeb/servlet/ZII?vudTipoDocum=3&vudNoDocum=7374&debug=true&connection=producao&program=pwud001&template=%28vudTipoDocum%2CvudNoDocum%2CvudFinalidade%29&B1=Pesquisar',218062);
INSERT INTO hmprojetos.servico values (211146,'ASS','ASS 2011.146','Construção Residencial','','','Rua Braz Vivacqua','Distrito de Itaoca','Cachoeiro de Itapemirim','ES','29325980','2012-07-16','2018-03-08',null,15842);
INSERT INTO hmprojetos.link_externo values (263,'IPTU 8044','http://www2.cachoeiro.es.gov.br:8080/ZimWeb/servlet/ZII?connection=producao&program=pwci001&vudTipoDocum=9&vudNoDocum=8044&vexercicio=2019',211146);
INSERT INTO hmprojetos.link_externo values (264,'CND 8044','http://www2.cachoeiro.es.gov.br:8080/ZimWeb/servlet/ZII?vudTipoDocum=3&vudNoDocum=8044&debug=true&connection=producao&program=pwud001&template=%28vudTipoDocum%2CvudNoDocum%2CvudFinalidade%29&B1=Pesquisar',211146);
INSERT INTO hmprojetos.servico values (218094,'ASS','ASS 2018.094','Retificação de Área','','','Rua Galgano Moreira de Souza, nº 29','Vila Rica','Cachoeiro de Itapemirim','ES','29301390','2018-09-29',null,null,15523);
INSERT INTO hmprojetos.link_externo values (265,'IPTU 8555','http://www2.cachoeiro.es.gov.br:8080/ZimWeb/servlet/ZII?connection=producao&program=pwci001&vudTipoDocum=9&vudNoDocum=8555&vexercicio=2019',218094);
INSERT INTO hmprojetos.link_externo values (266,'CND 8555','http://www2.cachoeiro.es.gov.br:8080/ZimWeb/servlet/ZII?vudTipoDocum=3&vudNoDocum=8555&debug=true&connection=producao&program=pwud001&template=%28vudTipoDocum%2CvudNoDocum%2CvudFinalidade%29&B1=Pesquisar',218094);
INSERT INTO hmprojetos.codigo_prefeitura values (61,'43807','2018',218094);
INSERT INTO hmprojetos.servico values (114007,'PRS','PRS 2014.007','Retificação de Área ','1200','6x','Rua Galgano Moreira de Souza, nº 29','Vila Rica','Cachoeiro de Itapemirim','ES','29301390','2014-04-08','2018-09-29',null,15523);
INSERT INTO hmprojetos.link_externo values (267,'IPTU 8555','http://www2.cachoeiro.es.gov.br:8080/ZimWeb/servlet/ZII?connection=producao&program=pwci001&vudTipoDocum=9&vudNoDocum=8555&vexercicio=2019',114007);
INSERT INTO hmprojetos.link_externo values (268,'CND 8555','http://www2.cachoeiro.es.gov.br:8080/ZimWeb/servlet/ZII?vudTipoDocum=3&vudNoDocum=8555&debug=true&connection=producao&program=pwud001&template=%28vudTipoDocum%2CvudNoDocum%2CvudFinalidade%29&B1=Pesquisar',114007);
INSERT INTO hmprojetos.codigo_prefeitura values (62,'21083','2018',114007);
INSERT INTO hmprojetos.servico values (214108,'ASS','ASS 2014.108','Reforma Residencial','','','Rua Elisiário Imperial, 93/99','Vila Rica','Cachoeiro de Itapemirim','ES','29301410','2014-08-22','2018-01-26',null,15433);
INSERT INTO hmprojetos.link_externo values (269,'IPTU 8744','http://www2.cachoeiro.es.gov.br:8080/ZimWeb/servlet/ZII?connection=producao&program=pwci001&vudTipoDocum=9&vudNoDocum=8744&vexercicio=2019',214108);
INSERT INTO hmprojetos.link_externo values (270,'CND 8744','http://www2.cachoeiro.es.gov.br:8080/ZimWeb/servlet/ZII?vudTipoDocum=3&vudNoDocum=8744&debug=true&connection=producao&program=pwud001&template=%28vudTipoDocum%2CvudNoDocum%2CvudFinalidade%29&B1=Pesquisar',214108);
INSERT INTO hmprojetos.codigo_prefeitura values (63,'27585','2014',214108);
INSERT INTO hmprojetos.servico values (214097,'ASS','ASS 2014.097','Indicação de Serviço - Topografia','','','Rua Elisiário Imperial, 93/99','Vila Rica','Cachoeiro de Itapemirim','ES','29301410','2018-01-26','2018-01-26',null,15433);
INSERT INTO hmprojetos.link_externo values (271,'IPTU 8744','http://www2.cachoeiro.es.gov.br:8080/ZimWeb/servlet/ZII?connection=producao&program=pwci001&vudTipoDocum=9&vudNoDocum=8744&vexercicio=2019',214097);
INSERT INTO hmprojetos.link_externo values (272,'CND 8744','http://www2.cachoeiro.es.gov.br:8080/ZimWeb/servlet/ZII?vudTipoDocum=3&vudNoDocum=8744&debug=true&connection=producao&program=pwud001&template=%28vudTipoDocum%2CvudNoDocum%2CvudFinalidade%29&B1=Pesquisar',214097);
INSERT INTO hmprojetos.servico values (14048,'PAQ','PAQ 2014.048','Reforma Residencial','','','Rua Elisiário Imperial, 93/99','Vila Rica','Cachoeiro de Itapemirim','ES','29301410','2014-06-20','2014-08-22',null,15433);
INSERT INTO hmprojetos.link_externo values (273,'IPTU 8744','http://www2.cachoeiro.es.gov.br:8080/ZimWeb/servlet/ZII?connection=producao&program=pwci001&vudTipoDocum=9&vudNoDocum=8744&vexercicio=2019',14048);
INSERT INTO hmprojetos.link_externo values (274,'CND 8744','http://www2.cachoeiro.es.gov.br:8080/ZimWeb/servlet/ZII?vudTipoDocum=3&vudNoDocum=8744&debug=true&connection=producao&program=pwud001&template=%28vudTipoDocum%2CvudNoDocum%2CvudFinalidade%29&B1=Pesquisar',14048);
INSERT INTO hmprojetos.servico values (216043,'ASS','ASS 2016.043','Certidão Detalhada e Habite-se','800','2x','Rua Doutor Osiris de Almeida Freitas, 58','Vila Rica','Cachoeiro de Itapemirim','ES','29301020','2016-03-01','2016-11-16',null,16023);
INSERT INTO hmprojetos.link_externo values (275,'IPTU 9020','http://www2.cachoeiro.es.gov.br:8080/ZimWeb/servlet/ZII?connection=producao&program=pwci001&vudTipoDocum=9&vudNoDocum=9020&vexercicio=2019',216043);
INSERT INTO hmprojetos.link_externo values (276,'CND 9020','http://www2.cachoeiro.es.gov.br:8080/ZimWeb/servlet/ZII?vudTipoDocum=3&vudNoDocum=9020&debug=true&connection=producao&program=pwud001&template=%28vudTipoDocum%2CvudNoDocum%2CvudFinalidade%29&B1=Pesquisar',216043);
INSERT INTO hmprojetos.codigo_prefeitura values (64,'15981','2016',216043);
INSERT INTO hmprojetos.codigo_prefeitura values (65,'15978','2016',216043);
INSERT INTO hmprojetos.servico values (117003,'PRS','PRS 2017.003','Planta Usucapião','500','2x','Rua Alvaro Braz Caverzan','Ilha da Luz','Cachoeiro de Itapemirim','ES','','2017-02-20','2017-04-11',null,17005);
INSERT INTO hmprojetos.link_externo values (277,'IPTU 9369','http://www2.cachoeiro.es.gov.br:8080/ZimWeb/servlet/ZII?connection=producao&program=pwci001&vudTipoDocum=9&vudNoDocum=9369&vexercicio=2019',117003);
INSERT INTO hmprojetos.link_externo values (278,'CND 9369','http://www2.cachoeiro.es.gov.br:8080/ZimWeb/servlet/ZII?vudTipoDocum=3&vudNoDocum=9369&debug=true&connection=producao&program=pwud001&template=%28vudTipoDocum%2CvudNoDocum%2CvudFinalidade%29&B1=Pesquisar',117003);
INSERT INTO hmprojetos.servico values (218127,'ASS','ASS 2018.127','CND - Receita Federal e Averbação Cartório','400','','Rua Antônio Pedro Carleto - N° 116','Vila Rica','Cachoeiro de Itapemirim','ES','29301200','2018-12-20','2019-07-31',null,18050);
INSERT INTO hmprojetos.link_externo values (279,'IPTU 9891','http://www2.cachoeiro.es.gov.br:8080/ZimWeb/servlet/ZII?connection=producao&program=pwci001&vudTipoDocum=9&vudNoDocum=9891&vexercicio=2019',218127);
INSERT INTO hmprojetos.link_externo values (280,'CND 9891','http://www2.cachoeiro.es.gov.br:8080/ZimWeb/servlet/ZII?vudTipoDocum=3&vudNoDocum=9891&debug=true&connection=producao&program=pwud001&template=%28vudTipoDocum%2CvudNoDocum%2CvudFinalidade%29&B1=Pesquisar',218127);
INSERT INTO hmprojetos.servico values (218078,'ASS','ASS 2018.078','Certidão Detalhada','600','2 x','Rua Pedro Antônio Carlete, 116','Vila Rica','Cachoeiro de Itapemirim','ES','29301200','2018-08-08','2018-12-20',null,18050);
INSERT INTO hmprojetos.link_externo values (281,'IPTU 9891','http://www2.cachoeiro.es.gov.br:8080/ZimWeb/servlet/ZII?connection=producao&program=pwci001&vudTipoDocum=9&vudNoDocum=9891&vexercicio=2019',218078);
INSERT INTO hmprojetos.link_externo values (282,'CND 9891','http://www2.cachoeiro.es.gov.br:8080/ZimWeb/servlet/ZII?vudTipoDocum=3&vudNoDocum=9891&debug=true&connection=producao&program=pwud001&template=%28vudTipoDocum%2CvudNoDocum%2CvudFinalidade%29&B1=Pesquisar',218078);
INSERT INTO hmprojetos.codigo_prefeitura values (66,'30249','2018',218078);
INSERT INTO hmprojetos.codigo_prefeitura values (67,'38454','2008',218078);
INSERT INTO hmprojetos.servico values (218055,'ASS','ASS 2018.055','Retificação de Área - Prefeitura','900','','Rua Elidio Piassi  28 à 30','Vila Rica','Cachoeiro de Itapemirim','ES','29301210','2018-05-22','2019-07-18',null,18001);
INSERT INTO hmprojetos.link_externo values (283,'IPTU 9906','http://www2.cachoeiro.es.gov.br:8080/ZimWeb/servlet/ZII?connection=producao&program=pwci001&vudTipoDocum=9&vudNoDocum=9906&vexercicio=2019',218055);
INSERT INTO hmprojetos.link_externo values (284,'CND 9906','http://www2.cachoeiro.es.gov.br:8080/ZimWeb/servlet/ZII?vudTipoDocum=3&vudNoDocum=9906&debug=true&connection=producao&program=pwud001&template=%28vudTipoDocum%2CvudNoDocum%2CvudFinalidade%29&B1=Pesquisar',218055);
INSERT INTO hmprojetos.codigo_prefeitura values (68,'20588','2018',218055);
INSERT INTO hmprojetos.servico values (118001,'PRS','PRS 2018.001','Retificação de Área ','500','','Rua Elidio Piassi s/n','Vila Rica','Cachoeiro de Itapemirim','ES','29301210','2017-12-20','2018-05-23',null,18001);
INSERT INTO hmprojetos.link_externo values (285,'IPTU 9906','http://www2.cachoeiro.es.gov.br:8080/ZimWeb/servlet/ZII?connection=producao&program=pwci001&vudTipoDocum=9&vudNoDocum=9906&vexercicio=2019',118001);
INSERT INTO hmprojetos.link_externo values (286,'CND 9906','http://www2.cachoeiro.es.gov.br:8080/ZimWeb/servlet/ZII?vudTipoDocum=3&vudNoDocum=9906&debug=true&connection=producao&program=pwud001&template=%28vudTipoDocum%2CvudNoDocum%2CvudFinalidade%29&B1=Pesquisar',118001);
INSERT INTO hmprojetos.servico values (117034,'PRS','PRS 2017.034','Fracionamento de Imovel','300','2x','Rua Rita Rafael de Freitas ','Vila Rica','Cachoeiro de Itapemirim','ES','','1902-09-27','2018-01-26',null,11005);
INSERT INTO hmprojetos.link_externo values (287,'IPTU 10238','http://www2.cachoeiro.es.gov.br:8080/ZimWeb/servlet/ZII?connection=producao&program=pwci001&vudTipoDocum=9&vudNoDocum=10238&vexercicio=2019',117034);
INSERT INTO hmprojetos.link_externo values (288,'CND 10238','http://www2.cachoeiro.es.gov.br:8080/ZimWeb/servlet/ZII?vudTipoDocum=3&vudNoDocum=10238&debug=true&connection=producao&program=pwud001&template=%28vudTipoDocum%2CvudNoDocum%2CvudFinalidade%29&B1=Pesquisar',117034);
INSERT INTO hmprojetos.servico values (219012,'ASS','ASS 2019.012','2ª via de certidão','300','2x','Rua Wilson Moura, 62','Vila Rica','Cachoeiro de Itapemirim','ES','29301370','2019-03-01','2019-09-25',null,19014);
INSERT INTO hmprojetos.link_externo values (289,'IPTU 10248','http://www2.cachoeiro.es.gov.br:8080/ZimWeb/servlet/ZII?connection=producao&program=pwci001&vudTipoDocum=9&vudNoDocum=10248&vexercicio=2019',219012);
INSERT INTO hmprojetos.link_externo values (290,'CND 10248','http://www2.cachoeiro.es.gov.br:8080/ZimWeb/servlet/ZII?vudTipoDocum=3&vudNoDocum=10248&debug=true&connection=producao&program=pwud001&template=%28vudTipoDocum%2CvudNoDocum%2CvudFinalidade%29&B1=Pesquisar',219012);
INSERT INTO hmprojetos.codigo_prefeitura values (69,'20471','2019',219012);
INSERT INTO hmprojetos.servico values (218088,'ASS','ASS 2018.088','Regularização / Substituição','500','2x','Rua Horácio Leandro, 41/43','Basiléia','Cachoeiro de Itapemirim','ES','29302875','2018-09-14',null,null,16051);
INSERT INTO hmprojetos.link_externo values (291,'IPTU 11381','http://www2.cachoeiro.es.gov.br:8080/ZimWeb/servlet/ZII?connection=producao&program=pwci001&vudTipoDocum=9&vudNoDocum=11381&vexercicio=2019',218088);
INSERT INTO hmprojetos.link_externo values (292,'CND 11381','http://www2.cachoeiro.es.gov.br:8080/ZimWeb/servlet/ZII?vudTipoDocum=3&vudNoDocum=11381&debug=true&connection=producao&program=pwud001&template=%28vudTipoDocum%2CvudNoDocum%2CvudFinalidade%29&B1=Pesquisar',218088);
INSERT INTO hmprojetos.codigo_prefeitura values (70,'35741','2018',218088);
INSERT INTO hmprojetos.servico values (18011,'PAQ','PAQ 2018.011','Regularização Residencial','1000','2x','Rua Horácio Leandro, 41/43','Basiléia','Cachoeiro de Itapemirim','ES','29302875','2018-01-15','2018-09-14',null,16051);
INSERT INTO hmprojetos.link_externo values (293,'IPTU 11381','http://www2.cachoeiro.es.gov.br:8080/ZimWeb/servlet/ZII?connection=producao&program=pwci001&vudTipoDocum=9&vudNoDocum=11381&vexercicio=2019',18011);
INSERT INTO hmprojetos.link_externo values (294,'CND 11381','http://www2.cachoeiro.es.gov.br:8080/ZimWeb/servlet/ZII?vudTipoDocum=3&vudNoDocum=11381&debug=true&connection=producao&program=pwud001&template=%28vudTipoDocum%2CvudNoDocum%2CvudFinalidade%29&B1=Pesquisar',18011);
INSERT INTO hmprojetos.servico values (217086,'ASS','ASS 2017.086','Renovação de Alvará','300','','Rua José Turini, s/ nº','Recanto','Cachoeiro de Itapemirim','ES','','2017-11-27','2018-04-24',null,15065);
INSERT INTO hmprojetos.link_externo values (295,'IPTU 11545','http://www2.cachoeiro.es.gov.br:8080/ZimWeb/servlet/ZII?connection=producao&program=pwci001&vudTipoDocum=9&vudNoDocum=11545&vexercicio=2019',217086);
INSERT INTO hmprojetos.link_externo values (296,'CND 11545','http://www2.cachoeiro.es.gov.br:8080/ZimWeb/servlet/ZII?vudTipoDocum=3&vudNoDocum=11545&debug=true&connection=producao&program=pwud001&template=%28vudTipoDocum%2CvudNoDocum%2CvudFinalidade%29&B1=Pesquisar',217086);
INSERT INTO hmprojetos.codigo_prefeitura values (71,'2063','2018',217086);
INSERT INTO hmprojetos.servico values (218097,'ASS','ASS 2018.097','Alvará de Construção - Paulo de Brito','500','2x','Av. Dr. Aristides Campos','Santo Antônio','Cachoeiro de Itapemirim','ES','29230510','2018-10-16',null,null,15166);
INSERT INTO hmprojetos.link_externo values (297,'IPTU 11891','http://www2.cachoeiro.es.gov.br:8080/ZimWeb/servlet/ZII?connection=producao&program=pwci001&vudTipoDocum=9&vudNoDocum=11891&vexercicio=2019',218097);
INSERT INTO hmprojetos.link_externo values (298,'CND 11891','http://www2.cachoeiro.es.gov.br:8080/ZimWeb/servlet/ZII?vudTipoDocum=3&vudNoDocum=11891&debug=true&connection=producao&program=pwud001&template=%28vudTipoDocum%2CvudNoDocum%2CvudFinalidade%29&B1=Pesquisar',218097);
INSERT INTO hmprojetos.codigo_prefeitura values (72,'41519','2018',218097);
INSERT INTO hmprojetos.servico values (218125,'ASS','ASS 2018.125','Alvará de Demolição','200','','Avenida Doutor Aristides Campos - N° 219','Basiléia','Cachoeiro de Itapemirim','ES','29302801','2018-12-10','2018-12-19',null,18084);
INSERT INTO hmprojetos.link_externo values (299,'IPTU 11892','http://www2.cachoeiro.es.gov.br:8080/ZimWeb/servlet/ZII?connection=producao&program=pwci001&vudTipoDocum=9&vudNoDocum=11892&vexercicio=2019',218125);
INSERT INTO hmprojetos.link_externo values (300,'CND 11892','http://www2.cachoeiro.es.gov.br:8080/ZimWeb/servlet/ZII?vudTipoDocum=3&vudNoDocum=11892&debug=true&connection=producao&program=pwud001&template=%28vudTipoDocum%2CvudNoDocum%2CvudFinalidade%29&B1=Pesquisar',218125);
INSERT INTO hmprojetos.servico values (217012,'ASS','ASS 2017.012','Habite-se e Certdão Detalhada','500','2x','Rua Virginia, nº 18','Guandú','Cachoeiro de Itapemirim','ES',' 29300772','2017-03-08','2017-09-19',null,15153);
INSERT INTO hmprojetos.link_externo values (301,'IPTU 12252','http://www2.cachoeiro.es.gov.br:8080/ZimWeb/servlet/ZII?connection=producao&program=pwci001&vudTipoDocum=9&vudNoDocum=12252&vexercicio=2019',217012);
INSERT INTO hmprojetos.link_externo values (302,'CND 12252','http://www2.cachoeiro.es.gov.br:8080/ZimWeb/servlet/ZII?vudTipoDocum=3&vudNoDocum=12252&debug=true&connection=producao&program=pwud001&template=%28vudTipoDocum%2CvudNoDocum%2CvudFinalidade%29&B1=Pesquisar',217012);
INSERT INTO hmprojetos.codigo_prefeitura values (73,'7389','2017',217012);
INSERT INTO hmprojetos.codigo_prefeitura values (74,'7381','2017',217012);
INSERT INTO hmprojetos.servico values (215020,'ASS','ASS 2015.020','Troca de titularidade de IPTU','','','Rua Carlindo Santana, 13','Basilio Pimenta','Cachoeiro de Itapemirim','ES','29302849','2015-02-20','2018-03-12',null,15053);
INSERT INTO hmprojetos.link_externo values (303,'IPTU 12323','http://www2.cachoeiro.es.gov.br:8080/ZimWeb/servlet/ZII?connection=producao&program=pwci001&vudTipoDocum=9&vudNoDocum=12323&vexercicio=2019',215020);
INSERT INTO hmprojetos.link_externo values (304,'CND 12323','http://www2.cachoeiro.es.gov.br:8080/ZimWeb/servlet/ZII?vudTipoDocum=3&vudNoDocum=12323&debug=true&connection=producao&program=pwud001&template=%28vudTipoDocum%2CvudNoDocum%2CvudFinalidade%29&B1=Pesquisar',215020);
INSERT INTO hmprojetos.servico values (19021,'PAQ','PAQ 2019.021','Construção Residencial','2200','3x','Rua Haroldo Pastro - N° 107','Basiléia','Cachoeiro de Itapemirim','ES','29302806','2019-05-21','2019-07-02',null,19032);
INSERT INTO hmprojetos.link_externo values (305,'IPTU 12372','http://www2.cachoeiro.es.gov.br:8080/ZimWeb/servlet/ZII?connection=producao&program=pwci001&vudTipoDocum=9&vudNoDocum=12372&vexercicio=2019',19021);
INSERT INTO hmprojetos.link_externo values (306,'CND 12372','http://www2.cachoeiro.es.gov.br:8080/ZimWeb/servlet/ZII?vudTipoDocum=3&vudNoDocum=12372&debug=true&connection=producao&program=pwud001&template=%28vudTipoDocum%2CvudNoDocum%2CvudFinalidade%29&B1=Pesquisar',19021);
INSERT INTO hmprojetos.codigo_prefeitura values (75,'21397','2019',19021);
INSERT INTO hmprojetos.codigo_prefeitura values (76,'1564','1997',19021);
INSERT INTO hmprojetos.servico values (219038,'ASS','ASS 2019.038','Transferência de Titularidade - IPTU','300','2x','Rua Aldy Freitas de Moraes, ','Basiléia','Cachoeiro de Itapemirim','ES','29302812','2019-05-14',null,null,19024);
INSERT INTO hmprojetos.link_externo values (307,'IPTU 12467','http://www2.cachoeiro.es.gov.br:8080/ZimWeb/servlet/ZII?connection=producao&program=pwci001&vudTipoDocum=9&vudNoDocum=12467&vexercicio=2019',219038);
INSERT INTO hmprojetos.link_externo values (308,'CND 12467','http://www2.cachoeiro.es.gov.br:8080/ZimWeb/servlet/ZII?vudTipoDocum=3&vudNoDocum=12467&debug=true&connection=producao&program=pwud001&template=%28vudTipoDocum%2CvudNoDocum%2CvudFinalidade%29&B1=Pesquisar',219038);
INSERT INTO hmprojetos.servico values (219030,'ASS','ASS 2019.030','Registro de Escritura - 13.818','250','','Rua Aldy Freitas de Moraes, ','Basiléia','Cachoeiro de Itapemirim','ES','29302812','2019-04-12','2019-05-14',null,19024);
INSERT INTO hmprojetos.link_externo values (309,'IPTU 12467','http://www2.cachoeiro.es.gov.br:8080/ZimWeb/servlet/ZII?connection=producao&program=pwci001&vudTipoDocum=9&vudNoDocum=12467&vexercicio=2019',219030);
INSERT INTO hmprojetos.link_externo values (310,'CND 12467','http://www2.cachoeiro.es.gov.br:8080/ZimWeb/servlet/ZII?vudTipoDocum=3&vudNoDocum=12467&debug=true&connection=producao&program=pwud001&template=%28vudTipoDocum%2CvudNoDocum%2CvudFinalidade%29&B1=Pesquisar',219030);
INSERT INTO hmprojetos.servico values (11004,'PAQ','PAQ 2011.004','Regularização Residencial','','','Rua Aldir Freitas de Moraes','Basiléia','Cachoeiro de Itapemirim','ES','','2011-01-12','2018-03-01',null,15555);
INSERT INTO hmprojetos.link_externo values (311,'IPTU 12467','http://www2.cachoeiro.es.gov.br:8080/ZimWeb/servlet/ZII?connection=producao&program=pwci001&vudTipoDocum=9&vudNoDocum=12467&vexercicio=2019',11004);
INSERT INTO hmprojetos.link_externo values (312,'CND 12467','http://www2.cachoeiro.es.gov.br:8080/ZimWeb/servlet/ZII?vudTipoDocum=3&vudNoDocum=12467&debug=true&connection=producao&program=pwud001&template=%28vudTipoDocum%2CvudNoDocum%2CvudFinalidade%29&B1=Pesquisar',11004);
INSERT INTO hmprojetos.servico values (217009,'ASS','ASS 2017.009','Recibo Compra e Venda - Elienai Moreira Ribeiro','800','','Rua ','Basiléia','Cachoeiro de Itapemirim','ES','','2017-02-22','2017-07-05',null,15618);
INSERT INTO hmprojetos.link_externo values (313,'IPTU 12467','http://www2.cachoeiro.es.gov.br:8080/ZimWeb/servlet/ZII?connection=producao&program=pwci001&vudTipoDocum=9&vudNoDocum=12467&vexercicio=2019',217009);
INSERT INTO hmprojetos.link_externo values (314,'CND 12467','http://www2.cachoeiro.es.gov.br:8080/ZimWeb/servlet/ZII?vudTipoDocum=3&vudNoDocum=12467&debug=true&connection=producao&program=pwud001&template=%28vudTipoDocum%2CvudNoDocum%2CvudFinalidade%29&B1=Pesquisar',217009);
INSERT INTO hmprojetos.servico values (218071,'ASS','ASS 2018.071','Retificação de área - Prefeitura','500','2x','Rua São Miguel, 50/56','Otton Marins','Cachoeiro de Itapemirim','ES','29301805','2018-07-18',null,null,18029);
INSERT INTO hmprojetos.link_externo values (315,'IPTU 12803','http://www2.cachoeiro.es.gov.br:8080/ZimWeb/servlet/ZII?connection=producao&program=pwci001&vudTipoDocum=9&vudNoDocum=12803&vexercicio=2019',218071);
INSERT INTO hmprojetos.link_externo values (316,'CND 12803','http://www2.cachoeiro.es.gov.br:8080/ZimWeb/servlet/ZII?vudTipoDocum=3&vudNoDocum=12803&debug=true&connection=producao&program=pwud001&template=%28vudTipoDocum%2CvudNoDocum%2CvudFinalidade%29&B1=Pesquisar',218071);
INSERT INTO hmprojetos.servico values (118012,'PRS','PRS 2018.012','Retificação de Área','400','','Rua São Miguel, 50/56','Otton Marins','Cachoeiro de Itapemirim','ES','29301805','2018-06-25','2018-09-06',null,18029);
INSERT INTO hmprojetos.link_externo values (317,'IPTU 12803','http://www2.cachoeiro.es.gov.br:8080/ZimWeb/servlet/ZII?connection=producao&program=pwci001&vudTipoDocum=9&vudNoDocum=12803&vexercicio=2019',118012);
INSERT INTO hmprojetos.link_externo values (318,'CND 12803','http://www2.cachoeiro.es.gov.br:8080/ZimWeb/servlet/ZII?vudTipoDocum=3&vudNoDocum=12803&debug=true&connection=producao&program=pwud001&template=%28vudTipoDocum%2CvudNoDocum%2CvudFinalidade%29&B1=Pesquisar',118012);
INSERT INTO hmprojetos.servico values (18019,'PAQ','PAQ 2018.019','Regularização Residencial','3500','','Rua São Miguel, 50/56','Otton Marins','Cachoeiro de Itapemirim','ES','29301805','2018-05-07',null,null,18029);
INSERT INTO hmprojetos.link_externo values (319,'IPTU 12803','http://www2.cachoeiro.es.gov.br:8080/ZimWeb/servlet/ZII?connection=producao&program=pwci001&vudTipoDocum=9&vudNoDocum=12803&vexercicio=2019',18019);
INSERT INTO hmprojetos.link_externo values (320,'CND 12803','http://www2.cachoeiro.es.gov.br:8080/ZimWeb/servlet/ZII?vudTipoDocum=3&vudNoDocum=12803&debug=true&connection=producao&program=pwud001&template=%28vudTipoDocum%2CvudNoDocum%2CvudFinalidade%29&B1=Pesquisar',18019);
INSERT INTO hmprojetos.servico values (16033,'PAQ','PAQ 2016.033','Regularização e Reforma Residencial','2784','4x','Rua Domingos Vivacqua, 08','Santo Antônio','Cachoeiro de Itapemirim','ES','','2016-07-04','2017-02-01',null,16044);
INSERT INTO hmprojetos.link_externo values (321,'IPTU 13145','http://www2.cachoeiro.es.gov.br:8080/ZimWeb/servlet/ZII?connection=producao&program=pwci001&vudTipoDocum=9&vudNoDocum=13145&vexercicio=2019',16033);
INSERT INTO hmprojetos.link_externo values (322,'CND 13145','http://www2.cachoeiro.es.gov.br:8080/ZimWeb/servlet/ZII?vudTipoDocum=3&vudNoDocum=13145&debug=true&connection=producao&program=pwud001&template=%28vudTipoDocum%2CvudNoDocum%2CvudFinalidade%29&B1=Pesquisar',16033);
INSERT INTO hmprojetos.servico values (118033,'PRS','PRS 2018.033','Planta para Usucapião','450','1x','Rua Antonio Vieira, nº 42 a 44','Santo Antõnio','Cachoeiro de Itapemirim','ES','29300650','2018-11-12','2018-12-11',null,15174);
INSERT INTO hmprojetos.link_externo values (323,'IPTU 13158','http://www2.cachoeiro.es.gov.br:8080/ZimWeb/servlet/ZII?connection=producao&program=pwci001&vudTipoDocum=9&vudNoDocum=13158&vexercicio=2019',118033);
INSERT INTO hmprojetos.link_externo values (324,'CND 13158','http://www2.cachoeiro.es.gov.br:8080/ZimWeb/servlet/ZII?vudTipoDocum=3&vudNoDocum=13158&debug=true&connection=producao&program=pwud001&template=%28vudTipoDocum%2CvudNoDocum%2CvudFinalidade%29&B1=Pesquisar',118033);
INSERT INTO hmprojetos.servico values (214137,'ASS','ASS 2014.137','Regularização Garagem Comercial','','','Rua Antonio Vieira, nº 42 a 44','Santo Antônio','Cachoeiro de Itapemirim','ES','29300650','2014-11-21','2015-06-05',null,15174);
INSERT INTO hmprojetos.link_externo values (325,'IPTU 13158','http://www2.cachoeiro.es.gov.br:8080/ZimWeb/servlet/ZII?connection=producao&program=pwci001&vudTipoDocum=9&vudNoDocum=13158&vexercicio=2019',214137);
INSERT INTO hmprojetos.link_externo values (326,'CND 13158','http://www2.cachoeiro.es.gov.br:8080/ZimWeb/servlet/ZII?vudTipoDocum=3&vudNoDocum=13158&debug=true&connection=producao&program=pwud001&template=%28vudTipoDocum%2CvudNoDocum%2CvudFinalidade%29&B1=Pesquisar',214137);
INSERT INTO hmprojetos.codigo_prefeitura values (77,'40254','2014',214137);
INSERT INTO hmprojetos.servico values (116016,'PRS','PRS 2016.016','Retificação de Área','300','','Av. Santos Neves, Lote 6','Caiçara','Cachoeiro de Itapemirim','ES','29310/376','2016-07-12','2016-08-02',null,16032);
INSERT INTO hmprojetos.link_externo values (327,'IPTU 14333','http://www2.cachoeiro.es.gov.br:8080/ZimWeb/servlet/ZII?connection=producao&program=pwci001&vudTipoDocum=9&vudNoDocum=14333&vexercicio=2019',116016);
INSERT INTO hmprojetos.link_externo values (328,'CND 14333','http://www2.cachoeiro.es.gov.br:8080/ZimWeb/servlet/ZII?vudTipoDocum=3&vudNoDocum=14333&debug=true&connection=producao&program=pwud001&template=%28vudTipoDocum%2CvudNoDocum%2CvudFinalidade%29&B1=Pesquisar',116016);
INSERT INTO hmprojetos.servico values (218043,'ASS','ASS 2018.043','Regularização Comercial','700','2x','Av. Jones dos Santos Neves, 1348/1350','Caiçara','Cachoeiro de Itapemirim','ES','29310376','2018-04-23','2019-03-11',null,16032);
INSERT INTO hmprojetos.link_externo values (329,'IPTU 14339','http://www2.cachoeiro.es.gov.br:8080/ZimWeb/servlet/ZII?connection=producao&program=pwci001&vudTipoDocum=9&vudNoDocum=14339&vexercicio=2019',218043);
INSERT INTO hmprojetos.link_externo values (330,'CND 14339','http://www2.cachoeiro.es.gov.br:8080/ZimWeb/servlet/ZII?vudTipoDocum=3&vudNoDocum=14339&debug=true&connection=producao&program=pwud001&template=%28vudTipoDocum%2CvudNoDocum%2CvudFinalidade%29&B1=Pesquisar',218043);
INSERT INTO hmprojetos.codigo_prefeitura values (78,'19754','2018',218043);
INSERT INTO hmprojetos.servico values (218042,'ASS','ASS 2018.042','Regularização Residencial','','','Rua Wallace de Cássio Barbosa, nº 59','Village da Luz','Cachoeiro de Itapemirim','ES','29309390','2018-04-23',null,null,15464);
INSERT INTO hmprojetos.link_externo values (331,'IPTU 14339','http://www2.cachoeiro.es.gov.br:8080/ZimWeb/servlet/ZII?connection=producao&program=pwci001&vudTipoDocum=9&vudNoDocum=14339&vexercicio=2019',218042);
INSERT INTO hmprojetos.link_externo values (332,'CND 14339','http://www2.cachoeiro.es.gov.br:8080/ZimWeb/servlet/ZII?vudTipoDocum=3&vudNoDocum=14339&debug=true&connection=producao&program=pwud001&template=%28vudTipoDocum%2CvudNoDocum%2CvudFinalidade%29&B1=Pesquisar',218042);
INSERT INTO hmprojetos.codigo_prefeitura values (79,'19756','2018',218042);
INSERT INTO hmprojetos.servico values (216070,'ASS','ASS 2016.070','Retificação de Área Prefeitura','775','2x','Av. Santos Neves, Lote 6','Caiçara','Cachoeiro de Itapemirim','ES','29310376','2016-08-02','2017-09-21',null,16032);
INSERT INTO hmprojetos.link_externo values (333,'IPTU 14339','http://www2.cachoeiro.es.gov.br:8080/ZimWeb/servlet/ZII?connection=producao&program=pwci001&vudTipoDocum=9&vudNoDocum=14339&vexercicio=2019',216070);
INSERT INTO hmprojetos.link_externo values (334,'CND 14339','http://www2.cachoeiro.es.gov.br:8080/ZimWeb/servlet/ZII?vudTipoDocum=3&vudNoDocum=14339&debug=true&connection=producao&program=pwud001&template=%28vudTipoDocum%2CvudNoDocum%2CvudFinalidade%29&B1=Pesquisar',216070);
INSERT INTO hmprojetos.codigo_prefeitura values (80,'35252','2016',216070);
INSERT INTO hmprojetos.servico values (16023,'PAQ','PAQ 2016.023','Regularização Comercial','1650','3x','Av. Jones dos Santos Neves, 1348/1350','Caiçara','Cachoeiro de Itapemirim','ES','29310376','2016-05-10','2018-04-23',null,16032);
INSERT INTO hmprojetos.link_externo values (335,'IPTU 14339','http://www2.cachoeiro.es.gov.br:8080/ZimWeb/servlet/ZII?connection=producao&program=pwci001&vudTipoDocum=9&vudNoDocum=14339&vexercicio=2019',16023);
INSERT INTO hmprojetos.link_externo values (336,'CND 14339','http://www2.cachoeiro.es.gov.br:8080/ZimWeb/servlet/ZII?vudTipoDocum=3&vudNoDocum=14339&debug=true&connection=producao&program=pwud001&template=%28vudTipoDocum%2CvudNoDocum%2CvudFinalidade%29&B1=Pesquisar',16023);
INSERT INTO hmprojetos.servico values (17051,'PAQ','PAQ 2017.051','Croqui Arquitetônico','700','2x','Rua Samuel Duarte, 81','Santo Antonio','Cachoeiro de Itapemirim','ES','29300550','2017-11-11','2018-07-11',null,17086);
INSERT INTO hmprojetos.link_externo values (337,'IPTU 14770','http://www2.cachoeiro.es.gov.br:8080/ZimWeb/servlet/ZII?connection=producao&program=pwci001&vudTipoDocum=9&vudNoDocum=14770&vexercicio=2019',17051);
INSERT INTO hmprojetos.link_externo values (338,'CND 14770','http://www2.cachoeiro.es.gov.br:8080/ZimWeb/servlet/ZII?vudTipoDocum=3&vudNoDocum=14770&debug=true&connection=producao&program=pwud001&template=%28vudTipoDocum%2CvudNoDocum%2CvudFinalidade%29&B1=Pesquisar',17051);
INSERT INTO hmprojetos.servico values (17049,'PAQ','PAQ 2017.049','Regularização Residencial','550','','Rua Samuel Duarte, 81','Santo Antõnio','Cachoeiro de Itapemirim','ES','29300550','2017-11-11','2018-05-30',null,17082);
INSERT INTO hmprojetos.link_externo values (339,'IPTU 14776','http://www2.cachoeiro.es.gov.br:8080/ZimWeb/servlet/ZII?connection=producao&program=pwci001&vudTipoDocum=9&vudNoDocum=14776&vexercicio=2019',17049);
INSERT INTO hmprojetos.link_externo values (340,'CND 14776','http://www2.cachoeiro.es.gov.br:8080/ZimWeb/servlet/ZII?vudTipoDocum=3&vudNoDocum=14776&debug=true&connection=producao&program=pwud001&template=%28vudTipoDocum%2CvudNoDocum%2CvudFinalidade%29&B1=Pesquisar',17049);
INSERT INTO hmprojetos.servico values (118011,'PRS','PRS 2018.011','Croqui de Situação','250','','Rua Samuel Duarte, 50/52','Santo Antônio','Cachoeiro de Itapemirim','ES','29300550','2018-05-16','2018-05-21',null,18032);
INSERT INTO hmprojetos.link_externo values (341,'IPTU 14797','http://www2.cachoeiro.es.gov.br:8080/ZimWeb/servlet/ZII?connection=producao&program=pwci001&vudTipoDocum=9&vudNoDocum=14797&vexercicio=2019',118011);
INSERT INTO hmprojetos.link_externo values (342,'CND 14797','http://www2.cachoeiro.es.gov.br:8080/ZimWeb/servlet/ZII?vudTipoDocum=3&vudNoDocum=14797&debug=true&connection=producao&program=pwud001&template=%28vudTipoDocum%2CvudNoDocum%2CvudFinalidade%29&B1=Pesquisar',118011);
INSERT INTO hmprojetos.servico values (18043,'PAQ','PAQ 2018.043','Alvará de Regularização','150','1x','Rod. Gumercindo Moura Nunes - KM 10','Soturno','Cachoeiro de Itapemirim','ES','29300000','2018-10-03','2018-10-08',null,18063);
INSERT INTO hmprojetos.link_externo values (343,'IPTU 17694','http://www2.cachoeiro.es.gov.br:8080/ZimWeb/servlet/ZII?connection=producao&program=pwci001&vudTipoDocum=9&vudNoDocum=17694&vexercicio=2019',18043);
INSERT INTO hmprojetos.link_externo values (344,'CND 17694','http://www2.cachoeiro.es.gov.br:8080/ZimWeb/servlet/ZII?vudTipoDocum=3&vudNoDocum=17694&debug=true&connection=producao&program=pwud001&template=%28vudTipoDocum%2CvudNoDocum%2CvudFinalidade%29&B1=Pesquisar',18043);
INSERT INTO hmprojetos.servico values (18042,'PAQ','PAQ 2018.042','Alvará de Regularização','300','2x','Rod. Gumercindo Moura Nunes - KM 10','Soturno','Cachoeiro de Itapemirim','ES','29300000','2018-10-03','2018-10-08',null,18062);
INSERT INTO hmprojetos.link_externo values (345,'IPTU 17694','http://www2.cachoeiro.es.gov.br:8080/ZimWeb/servlet/ZII?connection=producao&program=pwci001&vudTipoDocum=9&vudNoDocum=17694&vexercicio=2019',18042);
INSERT INTO hmprojetos.link_externo values (346,'CND 17694','http://www2.cachoeiro.es.gov.br:8080/ZimWeb/servlet/ZII?vudTipoDocum=3&vudNoDocum=17694&debug=true&connection=producao&program=pwud001&template=%28vudTipoDocum%2CvudNoDocum%2CvudFinalidade%29&B1=Pesquisar',18042);
INSERT INTO hmprojetos.servico values (19025,'PAQ','PAQ 2019.025','Regularização Residencial','1600','3x','Rua Mariano Bueno - N° 18','Amaral','Cachoeiro de Itapemirim','ES','29305140','2019-06-28',null,null,19038);
INSERT INTO hmprojetos.link_externo values (347,'IPTU 18007','http://www2.cachoeiro.es.gov.br:8080/ZimWeb/servlet/ZII?connection=producao&program=pwci001&vudTipoDocum=9&vudNoDocum=18007&vexercicio=2019',19025);
INSERT INTO hmprojetos.link_externo values (348,'CND 18007','http://www2.cachoeiro.es.gov.br:8080/ZimWeb/servlet/ZII?vudTipoDocum=3&vudNoDocum=18007&debug=true&connection=producao&program=pwud001&template=%28vudTipoDocum%2CvudNoDocum%2CvudFinalidade%29&B1=Pesquisar',19025);
INSERT INTO hmprojetos.servico values (218039,'ASS','ASS 2018.039','Transferência de Titularidade - IPTU','1200','2x','Escadaria José Mote de Lima, 23 a 31','Amaral','Cachoeiro de Itapemirim','ES','29305140','2018-02-21',null,null,18025);
INSERT INTO hmprojetos.link_externo values (349,'IPTU 18037','http://www2.cachoeiro.es.gov.br:8080/ZimWeb/servlet/ZII?connection=producao&program=pwci001&vudTipoDocum=9&vudNoDocum=18037&vexercicio=2019',218039);
INSERT INTO hmprojetos.link_externo values (350,'CND 18037','http://www2.cachoeiro.es.gov.br:8080/ZimWeb/servlet/ZII?vudTipoDocum=3&vudNoDocum=18037&debug=true&connection=producao&program=pwud001&template=%28vudTipoDocum%2CvudNoDocum%2CvudFinalidade%29&B1=Pesquisar',218039);
INSERT INTO hmprojetos.codigo_prefeitura values (81,'32754','2018',218039);
INSERT INTO hmprojetos.codigo_prefeitura values (82,'32751','2018',218039);
INSERT INTO hmprojetos.servico values (217096,'ASS','ASS 2017.096','Certidão Detalhada e Habite-se','400','','Escadaria José Mote de Lima, 23 a 31','Amaral','Cachoeiro de Itapemirim','ES','29305140','2017-12-19','2018-11-22',null,15088);
INSERT INTO hmprojetos.link_externo values (351,'IPTU 18037','http://www2.cachoeiro.es.gov.br:8080/ZimWeb/servlet/ZII?connection=producao&program=pwci001&vudTipoDocum=9&vudNoDocum=18037&vexercicio=2019',217096);
INSERT INTO hmprojetos.link_externo values (352,'CND 18037','http://www2.cachoeiro.es.gov.br:8080/ZimWeb/servlet/ZII?vudTipoDocum=3&vudNoDocum=18037&debug=true&connection=producao&program=pwud001&template=%28vudTipoDocum%2CvudNoDocum%2CvudFinalidade%29&B1=Pesquisar',217096);
INSERT INTO hmprojetos.codigo_prefeitura values (83,'10419','2018',217096);
INSERT INTO hmprojetos.codigo_prefeitura values (84,'10416','2018',217096);
INSERT INTO hmprojetos.servico values (216065,'ASS','ASS 2016.065','CNO - Receita Federal','500','2x','Rua Amâncio Silva, 38','Baiminas','Cachoeiro de Itapemirim','ES','','2016-07-13',null,null,16045);
INSERT INTO hmprojetos.link_externo values (353,'IPTU 18773','http://www2.cachoeiro.es.gov.br:8080/ZimWeb/servlet/ZII?connection=producao&program=pwci001&vudTipoDocum=9&vudNoDocum=18773&vexercicio=2019',216065);
INSERT INTO hmprojetos.link_externo values (354,'CND 18773','http://www2.cachoeiro.es.gov.br:8080/ZimWeb/servlet/ZII?vudTipoDocum=3&vudNoDocum=18773&debug=true&connection=producao&program=pwud001&template=%28vudTipoDocum%2CvudNoDocum%2CvudFinalidade%29&B1=Pesquisar',216065);
INSERT INTO hmprojetos.servico values (17003,'PAQ','PAQ 2017.003','Regularização Residencial','1600','2x','Rua Coronel Francisco Athaide. 134 (68)','Alto Independência','Cachoeiro de Itapemirim','ES','29307362','2017-01-23','2018-02-05',null,17002);
INSERT INTO hmprojetos.link_externo values (355,'IPTU 19184','http://www2.cachoeiro.es.gov.br:8080/ZimWeb/servlet/ZII?connection=producao&program=pwci001&vudTipoDocum=9&vudNoDocum=19184&vexercicio=2019',17003);
INSERT INTO hmprojetos.link_externo values (356,'CND 19184','http://www2.cachoeiro.es.gov.br:8080/ZimWeb/servlet/ZII?vudTipoDocum=3&vudNoDocum=19184&debug=true&connection=producao&program=pwud001&template=%28vudTipoDocum%2CvudNoDocum%2CvudFinalidade%29&B1=Pesquisar',17003);
INSERT INTO hmprojetos.servico values (09091,'PAQ','PAQ 2009.091','Regularização Residencial ','','','Rua Ernesto Melo, 7','São Luiz Gonzaga','Cachoeiro de Itapemirim','ES','29305690','2011-05-13','2018-01-26',null,15828);
INSERT INTO hmprojetos.link_externo values (357,'IPTU 19741','http://www2.cachoeiro.es.gov.br:8080/ZimWeb/servlet/ZII?connection=producao&program=pwci001&vudTipoDocum=9&vudNoDocum=19741&vexercicio=2019',09091);
INSERT INTO hmprojetos.link_externo values (358,'CND 19741','http://www2.cachoeiro.es.gov.br:8080/ZimWeb/servlet/ZII?vudTipoDocum=3&vudNoDocum=19741&debug=true&connection=producao&program=pwud001&template=%28vudTipoDocum%2CvudNoDocum%2CvudFinalidade%29&B1=Pesquisar',09091);
INSERT INTO hmprojetos.servico values (212129,'ASS','ASS 2012.129','Licença para Construção','300','2x','Rua Mário Soares Reis, s/nº','Independência','Cachoeiro de Itapemirim','ES','29306355','2012-07-30',null,null,15045);
INSERT INTO hmprojetos.link_externo values (359,'IPTU 20344','http://www2.cachoeiro.es.gov.br:8080/ZimWeb/servlet/ZII?connection=producao&program=pwci001&vudTipoDocum=9&vudNoDocum=20344&vexercicio=2019',212129);
INSERT INTO hmprojetos.link_externo values (360,'CND 20344','http://www2.cachoeiro.es.gov.br:8080/ZimWeb/servlet/ZII?vudTipoDocum=3&vudNoDocum=20344&debug=true&connection=producao&program=pwud001&template=%28vudTipoDocum%2CvudNoDocum%2CvudFinalidade%29&B1=Pesquisar',212129);
INSERT INTO hmprojetos.servico values (12098,'PAQ','PAQ 2012.098','Ampliação Residencial - 2º Pavimento','800','','Rua Mário Soares Reis, 64 A 68','Independência','Cachoeiro de Itapemirim','ES','29306355','2012-09-24','2017-11-23',null,15045);
INSERT INTO hmprojetos.link_externo values (361,'IPTU 20344','http://www2.cachoeiro.es.gov.br:8080/ZimWeb/servlet/ZII?connection=producao&program=pwci001&vudTipoDocum=9&vudNoDocum=20344&vexercicio=2019',12098);
INSERT INTO hmprojetos.link_externo values (362,'CND 20344','http://www2.cachoeiro.es.gov.br:8080/ZimWeb/servlet/ZII?vudTipoDocum=3&vudNoDocum=20344&debug=true&connection=producao&program=pwud001&template=%28vudTipoDocum%2CvudNoDocum%2CvudFinalidade%29&B1=Pesquisar',12098);
INSERT INTO hmprojetos.servico values (217047,'ASS','ASS 2017.047','Reforma Comercial','','','Rua Bernardo Horta, 349','Guandu','Cachoeiro de Itapemirim','ES','29300797','2017-07-17','2017-12-15',null,15497);
INSERT INTO hmprojetos.link_externo values (363,'IPTU 20735','http://www2.cachoeiro.es.gov.br:8080/ZimWeb/servlet/ZII?connection=producao&program=pwci001&vudTipoDocum=9&vudNoDocum=20735&vexercicio=2019',217047);
INSERT INTO hmprojetos.link_externo values (364,'CND 20735','http://www2.cachoeiro.es.gov.br:8080/ZimWeb/servlet/ZII?vudTipoDocum=3&vudNoDocum=20735&debug=true&connection=producao&program=pwud001&template=%28vudTipoDocum%2CvudNoDocum%2CvudFinalidade%29&B1=Pesquisar',217047);
INSERT INTO hmprojetos.codigo_prefeitura values (85,'25454','2017',217047);
INSERT INTO hmprojetos.servico values (116002,'PRS','PRS 2016.002','Retificação de Área','350','','Rua Brahim Antônio Seder, 96 A 102','Centro','Cachoeiro de Itapemirim','ES','','2015-11-30','2016-09-06',null,16017);
INSERT INTO hmprojetos.link_externo values (365,'IPTU 21378','http://www2.cachoeiro.es.gov.br:8080/ZimWeb/servlet/ZII?connection=producao&program=pwci001&vudTipoDocum=9&vudNoDocum=21378&vexercicio=2019',116002);
INSERT INTO hmprojetos.link_externo values (366,'CND 21378','http://www2.cachoeiro.es.gov.br:8080/ZimWeb/servlet/ZII?vudTipoDocum=3&vudNoDocum=21378&debug=true&connection=producao&program=pwud001&template=%28vudTipoDocum%2CvudNoDocum%2CvudFinalidade%29&B1=Pesquisar',116002);
INSERT INTO hmprojetos.servico values (219026,'ASS','ASS 2019.026','Retificação de Área - Prefeitura - L 46 Q 20','125','1x','Av. Gov. Christiano Dias Lopes Filho, 47 ( Lote 46 Quadra 20 )','Gilberto Machado','Cachoeiro de Itapemirim','ES','29303320','2019-04-02',null,null,18019);
INSERT INTO hmprojetos.link_externo values (367,'IPTU 23056','http://www2.cachoeiro.es.gov.br:8080/ZimWeb/servlet/ZII?connection=producao&program=pwci001&vudTipoDocum=9&vudNoDocum=23056&vexercicio=2019',219026);
INSERT INTO hmprojetos.link_externo values (368,'CND 23056','http://www2.cachoeiro.es.gov.br:8080/ZimWeb/servlet/ZII?vudTipoDocum=3&vudNoDocum=23056&debug=true&connection=producao&program=pwud001&template=%28vudTipoDocum%2CvudNoDocum%2CvudFinalidade%29&B1=Pesquisar',219026);
INSERT INTO hmprojetos.servico values (118021,'PRS','PRS 2018.021','Retificação de Área L:46/ Q:20','500','2x','Avn Gov Christiano Dias Lopes Filho, 47','Gilberto Machado','Cachoeiro de Itapemirim','ES','29303320',null,'2019-04-03',null,18019);
INSERT INTO hmprojetos.link_externo values (369,'IPTU 23056','http://www2.cachoeiro.es.gov.br:8080/ZimWeb/servlet/ZII?connection=producao&program=pwci001&vudTipoDocum=9&vudNoDocum=23056&vexercicio=2019',118021);
INSERT INTO hmprojetos.link_externo values (370,'CND 23056','http://www2.cachoeiro.es.gov.br:8080/ZimWeb/servlet/ZII?vudTipoDocum=3&vudNoDocum=23056&debug=true&connection=producao&program=pwud001&template=%28vudTipoDocum%2CvudNoDocum%2CvudFinalidade%29&B1=Pesquisar',118021);
INSERT INTO hmprojetos.servico values (119017,'PRS','PRS 2019.017','Retificação de Área','','','Av. Gov. Christiano Dias Lopes, 177','Gilberto Machado','Cachoeiro de Itapemirim','ES','29303320','2019-02-12',null,null,18082);
INSERT INTO hmprojetos.link_externo values (371,'IPTU 23097','http://www2.cachoeiro.es.gov.br:8080/ZimWeb/servlet/ZII?connection=producao&program=pwci001&vudTipoDocum=9&vudNoDocum=23097&vexercicio=2019',119017);
INSERT INTO hmprojetos.link_externo values (372,'CND 23097','http://www2.cachoeiro.es.gov.br:8080/ZimWeb/servlet/ZII?vudTipoDocum=3&vudNoDocum=23097&debug=true&connection=producao&program=pwud001&template=%28vudTipoDocum%2CvudNoDocum%2CvudFinalidade%29&B1=Pesquisar',119017);
INSERT INTO hmprojetos.servico values (219033,'ASS','ASS 2019.033','Alvará de Reforma','1000','','Rua João Penha, 01','Gilberto Machado','Cachoeiro de Itapemirim','ES','29303380','2019-04-16',null,null,19025);
INSERT INTO hmprojetos.link_externo values (373,'IPTU 23246','http://www2.cachoeiro.es.gov.br:8080/ZimWeb/servlet/ZII?connection=producao&program=pwci001&vudTipoDocum=9&vudNoDocum=23246&vexercicio=2019',219033);
INSERT INTO hmprojetos.link_externo values (374,'CND 23246','http://www2.cachoeiro.es.gov.br:8080/ZimWeb/servlet/ZII?vudTipoDocum=3&vudNoDocum=23246&debug=true&connection=producao&program=pwud001&template=%28vudTipoDocum%2CvudNoDocum%2CvudFinalidade%29&B1=Pesquisar',219033);
INSERT INTO hmprojetos.codigo_prefeitura values (86,'25300','2019',219033);
INSERT INTO hmprojetos.servico values (218060,'ASS','ASS 2018.060','Retificação de Área - Prefeitura ( L38Q20 )','','','Rua Papa João XXIII - lote 38 quadra 20','Gilberto Machado','Cachoeiro de Itapemirim','ES','','2018-04-23',null,null,16070);
INSERT INTO hmprojetos.link_externo values (375,'IPTU 23391','http://www2.cachoeiro.es.gov.br:8080/ZimWeb/servlet/ZII?connection=producao&program=pwci001&vudTipoDocum=9&vudNoDocum=23391&vexercicio=2019',218060);
INSERT INTO hmprojetos.link_externo values (376,'CND 23391','http://www2.cachoeiro.es.gov.br:8080/ZimWeb/servlet/ZII?vudTipoDocum=3&vudNoDocum=23391&debug=true&connection=producao&program=pwud001&template=%28vudTipoDocum%2CvudNoDocum%2CvudFinalidade%29&B1=Pesquisar',218060);
INSERT INTO hmprojetos.servico values (218104,'ASS','ASS 2018.104','Transferência de Titularidade de Projeto','300','2x','Rua das Orquídeas','Paraíso','Cachoeiro de Itapemirim','ES','29304023','2018-10-26','2019-03-29',null,15712);
INSERT INTO hmprojetos.link_externo values (377,'IPTU 23566','http://www2.cachoeiro.es.gov.br:8080/ZimWeb/servlet/ZII?connection=producao&program=pwci001&vudTipoDocum=9&vudNoDocum=23566&vexercicio=2019',218104);
INSERT INTO hmprojetos.link_externo values (378,'CND 23566','http://www2.cachoeiro.es.gov.br:8080/ZimWeb/servlet/ZII?vudTipoDocum=3&vudNoDocum=23566&debug=true&connection=producao&program=pwud001&template=%28vudTipoDocum%2CvudNoDocum%2CvudFinalidade%29&B1=Pesquisar',218104);
INSERT INTO hmprojetos.codigo_prefeitura values (87,'42734','2018',218104);
INSERT INTO hmprojetos.servico values (18049,'PAQ','PAQ 2018.049','Reforma Residencial','1000','2x','Rua das Orquídeas','Paraíso','Cachoeiro de Itapemirim','ES','29304023','2018-10-08','2019-07-11',null,15712);
INSERT INTO hmprojetos.link_externo values (379,'IPTU 23566','http://www2.cachoeiro.es.gov.br:8080/ZimWeb/servlet/ZII?connection=producao&program=pwci001&vudTipoDocum=9&vudNoDocum=23566&vexercicio=2019',18049);
INSERT INTO hmprojetos.link_externo values (380,'CND 23566','http://www2.cachoeiro.es.gov.br:8080/ZimWeb/servlet/ZII?vudTipoDocum=3&vudNoDocum=23566&debug=true&connection=producao&program=pwud001&template=%28vudTipoDocum%2CvudNoDocum%2CvudFinalidade%29&B1=Pesquisar',18049);
INSERT INTO hmprojetos.servico values (218019,'ASS','ASS 2018.019','Retificação de Área - Cartório ( L37 Q35 )','','','Rua Agostinho Madureira - lote 37quadra 35','Gilberto Machado','Cachoeiro de Itapemirim','ES','','2018-02-20',null,null,16070);
INSERT INTO hmprojetos.link_externo values (381,'IPTU 23574','http://www2.cachoeiro.es.gov.br:8080/ZimWeb/servlet/ZII?connection=producao&program=pwci001&vudTipoDocum=9&vudNoDocum=23574&vexercicio=2019',218019);
INSERT INTO hmprojetos.link_externo values (382,'CND 23574','http://www2.cachoeiro.es.gov.br:8080/ZimWeb/servlet/ZII?vudTipoDocum=3&vudNoDocum=23574&debug=true&connection=producao&program=pwud001&template=%28vudTipoDocum%2CvudNoDocum%2CvudFinalidade%29&B1=Pesquisar',218019);
INSERT INTO hmprojetos.servico values (219024,'ASS','ASS 2019.024','Retificação de Área - Prefeitura - L 49 Q 36','125','1x','Agostinho Madureira, 50 (Lote 49 Quadra 36)','Gilberto Machado','Cachoeiro de Itapemirim','ES','29303224','2019-04-02',null,null,18019);
INSERT INTO hmprojetos.link_externo values (383,'IPTU 23595','http://www2.cachoeiro.es.gov.br:8080/ZimWeb/servlet/ZII?connection=producao&program=pwci001&vudTipoDocum=9&vudNoDocum=23595&vexercicio=2019',219024);
INSERT INTO hmprojetos.link_externo values (384,'CND 23595','http://www2.cachoeiro.es.gov.br:8080/ZimWeb/servlet/ZII?vudTipoDocum=3&vudNoDocum=23595&debug=true&connection=producao&program=pwud001&template=%28vudTipoDocum%2CvudNoDocum%2CvudFinalidade%29&B1=Pesquisar',219024);
INSERT INTO hmprojetos.servico values (118019,'PRS','PRS 2018.019','Retificação de Área - L:49/ Q:36','500','2x','Agostinho Madureira, 50/52','Gilberto Machado','Cachoeiro de Itapemirim','ES','29303224','2018-08-01','2019-04-03',null,18019);
INSERT INTO hmprojetos.link_externo values (385,'IPTU 23595','http://www2.cachoeiro.es.gov.br:8080/ZimWeb/servlet/ZII?connection=producao&program=pwci001&vudTipoDocum=9&vudNoDocum=23595&vexercicio=2019',118019);
INSERT INTO hmprojetos.link_externo values (386,'CND 23595','http://www2.cachoeiro.es.gov.br:8080/ZimWeb/servlet/ZII?vudTipoDocum=3&vudNoDocum=23595&debug=true&connection=producao&program=pwud001&template=%28vudTipoDocum%2CvudNoDocum%2CvudFinalidade%29&B1=Pesquisar',118019);
INSERT INTO hmprojetos.servico values (218059,'ASS','ASS 2018.059','Retificação de Área - Prefeitura ( L15Q44 )','','','Rua Geraldo Cortês Fragoso - lote 15 quadra 44','Gilberto Machado','Cachoeiro de Itapemirim','ES','29305353','2018-04-23',null,null,16070);
INSERT INTO hmprojetos.link_externo values (387,'IPTU 23706','http://www2.cachoeiro.es.gov.br:8080/ZimWeb/servlet/ZII?connection=producao&program=pwci001&vudTipoDocum=9&vudNoDocum=23706&vexercicio=2019',218059);
INSERT INTO hmprojetos.link_externo values (388,'CND 23706','http://www2.cachoeiro.es.gov.br:8080/ZimWeb/servlet/ZII?vudTipoDocum=3&vudNoDocum=23706&debug=true&connection=producao&program=pwud001&template=%28vudTipoDocum%2CvudNoDocum%2CvudFinalidade%29&B1=Pesquisar',218059);
INSERT INTO hmprojetos.servico values (219023,'ASS','ASS 2019.023','Retificação de Área - Prefeitura - L 33 Q 12','125','1x','Anphilophio Braga, 48 (Lote 33 Quadra 12)','Gilberto Machado','Cachoeiro de Itapemirim','ES','29303220','2019-04-02',null,null,18019);
INSERT INTO hmprojetos.link_externo values (389,'IPTU 23819','http://www2.cachoeiro.es.gov.br:8080/ZimWeb/servlet/ZII?connection=producao&program=pwci001&vudTipoDocum=9&vudNoDocum=23819&vexercicio=2019',219023);
INSERT INTO hmprojetos.link_externo values (390,'CND 23819','http://www2.cachoeiro.es.gov.br:8080/ZimWeb/servlet/ZII?vudTipoDocum=3&vudNoDocum=23819&debug=true&connection=producao&program=pwud001&template=%28vudTipoDocum%2CvudNoDocum%2CvudFinalidade%29&B1=Pesquisar',219023);
INSERT INTO hmprojetos.servico values (118018,'PRS','PRS 2018.018','Retificação de Área - L:33/ Q:12','500','2x','Anphilophio Braga, 48/50','Gilberto Machado','Cachoeiro de Itapemirim','ES','29303220','2018-08-01','2019-04-03',null,18019);
INSERT INTO hmprojetos.link_externo values (391,'IPTU 23819','http://www2.cachoeiro.es.gov.br:8080/ZimWeb/servlet/ZII?connection=producao&program=pwci001&vudTipoDocum=9&vudNoDocum=23819&vexercicio=2019',118018);
INSERT INTO hmprojetos.link_externo values (392,'CND 23819','http://www2.cachoeiro.es.gov.br:8080/ZimWeb/servlet/ZII?vudTipoDocum=3&vudNoDocum=23819&debug=true&connection=producao&program=pwud001&template=%28vudTipoDocum%2CvudNoDocum%2CvudFinalidade%29&B1=Pesquisar',118018);
INSERT INTO hmprojetos.servico values (219025,'ASS','ASS 2019.025','Retificação de Área - Prefeitura - L 36 Q 12','125','1x','Anphilophio Braga, 56 (Lote 36 Quadra 12)','Gilberto Machado','Cachoeiro de Itapemirim','ES','29303220','2019-04-02',null,null,18019);
INSERT INTO hmprojetos.link_externo values (393,'IPTU 23821','http://www2.cachoeiro.es.gov.br:8080/ZimWeb/servlet/ZII?connection=producao&program=pwci001&vudTipoDocum=9&vudNoDocum=23821&vexercicio=2019',219025);
INSERT INTO hmprojetos.link_externo values (394,'CND 23821','http://www2.cachoeiro.es.gov.br:8080/ZimWeb/servlet/ZII?vudTipoDocum=3&vudNoDocum=23821&debug=true&connection=producao&program=pwud001&template=%28vudTipoDocum%2CvudNoDocum%2CvudFinalidade%29&B1=Pesquisar',219025);
INSERT INTO hmprojetos.servico values (118020,'PRS','PRS 2018.020','Retificação de Área L:36/ Q:12','500','2x','Anphilophio Braga,56/58','Gilberto Machado','Cachoeiro de Itapemirim','ES','29303220','2018-08-01','2019-04-03',null,18019);
INSERT INTO hmprojetos.link_externo values (395,'IPTU 23821','http://www2.cachoeiro.es.gov.br:8080/ZimWeb/servlet/ZII?connection=producao&program=pwci001&vudTipoDocum=9&vudNoDocum=23821&vexercicio=2019',118020);
INSERT INTO hmprojetos.link_externo values (396,'CND 23821','http://www2.cachoeiro.es.gov.br:8080/ZimWeb/servlet/ZII?vudTipoDocum=3&vudNoDocum=23821&debug=true&connection=producao&program=pwud001&template=%28vudTipoDocum%2CvudNoDocum%2CvudFinalidade%29&B1=Pesquisar',118020);
INSERT INTO hmprojetos.servico values (218107,'ASS','ASS 2018.107','Averbação de Imóvel - Cartório','400','2x','Av. Francisco Lacerda de Aguiar - N° 305/317','Amarelo','Cachoeiro de Itapemirim','ES','29304623','2018-09-21',null,null,18057);
INSERT INTO hmprojetos.link_externo values (397,'IPTU 24168','http://www2.cachoeiro.es.gov.br:8080/ZimWeb/servlet/ZII?connection=producao&program=pwci001&vudTipoDocum=9&vudNoDocum=24168&vexercicio=2019',218107);
INSERT INTO hmprojetos.link_externo values (398,'CND 24168','http://www2.cachoeiro.es.gov.br:8080/ZimWeb/servlet/ZII?vudTipoDocum=3&vudNoDocum=24168&debug=true&connection=producao&program=pwud001&template=%28vudTipoDocum%2CvudNoDocum%2CvudFinalidade%29&B1=Pesquisar',218107);
INSERT INTO hmprojetos.servico values (218106,'ASS','ASS 2018.106','CND - Receita Federal','800','2x','Av. Francisco Lacerda de Aguiar - N° 305/317','Amarelo','Cachoeiro de Itapemirim','ES','29304623','2018-09-21',null,null,18057);
INSERT INTO hmprojetos.link_externo values (399,'IPTU 24168','http://www2.cachoeiro.es.gov.br:8080/ZimWeb/servlet/ZII?connection=producao&program=pwci001&vudTipoDocum=9&vudNoDocum=24168&vexercicio=2019',218106);
INSERT INTO hmprojetos.link_externo values (400,'CND 24168','http://www2.cachoeiro.es.gov.br:8080/ZimWeb/servlet/ZII?vudTipoDocum=3&vudNoDocum=24168&debug=true&connection=producao&program=pwud001&template=%28vudTipoDocum%2CvudNoDocum%2CvudFinalidade%29&B1=Pesquisar',218106);
INSERT INTO hmprojetos.servico values (219010,'ASS','ASS 2019.010','Busca de dados','400','2x','Rua Jerônimo Ribeiro, n° 458','Amarelo','Cachoeiro de Itapemirim','ES','29304632','2019-02-27',null,null,19013);
INSERT INTO hmprojetos.link_externo values (401,'IPTU 24238','http://www2.cachoeiro.es.gov.br:8080/ZimWeb/servlet/ZII?connection=producao&program=pwci001&vudTipoDocum=9&vudNoDocum=24238&vexercicio=2019',219010);
INSERT INTO hmprojetos.link_externo values (402,'CND 24238','http://www2.cachoeiro.es.gov.br:8080/ZimWeb/servlet/ZII?vudTipoDocum=3&vudNoDocum=24238&debug=true&connection=producao&program=pwud001&template=%28vudTipoDocum%2CvudNoDocum%2CvudFinalidade%29&B1=Pesquisar',219010);
INSERT INTO hmprojetos.codigo_prefeitura values (88,'10285','1995',219010);
INSERT INTO hmprojetos.servico values (218102,'ASS','ASS 2018.102','Substituição de Projeto','700','2x','Rua Jerônimo Ribeiro - N° 392','Alto Amarelo','Cachoeiro de Itapemirim','ES','29304377','2018-10-25',null,null,18073);
INSERT INTO hmprojetos.link_externo values (403,'IPTU 24267','http://www2.cachoeiro.es.gov.br:8080/ZimWeb/servlet/ZII?connection=producao&program=pwci001&vudTipoDocum=9&vudNoDocum=24267&vexercicio=2019',218102);
INSERT INTO hmprojetos.link_externo values (404,'CND 24267','http://www2.cachoeiro.es.gov.br:8080/ZimWeb/servlet/ZII?vudTipoDocum=3&vudNoDocum=24267&debug=true&connection=producao&program=pwud001&template=%28vudTipoDocum%2CvudNoDocum%2CvudFinalidade%29&B1=Pesquisar',218102);
INSERT INTO hmprojetos.codigo_prefeitura values (89,'41507','2018',218102);
INSERT INTO hmprojetos.servico values (218011,'ASS','ASS 2018.011','Renovação de Alvará','90','','Rua Jeronimo Ribeiro, nº 268','Amarelo','Cachoeiro de Itapemirim','ES','','2018-01-22','018-07-17',null,15725);
INSERT INTO hmprojetos.link_externo values (405,'IPTU 24494','http://www2.cachoeiro.es.gov.br:8080/ZimWeb/servlet/ZII?connection=producao&program=pwci001&vudTipoDocum=9&vudNoDocum=24494&vexercicio=2019',218011);
INSERT INTO hmprojetos.link_externo values (406,'CND 24494','http://www2.cachoeiro.es.gov.br:8080/ZimWeb/servlet/ZII?vudTipoDocum=3&vudNoDocum=24494&debug=true&connection=producao&program=pwud001&template=%28vudTipoDocum%2CvudNoDocum%2CvudFinalidade%29&B1=Pesquisar',218011);
INSERT INTO hmprojetos.codigo_prefeitura values (90,'2379','2018',218011);
INSERT INTO hmprojetos.servico values (18024,'PAQ','PAQ 2018.024','Regularização Residencial','3000','3x','Rua Genaro Ribeiro, 11/13','Sumaré','Cachoeiro de Itapemirim','ES','29304560','2018-04-20',null,null,18040);
INSERT INTO hmprojetos.link_externo values (407,'IPTU 24899','http://www2.cachoeiro.es.gov.br:8080/ZimWeb/servlet/ZII?connection=producao&program=pwci001&vudTipoDocum=9&vudNoDocum=24899&vexercicio=2019',18024);
INSERT INTO hmprojetos.link_externo values (408,'CND 24899','http://www2.cachoeiro.es.gov.br:8080/ZimWeb/servlet/ZII?vudTipoDocum=3&vudNoDocum=24899&debug=true&connection=producao&program=pwud001&template=%28vudTipoDocum%2CvudNoDocum%2CvudFinalidade%29&B1=Pesquisar',18024);
INSERT INTO hmprojetos.servico values (217015,'ASS','ASS 2017.015','Alvará de Construção','500','2x','Rua Genaro Ribeiro, 64 a 74','Sumaré','Cachoeiro de Itapemirim','ES','','2017-03-25','2018-12-13',null,15403);
INSERT INTO hmprojetos.link_externo values (409,'IPTU 24918','http://www2.cachoeiro.es.gov.br:8080/ZimWeb/servlet/ZII?connection=producao&program=pwci001&vudTipoDocum=9&vudNoDocum=24918&vexercicio=2019',217015);
INSERT INTO hmprojetos.link_externo values (410,'CND 24918','http://www2.cachoeiro.es.gov.br:8080/ZimWeb/servlet/ZII?vudTipoDocum=3&vudNoDocum=24918&debug=true&connection=producao&program=pwud001&template=%28vudTipoDocum%2CvudNoDocum%2CvudFinalidade%29&B1=Pesquisar',217015);
INSERT INTO hmprojetos.codigo_prefeitura values (91,'32076','2010',217015);
INSERT INTO hmprojetos.codigo_prefeitura values (92,'15472','2017',217015);
INSERT INTO hmprojetos.servico values (216052,'ASS','ASS 2016.052','Acompanhamento Escritura','1400','','Rua Genaro Ribeiro, 64 a 74','Sumaré','Cachoeiro de Itapemirim','ES','','2016-05-18','2018-12-13',null,15403);
INSERT INTO hmprojetos.link_externo values (411,'IPTU 24918','http://www2.cachoeiro.es.gov.br:8080/ZimWeb/servlet/ZII?connection=producao&program=pwci001&vudTipoDocum=9&vudNoDocum=24918&vexercicio=2019',216052);
INSERT INTO hmprojetos.link_externo values (412,'CND 24918','http://www2.cachoeiro.es.gov.br:8080/ZimWeb/servlet/ZII?vudTipoDocum=3&vudNoDocum=24918&debug=true&connection=producao&program=pwud001&template=%28vudTipoDocum%2CvudNoDocum%2CvudFinalidade%29&B1=Pesquisar',216052);
INSERT INTO hmprojetos.servico values (119016,'PRS','PRS 2019.016','Retificação de Área','','','Rua Justino Hemerly Elias, 126','Amarelo','Cachoeiro de Itapemirim','ES','29304675','2019-02-12',null,null,18082);
INSERT INTO hmprojetos.link_externo values (413,'IPTU 25123','http://www2.cachoeiro.es.gov.br:8080/ZimWeb/servlet/ZII?connection=producao&program=pwci001&vudTipoDocum=9&vudNoDocum=25123&vexercicio=2019',119016);
INSERT INTO hmprojetos.link_externo values (414,'CND 25123','http://www2.cachoeiro.es.gov.br:8080/ZimWeb/servlet/ZII?vudTipoDocum=3&vudNoDocum=25123&debug=true&connection=producao&program=pwud001&template=%28vudTipoDocum%2CvudNoDocum%2CvudFinalidade%29&B1=Pesquisar',119016);
INSERT INTO hmprojetos.servico values (118034,'PRS','PRS 2018.034','Planta para Usucapião','300','','Rua Santa Luzia, nº126 a 130','Sumaré','Cachoeiro de Itapemirim','ES','29304502','2018-11-05','2018-12-11',null,15505);
INSERT INTO hmprojetos.link_externo values (415,'IPTU 25281','http://www2.cachoeiro.es.gov.br:8080/ZimWeb/servlet/ZII?connection=producao&program=pwci001&vudTipoDocum=9&vudNoDocum=25281&vexercicio=2019',118034);
INSERT INTO hmprojetos.link_externo values (416,'CND 25281','http://www2.cachoeiro.es.gov.br:8080/ZimWeb/servlet/ZII?vudTipoDocum=3&vudNoDocum=25281&debug=true&connection=producao&program=pwud001&template=%28vudTipoDocum%2CvudNoDocum%2CvudFinalidade%29&B1=Pesquisar',118034);
INSERT INTO hmprojetos.servico values (216092,'ASS','ASS 2016.092','Retificação de Área - Prefeitura','300','2X','Rua Itajuba, 08 ','Amarelo','Cachoeiro de Itapemirim','ES','','2016-12-07',null,null,15217);
INSERT INTO hmprojetos.link_externo values (417,'IPTU 25869','http://www2.cachoeiro.es.gov.br:8080/ZimWeb/servlet/ZII?connection=producao&program=pwci001&vudTipoDocum=9&vudNoDocum=25869&vexercicio=2019',216092);
INSERT INTO hmprojetos.link_externo values (418,'CND 25869','http://www2.cachoeiro.es.gov.br:8080/ZimWeb/servlet/ZII?vudTipoDocum=3&vudNoDocum=25869&debug=true&connection=producao&program=pwud001&template=%28vudTipoDocum%2CvudNoDocum%2CvudFinalidade%29&B1=Pesquisar',216092);
INSERT INTO hmprojetos.codigo_prefeitura values (93,'16783','2017',216092);
INSERT INTO hmprojetos.servico values (215082,'ASS','ASS 2015.082','Retificação de Área - Prefeitura','','','Rua Itajubá, nº 08','Amarelo','Cachoeiro de Itapemirim','ES','','2015-07-16','2018-06-09',null,15217);
INSERT INTO hmprojetos.link_externo values (419,'IPTU 25869','http://www2.cachoeiro.es.gov.br:8080/ZimWeb/servlet/ZII?connection=producao&program=pwci001&vudTipoDocum=9&vudNoDocum=25869&vexercicio=2019',215082);
INSERT INTO hmprojetos.link_externo values (420,'CND 25869','http://www2.cachoeiro.es.gov.br:8080/ZimWeb/servlet/ZII?vudTipoDocum=3&vudNoDocum=25869&debug=true&connection=producao&program=pwud001&template=%28vudTipoDocum%2CvudNoDocum%2CvudFinalidade%29&B1=Pesquisar',215082);
INSERT INTO hmprojetos.servico values (11067,'PAQ','PAQ 2011.067','Construção Religiosa','','','Rua Itajubá, 8','Amarelo','Cachoeiro de Itapemirim','ES','','2011-06-25','2016-05-12',null,15217);
INSERT INTO hmprojetos.link_externo values (421,'IPTU 25869','http://www2.cachoeiro.es.gov.br:8080/ZimWeb/servlet/ZII?connection=producao&program=pwci001&vudTipoDocum=9&vudNoDocum=25869&vexercicio=2019',11067);
INSERT INTO hmprojetos.link_externo values (422,'CND 25869','http://www2.cachoeiro.es.gov.br:8080/ZimWeb/servlet/ZII?vudTipoDocum=3&vudNoDocum=25869&debug=true&connection=producao&program=pwud001&template=%28vudTipoDocum%2CvudNoDocum%2CvudFinalidade%29&B1=Pesquisar',11067);
INSERT INTO hmprojetos.servico values (214132,'ASS','ASS 2014.132','Retificação de Área - Prefeitura','300','','Ruas Alípio Emílio da Costa, 50','Paraíso','Cachoeiro de Itapemirim','ES','','2014-11-07','2019-10-25',null,15459);
INSERT INTO hmprojetos.link_externo values (423,'IPTU 25984','http://www2.cachoeiro.es.gov.br:8080/ZimWeb/servlet/ZII?connection=producao&program=pwci001&vudTipoDocum=9&vudNoDocum=25984&vexercicio=2019',214132);
INSERT INTO hmprojetos.link_externo values (424,'CND 25984','http://www2.cachoeiro.es.gov.br:8080/ZimWeb/servlet/ZII?vudTipoDocum=3&vudNoDocum=25984&debug=true&connection=producao&program=pwud001&template=%28vudTipoDocum%2CvudNoDocum%2CvudFinalidade%29&B1=Pesquisar',214132);
INSERT INTO hmprojetos.codigo_prefeitura values (94,'8620','2015',214132);
INSERT INTO hmprojetos.servico values (212100,'ASS','ASS 2012.100','Licença para Construção','','','Rua Tietê, nº 10','Recanto','Cachoeiro de Itapemirim','ES','29300119','2012-08-15','2018-02-19',null,15032);
INSERT INTO hmprojetos.link_externo values (425,'IPTU 26485','http://www2.cachoeiro.es.gov.br:8080/ZimWeb/servlet/ZII?connection=producao&program=pwci001&vudTipoDocum=9&vudNoDocum=26485&vexercicio=2019',212100);
INSERT INTO hmprojetos.link_externo values (426,'CND 26485','http://www2.cachoeiro.es.gov.br:8080/ZimWeb/servlet/ZII?vudTipoDocum=3&vudNoDocum=26485&debug=true&connection=producao&program=pwud001&template=%28vudTipoDocum%2CvudNoDocum%2CvudFinalidade%29&B1=Pesquisar',212100);
INSERT INTO hmprojetos.codigo_prefeitura values (95,'320','2011',212100);
INSERT INTO hmprojetos.servico values (217069,'ASS','ASS 2017.069','Renovação de Alvará','300','2x','Rua Herculano Santana','São Geraldo','Cachoeiro de Itapemirim','ES','29314675','2017-09-14',null,null,15491);
INSERT INTO hmprojetos.link_externo values (427,'IPTU 26741','http://www2.cachoeiro.es.gov.br:8080/ZimWeb/servlet/ZII?connection=producao&program=pwci001&vudTipoDocum=9&vudNoDocum=26741&vexercicio=2019',217069);
INSERT INTO hmprojetos.link_externo values (428,'CND 26741','http://www2.cachoeiro.es.gov.br:8080/ZimWeb/servlet/ZII?vudTipoDocum=3&vudNoDocum=26741&debug=true&connection=producao&program=pwud001&template=%28vudTipoDocum%2CvudNoDocum%2CvudFinalidade%29&B1=Pesquisar',217069);
INSERT INTO hmprojetos.servico values (218015,'ASS','ASS 2018.015','Certidão Detalhada e Habite-se','500','2x','Rua Validoro Giro, Nº 11 à 13','São Geraldo','Cachoeiro de Itapemirim','ES','29314680','2018-01-04',null,null,18009);
INSERT INTO hmprojetos.link_externo values (429,'IPTU 26825','http://www2.cachoeiro.es.gov.br:8080/ZimWeb/servlet/ZII?connection=producao&program=pwci001&vudTipoDocum=9&vudNoDocum=26825&vexercicio=2019',218015);
INSERT INTO hmprojetos.link_externo values (430,'CND 26825','http://www2.cachoeiro.es.gov.br:8080/ZimWeb/servlet/ZII?vudTipoDocum=3&vudNoDocum=26825&debug=true&connection=producao&program=pwud001&template=%28vudTipoDocum%2CvudNoDocum%2CvudFinalidade%29&B1=Pesquisar',218015);
INSERT INTO hmprojetos.codigo_prefeitura values (96,'22376','2018',218015);
INSERT INTO hmprojetos.codigo_prefeitura values (97,'22377','2018',218015);
INSERT INTO hmprojetos.servico values (218010,'ASS','ASS 2018.010','Renovação de Alvará','150','2x','Rua Antônio Mengali, 13/15','São Geraldo','Cachoeiro de Itapemirim','ES','29314715','2018-01-09','2018-12-19',null,15850);
INSERT INTO hmprojetos.link_externo values (431,'IPTU 26847','http://www2.cachoeiro.es.gov.br:8080/ZimWeb/servlet/ZII?connection=producao&program=pwci001&vudTipoDocum=9&vudNoDocum=26847&vexercicio=2019',218010);
INSERT INTO hmprojetos.link_externo values (432,'CND 26847','http://www2.cachoeiro.es.gov.br:8080/ZimWeb/servlet/ZII?vudTipoDocum=3&vudNoDocum=26847&debug=true&connection=producao&program=pwud001&template=%28vudTipoDocum%2CvudNoDocum%2CvudFinalidade%29&B1=Pesquisar',218010);
INSERT INTO hmprojetos.codigo_prefeitura values (98,'39126','2018',218010);
INSERT INTO hmprojetos.servico values (216058,'ASS','ASS 2016.058','Renovação de Alvará','100','','Rua Antônio Mengali, nº 07','São Geraldo','Cachoeiro de Itapemirim','ES','29314715','2016-06-02','2016-11-23',null,15850);
INSERT INTO hmprojetos.link_externo values (433,'IPTU 26847','http://www2.cachoeiro.es.gov.br:8080/ZimWeb/servlet/ZII?connection=producao&program=pwci001&vudTipoDocum=9&vudNoDocum=26847&vexercicio=2019',216058);
INSERT INTO hmprojetos.link_externo values (434,'CND 26847','http://www2.cachoeiro.es.gov.br:8080/ZimWeb/servlet/ZII?vudTipoDocum=3&vudNoDocum=26847&debug=true&connection=producao&program=pwud001&template=%28vudTipoDocum%2CvudNoDocum%2CvudFinalidade%29&B1=Pesquisar',216058);
INSERT INTO hmprojetos.codigo_prefeitura values (99,'20685','2016',216058);
INSERT INTO hmprojetos.servico values (213087,'ASS','ASS 2013.087','Regularização 1º pavimento','','','Rua Antônio Mengali, nº 07','São Geraldo','Cachoeiro de Itapemirim','ES','','2013-08-08','2014-10-08',null,15850);
INSERT INTO hmprojetos.link_externo values (435,'IPTU 26847','http://www2.cachoeiro.es.gov.br:8080/ZimWeb/servlet/ZII?connection=producao&program=pwci001&vudTipoDocum=9&vudNoDocum=26847&vexercicio=2019',213087);
INSERT INTO hmprojetos.link_externo values (436,'CND 26847','http://www2.cachoeiro.es.gov.br:8080/ZimWeb/servlet/ZII?vudTipoDocum=3&vudNoDocum=26847&debug=true&connection=producao&program=pwud001&template=%28vudTipoDocum%2CvudNoDocum%2CvudFinalidade%29&B1=Pesquisar',213087);
INSERT INTO hmprojetos.servico values (13042,'PAQ','PAQ 2013.042','Regularização 1º pavimento','','','Rua Antônio Mengali, nº 07','São Geraldo','Cachoeiro de Itapemirim','ES','','2013-05-21','2014-10-08',null,15850);
INSERT INTO hmprojetos.link_externo values (437,'IPTU 26847','http://www2.cachoeiro.es.gov.br:8080/ZimWeb/servlet/ZII?connection=producao&program=pwci001&vudTipoDocum=9&vudNoDocum=26847&vexercicio=2019',13042);
INSERT INTO hmprojetos.link_externo values (438,'CND 26847','http://www2.cachoeiro.es.gov.br:8080/ZimWeb/servlet/ZII?vudTipoDocum=3&vudNoDocum=26847&debug=true&connection=producao&program=pwud001&template=%28vudTipoDocum%2CvudNoDocum%2CvudFinalidade%29&B1=Pesquisar',13042);
INSERT INTO hmprojetos.servico values (17021,'PAQ','PAQ 2017.021','Construção Residencial ','1800','3x','Rua josé Nunes Sobrinho ,nº 22','alto União','Cachoeiro de Itapemirim','ES','29315010','2017-06-12','2017-08-28',null,17030);
INSERT INTO hmprojetos.link_externo values (439,'IPTU 27004','http://www2.cachoeiro.es.gov.br:8080/ZimWeb/servlet/ZII?connection=producao&program=pwci001&vudTipoDocum=9&vudNoDocum=27004&vexercicio=2019',17021);
INSERT INTO hmprojetos.link_externo values (440,'CND 27004','http://www2.cachoeiro.es.gov.br:8080/ZimWeb/servlet/ZII?vudTipoDocum=3&vudNoDocum=27004&debug=true&connection=producao&program=pwud001&template=%28vudTipoDocum%2CvudNoDocum%2CvudFinalidade%29&B1=Pesquisar',17021);
INSERT INTO hmprojetos.servico values (116018,'PRS','PRS 2016.018','Croqui de Situação','500','','Rua Euclides de Almeida','IBC','Cachoeiro de Itapemirim','ES','','2016-07-22','2019-04-08',null,16050);
INSERT INTO hmprojetos.link_externo values (441,'IPTU 28064','http://www2.cachoeiro.es.gov.br:8080/ZimWeb/servlet/ZII?connection=producao&program=pwci001&vudTipoDocum=9&vudNoDocum=28064&vexercicio=2019',116018);
INSERT INTO hmprojetos.link_externo values (442,'CND 28064','http://www2.cachoeiro.es.gov.br:8080/ZimWeb/servlet/ZII?vudTipoDocum=3&vudNoDocum=28064&debug=true&connection=producao&program=pwud001&template=%28vudTipoDocum%2CvudNoDocum%2CvudFinalidade%29&B1=Pesquisar',116018);
INSERT INTO hmprojetos.servico values (216074,'ASS','ASS 2016.074','Regularização Residencial','500','2x','Rua Prof. Ana Graça Brunelo Freitas, 281','IBC','Cachoeiro de Itapemirim','ES','29315340','2016-08-17',null,null,15571);
INSERT INTO hmprojetos.link_externo values (443,'IPTU 28160','http://www2.cachoeiro.es.gov.br:8080/ZimWeb/servlet/ZII?connection=producao&program=pwci001&vudTipoDocum=9&vudNoDocum=28160&vexercicio=2019',216074);
INSERT INTO hmprojetos.link_externo values (444,'CND 28160','http://www2.cachoeiro.es.gov.br:8080/ZimWeb/servlet/ZII?vudTipoDocum=3&vudNoDocum=28160&debug=true&connection=producao&program=pwud001&template=%28vudTipoDocum%2CvudNoDocum%2CvudFinalidade%29&B1=Pesquisar',216074);
INSERT INTO hmprojetos.codigo_prefeitura values (100,'33327','2016',216074);
INSERT INTO hmprojetos.servico values (16051,'PAQ','PAQ 2016.051','Reforma Residencial','2400','5x','Rua Antônio Ribeiro Sobrinho, 24','Monte Cristo','Cachoeiro de Itapemirim','ES','','2016-10-18','2019-03-08',null,16069);
INSERT INTO hmprojetos.link_externo values (445,'IPTU 28404','http://www2.cachoeiro.es.gov.br:8080/ZimWeb/servlet/ZII?connection=producao&program=pwci001&vudTipoDocum=9&vudNoDocum=28404&vexercicio=2019',16051);
INSERT INTO hmprojetos.link_externo values (446,'CND 28404','http://www2.cachoeiro.es.gov.br:8080/ZimWeb/servlet/ZII?vudTipoDocum=3&vudNoDocum=28404&debug=true&connection=producao&program=pwud001&template=%28vudTipoDocum%2CvudNoDocum%2CvudFinalidade%29&B1=Pesquisar',16051);
INSERT INTO hmprojetos.servico values (118008,'PRS','PRS 2018.008','Planta para Usucapião','350','','Rua Fausto Merçon','Alto Monte Cristo','Cachoeiro de Itapemirim','ES','29312522','2018-04-27','2018-05-28',null,11006);
INSERT INTO hmprojetos.link_externo values (447,'IPTU 28454','http://www2.cachoeiro.es.gov.br:8080/ZimWeb/servlet/ZII?connection=producao&program=pwci001&vudTipoDocum=9&vudNoDocum=28454&vexercicio=2019',118008);
INSERT INTO hmprojetos.link_externo values (448,'CND 28454','http://www2.cachoeiro.es.gov.br:8080/ZimWeb/servlet/ZII?vudTipoDocum=3&vudNoDocum=28454&debug=true&connection=producao&program=pwud001&template=%28vudTipoDocum%2CvudNoDocum%2CvudFinalidade%29&B1=Pesquisar',118008);
INSERT INTO hmprojetos.servico values (215122,'ASS','ASS 2015.122','Recibo de Compra e Venda','150','','Rua Jorcelino Lucas Pereira, 21 a 23','Monte Cristo','Cachoeiro de Itapemirim','ES','29312075','2015-12-09',null,null,15901);
INSERT INTO hmprojetos.link_externo values (449,'IPTU 28657','http://www2.cachoeiro.es.gov.br:8080/ZimWeb/servlet/ZII?connection=producao&program=pwci001&vudTipoDocum=9&vudNoDocum=28657&vexercicio=2019',215122);
INSERT INTO hmprojetos.link_externo values (450,'CND 28657','http://www2.cachoeiro.es.gov.br:8080/ZimWeb/servlet/ZII?vudTipoDocum=3&vudNoDocum=28657&debug=true&connection=producao&program=pwud001&template=%28vudTipoDocum%2CvudNoDocum%2CvudFinalidade%29&B1=Pesquisar',215122);
INSERT INTO hmprojetos.servico values (215091,'ASS','ASS 2015.091','Regularização Residencial','500','2x','Rua Antonio Cardoso Coelho, nº 185 a 187','Monte Cristo','Cachoeiro de Itapemirim','Espírito Santo','29312107','2015-08-12','2019-09-16',null,15409);
INSERT INTO hmprojetos.link_externo values (451,'IPTU 29145','http://www2.cachoeiro.es.gov.br:8080/ZimWeb/servlet/ZII?connection=producao&program=pwci001&vudTipoDocum=9&vudNoDocum=29145&vexercicio=2019',215091);
INSERT INTO hmprojetos.link_externo values (452,'CND 29145','http://www2.cachoeiro.es.gov.br:8080/ZimWeb/servlet/ZII?vudTipoDocum=3&vudNoDocum=29145&debug=true&connection=producao&program=pwud001&template=%28vudTipoDocum%2CvudNoDocum%2CvudFinalidade%29&B1=Pesquisar',215091);
INSERT INTO hmprojetos.codigo_prefeitura values (101,'33482','2015',215091);
INSERT INTO hmprojetos.servico values (216025,'ASS','ASS 2016.025','Acompanhamento Escritura','','','Rua Paulo Afonso, nº 83','IBC','Cachoeiro de Itapemirim','ES','','2016-03-03','2016-04-29',null,15275);
INSERT INTO hmprojetos.link_externo values (453,'IPTU 29424','http://www2.cachoeiro.es.gov.br:8080/ZimWeb/servlet/ZII?connection=producao&program=pwci001&vudTipoDocum=9&vudNoDocum=29424&vexercicio=2019',216025);
INSERT INTO hmprojetos.link_externo values (454,'CND 29424','http://www2.cachoeiro.es.gov.br:8080/ZimWeb/servlet/ZII?vudTipoDocum=3&vudNoDocum=29424&debug=true&connection=producao&program=pwud001&template=%28vudTipoDocum%2CvudNoDocum%2CvudFinalidade%29&B1=Pesquisar',216025);
INSERT INTO hmprojetos.servico values (210013,'ASS','ASS 2010.013','Regularização Residencial','','','Rua Edílio Ribeiro, s/nº','Jardim Itapemirim','Cachoeiro de Itapemirim','ES','','2011-06-09','2018-03-08',null,15262);
INSERT INTO hmprojetos.link_externo values (455,'IPTU 29525','http://www2.cachoeiro.es.gov.br:8080/ZimWeb/servlet/ZII?connection=producao&program=pwci001&vudTipoDocum=9&vudNoDocum=29525&vexercicio=2019',210013);
INSERT INTO hmprojetos.link_externo values (456,'CND 29525','http://www2.cachoeiro.es.gov.br:8080/ZimWeb/servlet/ZII?vudTipoDocum=3&vudNoDocum=29525&debug=true&connection=producao&program=pwud001&template=%28vudTipoDocum%2CvudNoDocum%2CvudFinalidade%29&B1=Pesquisar',210013);
INSERT INTO hmprojetos.servico values (09087,'PAQ','PAQ 2009.087','Regularização Residencial','','','Rua Hugo Zago, 35','Alto Monte Cristo','Cachoeiro de Itapemirim','ES','29312529','2011-11-08','2018-03-12',null,15248);
INSERT INTO hmprojetos.link_externo values (457,'IPTU 29942','http://www2.cachoeiro.es.gov.br:8080/ZimWeb/servlet/ZII?connection=producao&program=pwci001&vudTipoDocum=9&vudNoDocum=29942&vexercicio=2019',09087);
INSERT INTO hmprojetos.link_externo values (458,'CND 29942','http://www2.cachoeiro.es.gov.br:8080/ZimWeb/servlet/ZII?vudTipoDocum=3&vudNoDocum=29942&debug=true&connection=producao&program=pwud001&template=%28vudTipoDocum%2CvudNoDocum%2CvudFinalidade%29&B1=Pesquisar',09087);
INSERT INTO hmprojetos.servico values (19024,'PAQ','PAQ 2019.024','Construção Residencial - Segundo pavimento','1300','','Rua Hugo Zago,  NR 74 à 76','Alto Monte Cristo','Cachoeiro de Itapemirim','ES','','2019-06-25',null,null,10004);
INSERT INTO hmprojetos.link_externo values (459,'IPTU 29968','http://www2.cachoeiro.es.gov.br:8080/ZimWeb/servlet/ZII?connection=producao&program=pwci001&vudTipoDocum=9&vudNoDocum=29968&vexercicio=2019',19024);
INSERT INTO hmprojetos.link_externo values (460,'CND 29968','http://www2.cachoeiro.es.gov.br:8080/ZimWeb/servlet/ZII?vudTipoDocum=3&vudNoDocum=29968&debug=true&connection=producao&program=pwud001&template=%28vudTipoDocum%2CvudNoDocum%2CvudFinalidade%29&B1=Pesquisar',19024);
INSERT INTO hmprojetos.servico values (217034,'ASS','ASS 2017.034','Alvara de Substituição','500','2x','Rua Santos Passoni, 181','São Francisco de Assis','Cachoeiro de Itapemirim','ES','29317429','2017-05-22','2019-07-05',null,17006);
INSERT INTO hmprojetos.link_externo values (461,'IPTU 30610','http://www2.cachoeiro.es.gov.br:8080/ZimWeb/servlet/ZII?connection=producao&program=pwci001&vudTipoDocum=9&vudNoDocum=30610&vexercicio=2019',217034);
INSERT INTO hmprojetos.link_externo values (462,'CND 30610','http://www2.cachoeiro.es.gov.br:8080/ZimWeb/servlet/ZII?vudTipoDocum=3&vudNoDocum=30610&debug=true&connection=producao&program=pwud001&template=%28vudTipoDocum%2CvudNoDocum%2CvudFinalidade%29&B1=Pesquisar',217034);
INSERT INTO hmprojetos.codigo_prefeitura values (102,'28052','2017',217034);
INSERT INTO hmprojetos.servico values (17006,'PAQ','PAQ 2017.006','Regularização Residencial','4800','4x','Rua Santos Passoni, 181','São Francisco de Assis','Cachoeiro de Itapemirim','ES','','2017-02-21','2017-05-23',null,17006);
INSERT INTO hmprojetos.link_externo values (463,'IPTU 30610','http://www2.cachoeiro.es.gov.br:8080/ZimWeb/servlet/ZII?connection=producao&program=pwci001&vudTipoDocum=9&vudNoDocum=30610&vexercicio=2019',17006);
INSERT INTO hmprojetos.link_externo values (464,'CND 30610','http://www2.cachoeiro.es.gov.br:8080/ZimWeb/servlet/ZII?vudTipoDocum=3&vudNoDocum=30610&debug=true&connection=producao&program=pwud001&template=%28vudTipoDocum%2CvudNoDocum%2CvudFinalidade%29&B1=Pesquisar',17006);
INSERT INTO hmprojetos.servico values (115025,'PRS','PRS 2015.025','Retificação de Área','350','','Rua Santino Samuel de Aguiar','São Francisco de Assis','Cachoeiro de Itapemirim','ES','','2015-08-21',null,null,15774);
INSERT INTO hmprojetos.link_externo values (465,'IPTU 30946','http://www2.cachoeiro.es.gov.br:8080/ZimWeb/servlet/ZII?connection=producao&program=pwci001&vudTipoDocum=9&vudNoDocum=30946&vexercicio=2019',115025);
INSERT INTO hmprojetos.link_externo values (466,'CND 30946','http://www2.cachoeiro.es.gov.br:8080/ZimWeb/servlet/ZII?vudTipoDocum=3&vudNoDocum=30946&debug=true&connection=producao&program=pwud001&template=%28vudTipoDocum%2CvudNoDocum%2CvudFinalidade%29&B1=Pesquisar',115025);
INSERT INTO hmprojetos.servico values (218005,'ASS','ASS 2018.005','Certidão Detalhada e Habite-se','400','','Rua Paulino Vieira Tiradentes, 7','Agostinho Simonato','Cachoeiro de Itapemirim','ES','29311753','2018-01-15',null,null,15692);
INSERT INTO hmprojetos.link_externo values (467,'IPTU 31246','http://www2.cachoeiro.es.gov.br:8080/ZimWeb/servlet/ZII?connection=producao&program=pwci001&vudTipoDocum=9&vudNoDocum=31246&vexercicio=2019',218005);
INSERT INTO hmprojetos.link_externo values (468,'CND 31246','http://www2.cachoeiro.es.gov.br:8080/ZimWeb/servlet/ZII?vudTipoDocum=3&vudNoDocum=31246&debug=true&connection=producao&program=pwud001&template=%28vudTipoDocum%2CvudNoDocum%2CvudFinalidade%29&B1=Pesquisar',218005);
INSERT INTO hmprojetos.codigo_prefeitura values (103,'3953','2018',218005);
INSERT INTO hmprojetos.codigo_prefeitura values (104,'3951','2018',218005);
INSERT INTO hmprojetos.servico values (217032,'ASS','ASS 2017.032','Alvará de Construção','400','2x','Rua Edson Zardini Peixoto, nº','Agostinho Simonato','Cachoeiro de Itapemirim','ES','29311769','2017-05-16','2018-12-13',null,17022);
INSERT INTO hmprojetos.link_externo values (469,'IPTU 31533','http://www2.cachoeiro.es.gov.br:8080/ZimWeb/servlet/ZII?connection=producao&program=pwci001&vudTipoDocum=9&vudNoDocum=31533&vexercicio=2019',217032);
INSERT INTO hmprojetos.link_externo values (470,'CND 31533','http://www2.cachoeiro.es.gov.br:8080/ZimWeb/servlet/ZII?vudTipoDocum=3&vudNoDocum=31533&debug=true&connection=producao&program=pwud001&template=%28vudTipoDocum%2CvudNoDocum%2CvudFinalidade%29&B1=Pesquisar',217032);
INSERT INTO hmprojetos.codigo_prefeitura values (105,'28235','2017',217032);
INSERT INTO hmprojetos.servico values (212236,'ASS','ASS 2012.236','Renovação de Alvará','50','','Rua Edson Zardini Peixoto, 16','Agostinho Simonato','Cachoeiro de Itapemirim','ES','29311769','2012-11-20','2019-02-11',null,15764);
INSERT INTO hmprojetos.link_externo values (471,'IPTU 31536','http://www2.cachoeiro.es.gov.br:8080/ZimWeb/servlet/ZII?connection=producao&program=pwci001&vudTipoDocum=9&vudNoDocum=31536&vexercicio=2019',212236);
INSERT INTO hmprojetos.link_externo values (472,'CND 31536','http://www2.cachoeiro.es.gov.br:8080/ZimWeb/servlet/ZII?vudTipoDocum=3&vudNoDocum=31536&debug=true&connection=producao&program=pwud001&template=%28vudTipoDocum%2CvudNoDocum%2CvudFinalidade%29&B1=Pesquisar',212236);
INSERT INTO hmprojetos.servico values (213014,'ASS','ASS 2013.014','Regularização de Obra - Prefeitura','400','2x','Rua Cesar Portas de Brito Filho, 24','Agostinho Simonato','Cachoeiro de Itapemirim','ES','','2013-01-23','2019-03-22',null,15755);
INSERT INTO hmprojetos.link_externo values (473,'IPTU 31583','http://www2.cachoeiro.es.gov.br:8080/ZimWeb/servlet/ZII?connection=producao&program=pwci001&vudTipoDocum=9&vudNoDocum=31583&vexercicio=2019',213014);
INSERT INTO hmprojetos.link_externo values (474,'CND 31583','http://www2.cachoeiro.es.gov.br:8080/ZimWeb/servlet/ZII?vudTipoDocum=3&vudNoDocum=31583&debug=true&connection=producao&program=pwud001&template=%28vudTipoDocum%2CvudNoDocum%2CvudFinalidade%29&B1=Pesquisar',213014);
INSERT INTO hmprojetos.codigo_prefeitura values (106,'2256','2016',213014);
INSERT INTO hmprojetos.servico values (17038,'PAQ','PAQ 2017.038','Regularização Residencial','350','','Rua Cezar brito Portas Filho, nº 08','Agostinho Simonato','Cachoeiro de Itapemirim','ES','29311771','2017-07-28','2017-10-05',null,05002);
INSERT INTO hmprojetos.link_externo values (475,'IPTU 31590','http://www2.cachoeiro.es.gov.br:8080/ZimWeb/servlet/ZII?connection=producao&program=pwci001&vudTipoDocum=9&vudNoDocum=31590&vexercicio=2019',17038);
INSERT INTO hmprojetos.link_externo values (476,'CND 31590','http://www2.cachoeiro.es.gov.br:8080/ZimWeb/servlet/ZII?vudTipoDocum=3&vudNoDocum=31590&debug=true&connection=producao&program=pwud001&template=%28vudTipoDocum%2CvudNoDocum%2CvudFinalidade%29&B1=Pesquisar',17038);
INSERT INTO hmprojetos.servico values (216059,'ASS','ASS 2016.059','Certidão e Habite-se','900','3x','Rua Maria Simonato Tozani, 18 a 20','Agostinho Simonato','Cachoeiro de Itapemirim','ES','29311752','2016-06-07','2017-10-18',null,16036);
INSERT INTO hmprojetos.link_externo values (477,'IPTU 31697','http://www2.cachoeiro.es.gov.br:8080/ZimWeb/servlet/ZII?connection=producao&program=pwci001&vudTipoDocum=9&vudNoDocum=31697&vexercicio=2019',216059);
INSERT INTO hmprojetos.link_externo values (478,'CND 31697','http://www2.cachoeiro.es.gov.br:8080/ZimWeb/servlet/ZII?vudTipoDocum=3&vudNoDocum=31697&debug=true&connection=producao&program=pwud001&template=%28vudTipoDocum%2CvudNoDocum%2CvudFinalidade%29&B1=Pesquisar',216059);
INSERT INTO hmprojetos.codigo_prefeitura values (107,'39088','2016',216059);
INSERT INTO hmprojetos.codigo_prefeitura values (108,'39089','2016',216059);
INSERT INTO hmprojetos.servico values (211147,'ASS','ASS 2011.147','Retificação de Área / Desmembramento','','','Rua Paulina Simonato, 82','Agostinho Simonato','Cachoeiro de Itapemirim','ES','29311781','2012-07-24','2018-03-12',null,15629);
INSERT INTO hmprojetos.link_externo values (479,'IPTU 31785','http://www2.cachoeiro.es.gov.br:8080/ZimWeb/servlet/ZII?connection=producao&program=pwci001&vudTipoDocum=9&vudNoDocum=31785&vexercicio=2019',211147);
INSERT INTO hmprojetos.link_externo values (480,'CND 31785','http://www2.cachoeiro.es.gov.br:8080/ZimWeb/servlet/ZII?vudTipoDocum=3&vudNoDocum=31785&debug=true&connection=producao&program=pwud001&template=%28vudTipoDocum%2CvudNoDocum%2CvudFinalidade%29&B1=Pesquisar',211147);
INSERT INTO hmprojetos.codigo_prefeitura values (109,'18183','2011',211147);
INSERT INTO hmprojetos.servico values (215047,'ASS','ASS 2015.047','Regularização INSS','700','','Assumpta Hermínia Rizzo, n°31 ao 33','Agostinho Simonato','Cachoeiro de Itapemirim','ES','29313370','2015-04-29','2017-11-20',null,15537);
INSERT INTO hmprojetos.link_externo values (481,'IPTU 32315','http://www2.cachoeiro.es.gov.br:8080/ZimWeb/servlet/ZII?connection=producao&program=pwci001&vudTipoDocum=9&vudNoDocum=32315&vexercicio=2019',215047);
INSERT INTO hmprojetos.link_externo values (482,'CND 32315','http://www2.cachoeiro.es.gov.br:8080/ZimWeb/servlet/ZII?vudTipoDocum=3&vudNoDocum=32315&debug=true&connection=producao&program=pwud001&template=%28vudTipoDocum%2CvudNoDocum%2CvudFinalidade%29&B1=Pesquisar',215047);
INSERT INTO hmprojetos.servico values (217089,'ASS','ASS 2017.089','CND - Receita Federal ( Certidão IPTU )','400','2x','Rua Maria Rosa da Rosa carvalho, 7 a 13','Caiçara','Cachoeiro de Itapemirim','ES','29310371','2017-12-07',null,null,15092);
INSERT INTO hmprojetos.link_externo values (483,'IPTU 32335','http://www2.cachoeiro.es.gov.br:8080/ZimWeb/servlet/ZII?connection=producao&program=pwci001&vudTipoDocum=9&vudNoDocum=32335&vexercicio=2019',217089);
INSERT INTO hmprojetos.link_externo values (484,'CND 32335','http://www2.cachoeiro.es.gov.br:8080/ZimWeb/servlet/ZII?vudTipoDocum=3&vudNoDocum=32335&debug=true&connection=producao&program=pwud001&template=%28vudTipoDocum%2CvudNoDocum%2CvudFinalidade%29&B1=Pesquisar',217089);
INSERT INTO hmprojetos.codigo_prefeitura values (110,'22085','2018',217089);
INSERT INTO hmprojetos.servico values (217035,'ASS','ASS 2017.035','Certidão Detalhada e Habite-se','500','2x','Rua Maria Rosa da Rosa carvalho, 7 a 13','Caiçara','Cachoeiro de Itapemirim','ES','29310371','2017-05-25','2017-12-07',null,15092);
INSERT INTO hmprojetos.link_externo values (485,'IPTU 32335','http://www2.cachoeiro.es.gov.br:8080/ZimWeb/servlet/ZII?connection=producao&program=pwci001&vudTipoDocum=9&vudNoDocum=32335&vexercicio=2019',217035);
INSERT INTO hmprojetos.link_externo values (486,'CND 32335','http://www2.cachoeiro.es.gov.br:8080/ZimWeb/servlet/ZII?vudTipoDocum=3&vudNoDocum=32335&debug=true&connection=producao&program=pwud001&template=%28vudTipoDocum%2CvudNoDocum%2CvudFinalidade%29&B1=Pesquisar',217035);
INSERT INTO hmprojetos.codigo_prefeitura values (111,'22321','2017',217035);
INSERT INTO hmprojetos.codigo_prefeitura values (112,'22319','2017',217035);
INSERT INTO hmprojetos.servico values (214086,'ASS','ASS 2014.086','Regularização Residencial','400','','Rua Maria Rosa da Rosa carvalho, 7 a 13','Caiçara','Cachoeiro de Itapemirim','ES','','2014-07-03','2016-09-24',null,15092);
INSERT INTO hmprojetos.link_externo values (487,'IPTU 32335','http://www2.cachoeiro.es.gov.br:8080/ZimWeb/servlet/ZII?connection=producao&program=pwci001&vudTipoDocum=9&vudNoDocum=32335&vexercicio=2019',214086);
INSERT INTO hmprojetos.link_externo values (488,'CND 32335','http://www2.cachoeiro.es.gov.br:8080/ZimWeb/servlet/ZII?vudTipoDocum=3&vudNoDocum=32335&debug=true&connection=producao&program=pwud001&template=%28vudTipoDocum%2CvudNoDocum%2CvudFinalidade%29&B1=Pesquisar',214086);
INSERT INTO hmprojetos.codigo_prefeitura values (113,'19735','2015',214086);
INSERT INTO hmprojetos.codigo_prefeitura values (114,'24289','2014',214086);
INSERT INTO hmprojetos.servico values (217002,'ASS','ASS 2017.002','Registro de Escritura','200','','Rua Maria Rosa da Rosa carvalho, 7 a 13','Caiçara','Cachoeiro de Itapemirim','ES','29310371','2017-01-18','2017-05-25',null,15092);
INSERT INTO hmprojetos.link_externo values (489,'IPTU 32335','http://www2.cachoeiro.es.gov.br:8080/ZimWeb/servlet/ZII?connection=producao&program=pwci001&vudTipoDocum=9&vudNoDocum=32335&vexercicio=2019',217002);
INSERT INTO hmprojetos.link_externo values (490,'CND 32335','http://www2.cachoeiro.es.gov.br:8080/ZimWeb/servlet/ZII?vudTipoDocum=3&vudNoDocum=32335&debug=true&connection=producao&program=pwud001&template=%28vudTipoDocum%2CvudNoDocum%2CvudFinalidade%29&B1=Pesquisar',217002);
INSERT INTO hmprojetos.servico values (213157,'ASS','ASS 2013.157','Acompanhamento de Processo','','','Rua Wallace de Mello Pereira Barreto, nº 51','Jardim Itapemirim','Cachoeiro de Itapemirim','ES','','2013-09-05',null,null,15493);
INSERT INTO hmprojetos.link_externo values (491,'IPTU 32703','http://www2.cachoeiro.es.gov.br:8080/ZimWeb/servlet/ZII?connection=producao&program=pwci001&vudTipoDocum=9&vudNoDocum=32703&vexercicio=2019',213157);
INSERT INTO hmprojetos.link_externo values (492,'CND 32703','http://www2.cachoeiro.es.gov.br:8080/ZimWeb/servlet/ZII?vudTipoDocum=3&vudNoDocum=32703&debug=true&connection=producao&program=pwud001&template=%28vudTipoDocum%2CvudNoDocum%2CvudFinalidade%29&B1=Pesquisar',213157);
INSERT INTO hmprojetos.codigo_prefeitura values (115,'25268','2011',213157);
INSERT INTO hmprojetos.servico values (218069,'ASS','ASS 2018.069','Renovação de Alvará','','','Rua Benedicto Abreu, nº 45','Jardim Itapemirim','Cachoeiro de Itapemirim','ES','','2018-07-11','2018-09-19',null,15345);
INSERT INTO hmprojetos.link_externo values (493,'IPTU 32780','http://www2.cachoeiro.es.gov.br:8080/ZimWeb/servlet/ZII?connection=producao&program=pwci001&vudTipoDocum=9&vudNoDocum=32780&vexercicio=2019',218069);
INSERT INTO hmprojetos.link_externo values (494,'CND 32780','http://www2.cachoeiro.es.gov.br:8080/ZimWeb/servlet/ZII?vudTipoDocum=3&vudNoDocum=32780&debug=true&connection=producao&program=pwud001&template=%28vudTipoDocum%2CvudNoDocum%2CvudFinalidade%29&B1=Pesquisar',218069);
INSERT INTO hmprojetos.codigo_prefeitura values (116,'28313','2018',218069);
INSERT INTO hmprojetos.servico values (219035,'ASS','ASS 2019.035','Alvará de Construção','800','2x','Rua Benedicto Abreu, 89','Jardim Itapemirim','Cachoeiro de Itapemirim','ES','29315712','2019-04-23',null,null,19007);
INSERT INTO hmprojetos.link_externo values (495,'IPTU 32785','http://www2.cachoeiro.es.gov.br:8080/ZimWeb/servlet/ZII?connection=producao&program=pwci001&vudTipoDocum=9&vudNoDocum=32785&vexercicio=2019',219035);
INSERT INTO hmprojetos.link_externo values (496,'CND 32785','http://www2.cachoeiro.es.gov.br:8080/ZimWeb/servlet/ZII?vudTipoDocum=3&vudNoDocum=32785&debug=true&connection=producao&program=pwud001&template=%28vudTipoDocum%2CvudNoDocum%2CvudFinalidade%29&B1=Pesquisar',219035);
INSERT INTO hmprojetos.codigo_prefeitura values (117,'18709','2019',219035);
INSERT INTO hmprojetos.servico values (19006,'PAQ','PAQ 2019.006','Construção Residencial','1500','3x','Rua Benedicto Abreu, 89','Jardim Itapemirim','Cachoeiro de Itapemirim','ES','29315712','2017-06-06','2019-04-23',null,19007);
INSERT INTO hmprojetos.link_externo values (497,'IPTU 32785','http://www2.cachoeiro.es.gov.br:8080/ZimWeb/servlet/ZII?connection=producao&program=pwci001&vudTipoDocum=9&vudNoDocum=32785&vexercicio=2019',19006);
INSERT INTO hmprojetos.link_externo values (498,'CND 32785','http://www2.cachoeiro.es.gov.br:8080/ZimWeb/servlet/ZII?vudTipoDocum=3&vudNoDocum=32785&debug=true&connection=producao&program=pwud001&template=%28vudTipoDocum%2CvudNoDocum%2CvudFinalidade%29&B1=Pesquisar',19006);
INSERT INTO hmprojetos.servico values (218020,'ASS','ASS 2018.020','Renovação de Alvará','150','','Rua Benedito Abreu, 121/123','Jardim Itapemirim','Cachoeiro de Itapemirim','ES','29315712','2018-02-23',null,null,15560);
INSERT INTO hmprojetos.link_externo values (499,'IPTU 32793','http://www2.cachoeiro.es.gov.br:8080/ZimWeb/servlet/ZII?connection=producao&program=pwci001&vudTipoDocum=9&vudNoDocum=32793&vexercicio=2019',218020);
INSERT INTO hmprojetos.link_externo values (500,'CND 32793','http://www2.cachoeiro.es.gov.br:8080/ZimWeb/servlet/ZII?vudTipoDocum=3&vudNoDocum=32793&debug=true&connection=producao&program=pwud001&template=%28vudTipoDocum%2CvudNoDocum%2CvudFinalidade%29&B1=Pesquisar',218020);
INSERT INTO hmprojetos.codigo_prefeitura values (118,'6268','2018',218020);
INSERT INTO hmprojetos.servico values (219019,'ASS','ASS 2019.019','Averbação de Imóvel - Cartório','','','Av. Dr. Ubaldo Caetano Gonçalves, 273','Independência','Cachoeiro de Itapemirim','ES','29306385','2019-03-27',null,null,19019);
INSERT INTO hmprojetos.link_externo values (501,'IPTU 33034','http://www2.cachoeiro.es.gov.br:8080/ZimWeb/servlet/ZII?connection=producao&program=pwci001&vudTipoDocum=9&vudNoDocum=33034&vexercicio=2019',219019);
INSERT INTO hmprojetos.link_externo values (502,'CND 33034','http://www2.cachoeiro.es.gov.br:8080/ZimWeb/servlet/ZII?vudTipoDocum=3&vudNoDocum=33034&debug=true&connection=producao&program=pwud001&template=%28vudTipoDocum%2CvudNoDocum%2CvudFinalidade%29&B1=Pesquisar',219019);
INSERT INTO hmprojetos.servico values (116015,'PRS','PRS 2016.015','Retificação de Área','','','Rua Moreira, 370 / 376','Coronel borges','Cachoeiro de Itapemirim','ES','29306014','2016-07-08','2016-09-15',null,16035);
INSERT INTO hmprojetos.link_externo values (503,'IPTU 33227','http://www2.cachoeiro.es.gov.br:8080/ZimWeb/servlet/ZII?connection=producao&program=pwci001&vudTipoDocum=9&vudNoDocum=33227&vexercicio=2019',116015);
INSERT INTO hmprojetos.link_externo values (504,'CND 33227','http://www2.cachoeiro.es.gov.br:8080/ZimWeb/servlet/ZII?vudTipoDocum=3&vudNoDocum=33227&debug=true&connection=producao&program=pwud001&template=%28vudTipoDocum%2CvudNoDocum%2CvudFinalidade%29&B1=Pesquisar',116015);
INSERT INTO hmprojetos.servico values (16026,'PAQ','PAQ 2016.026','Regularização Residencial','2500','3x','Rua Moreira','Coronel borges','Cachoeiro de Itapemirim','ES','','2016-05-25','2017-03-15',null,16035);
INSERT INTO hmprojetos.link_externo values (505,'IPTU 33227','http://www2.cachoeiro.es.gov.br:8080/ZimWeb/servlet/ZII?connection=producao&program=pwci001&vudTipoDocum=9&vudNoDocum=33227&vexercicio=2019',16026);
INSERT INTO hmprojetos.link_externo values (506,'CND 33227','http://www2.cachoeiro.es.gov.br:8080/ZimWeb/servlet/ZII?vudTipoDocum=3&vudNoDocum=33227&debug=true&connection=producao&program=pwud001&template=%28vudTipoDocum%2CvudNoDocum%2CvudFinalidade%29&B1=Pesquisar',16026);
INSERT INTO hmprojetos.servico values (217059,'ASS','ASS 2017.059','Habite-se','400','2x','Rua Angelo Maria Mignone, n° 19 (atual nº 03)','Independência','Cachoeiro de Itapemirim','ES','29306420','2017-08-24','2019-02-28',null,15245);
INSERT INTO hmprojetos.link_externo values (507,'IPTU 33895','http://www2.cachoeiro.es.gov.br:8080/ZimWeb/servlet/ZII?connection=producao&program=pwci001&vudTipoDocum=9&vudNoDocum=33895&vexercicio=2019',217059);
INSERT INTO hmprojetos.link_externo values (508,'CND 33895','http://www2.cachoeiro.es.gov.br:8080/ZimWeb/servlet/ZII?vudTipoDocum=3&vudNoDocum=33895&debug=true&connection=producao&program=pwud001&template=%28vudTipoDocum%2CvudNoDocum%2CvudFinalidade%29&B1=Pesquisar',217059);
INSERT INTO hmprojetos.codigo_prefeitura values (119,'44537','2017',217059);
INSERT INTO hmprojetos.servico values (217008,'ASS','ASS 2017.008','Averbação Inventário','800','2x','Rua Deodoro da Fonseca, 124 a 126','Independência','Cachoeiro de Itapemirim','ES','29306329','2017-02-20','2018-11-29',null,16011);
INSERT INTO hmprojetos.link_externo values (509,'IPTU 34176','http://www2.cachoeiro.es.gov.br:8080/ZimWeb/servlet/ZII?connection=producao&program=pwci001&vudTipoDocum=9&vudNoDocum=34176&vexercicio=2019',217008);
INSERT INTO hmprojetos.link_externo values (510,'CND 34176','http://www2.cachoeiro.es.gov.br:8080/ZimWeb/servlet/ZII?vudTipoDocum=3&vudNoDocum=34176&debug=true&connection=producao&program=pwud001&template=%28vudTipoDocum%2CvudNoDocum%2CvudFinalidade%29&B1=Pesquisar',217008);
INSERT INTO hmprojetos.codigo_prefeitura values (120,'2792','2018',217008);
INSERT INTO hmprojetos.servico values (16009,'PAQ','PAQ 2016.009','Regularização Residencial','1500','3x','Rua Deodora da Fonseca','Independência','Cachoeiro de Itapemirim','ES','','2016-03-02','2017-02-20',null,16011);
INSERT INTO hmprojetos.link_externo values (511,'IPTU 34176','http://www2.cachoeiro.es.gov.br:8080/ZimWeb/servlet/ZII?connection=producao&program=pwci001&vudTipoDocum=9&vudNoDocum=34176&vexercicio=2019',16009);
INSERT INTO hmprojetos.link_externo values (512,'CND 34176','http://www2.cachoeiro.es.gov.br:8080/ZimWeb/servlet/ZII?vudTipoDocum=3&vudNoDocum=34176&debug=true&connection=producao&program=pwud001&template=%28vudTipoDocum%2CvudNoDocum%2CvudFinalidade%29&B1=Pesquisar',16009);
INSERT INTO hmprojetos.servico values (216017,'ASS','ASS 2016.017','Alvará de Regularização/Habite-se e Certidão','600','2x','Rua Deodora da Fonseca, 124/126','Independência','Cachoeiro de Itapemirim','ES','29306329','2016-02-18',null,null,16011);
INSERT INTO hmprojetos.link_externo values (513,'IPTU 34176','http://www2.cachoeiro.es.gov.br:8080/ZimWeb/servlet/ZII?connection=producao&program=pwci001&vudTipoDocum=9&vudNoDocum=34176&vexercicio=2019',216017);
INSERT INTO hmprojetos.link_externo values (514,'CND 34176','http://www2.cachoeiro.es.gov.br:8080/ZimWeb/servlet/ZII?vudTipoDocum=3&vudNoDocum=34176&debug=true&connection=producao&program=pwud001&template=%28vudTipoDocum%2CvudNoDocum%2CvudFinalidade%29&B1=Pesquisar',216017);
INSERT INTO hmprojetos.codigo_prefeitura values (121,'21146','2018',216017);
INSERT INTO hmprojetos.servico values (218026,'ASS','ASS 2018.026','Alvará de Demolição','150','','Rua Antônio Adverci, 86','Ibitiguara','Cachoeiro de Itapemirim','ES','29307172','2018-03-14','2018-06-01',null,18017);
INSERT INTO hmprojetos.link_externo values (515,'IPTU 34647','http://www2.cachoeiro.es.gov.br:8080/ZimWeb/servlet/ZII?connection=producao&program=pwci001&vudTipoDocum=9&vudNoDocum=34647&vexercicio=2019',218026);
INSERT INTO hmprojetos.link_externo values (516,'CND 34647','http://www2.cachoeiro.es.gov.br:8080/ZimWeb/servlet/ZII?vudTipoDocum=3&vudNoDocum=34647&debug=true&connection=producao&program=pwud001&template=%28vudTipoDocum%2CvudNoDocum%2CvudFinalidade%29&B1=Pesquisar',218026);
INSERT INTO hmprojetos.codigo_prefeitura values (122,'13125','2018',218026);
INSERT INTO hmprojetos.servico values (218068,'ASS','ASS 2018.068','Alvará de Regularização','700','2x','Rua Princeza Isabel, 63/65','Nossa Senhora da Penha','Cachoeiro de Itapemirim','ES','29307400','2018-07-04','2018-08-04',null,18041);
INSERT INTO hmprojetos.link_externo values (517,'IPTU 35816','http://www2.cachoeiro.es.gov.br:8080/ZimWeb/servlet/ZII?connection=producao&program=pwci001&vudTipoDocum=9&vudNoDocum=35816&vexercicio=2019',218068);
INSERT INTO hmprojetos.link_externo values (518,'CND 35816','http://www2.cachoeiro.es.gov.br:8080/ZimWeb/servlet/ZII?vudTipoDocum=3&vudNoDocum=35816&debug=true&connection=producao&program=pwud001&template=%28vudTipoDocum%2CvudNoDocum%2CvudFinalidade%29&B1=Pesquisar',218068);
INSERT INTO hmprojetos.servico values (219005,'ASS','ASS 2019.005','Alvará de Construção','900','2x','Rua Fernando de Abreu, 2','Ferroviários','Cachoeiro de Itapemirim','ES','2930805','2019-01-03',null,null,19004);
INSERT INTO hmprojetos.link_externo values (519,'IPTU 36145','http://www2.cachoeiro.es.gov.br:8080/ZimWeb/servlet/ZII?connection=producao&program=pwci001&vudTipoDocum=9&vudNoDocum=36145&vexercicio=2019',219005);
INSERT INTO hmprojetos.link_externo values (520,'CND 36145','http://www2.cachoeiro.es.gov.br:8080/ZimWeb/servlet/ZII?vudTipoDocum=3&vudNoDocum=36145&debug=true&connection=producao&program=pwud001&template=%28vudTipoDocum%2CvudNoDocum%2CvudFinalidade%29&B1=Pesquisar',219005);
INSERT INTO hmprojetos.codigo_prefeitura values (123,'11731','2019',219005);
INSERT INTO hmprojetos.servico values (18051,'PAQ','PAQ 2018.051','Regularização Residencial ( Substituição )','2700','3x','Rua Anacleto Ramos - N° 11','Ferroviários','Cachoeiro de Itapemirim','ES','29308055','2018-11-08',null,null,18077);
INSERT INTO hmprojetos.link_externo values (521,'IPTU 36161','http://www2.cachoeiro.es.gov.br:8080/ZimWeb/servlet/ZII?connection=producao&program=pwci001&vudTipoDocum=9&vudNoDocum=36161&vexercicio=2019',18051);
INSERT INTO hmprojetos.link_externo values (522,'CND 36161','http://www2.cachoeiro.es.gov.br:8080/ZimWeb/servlet/ZII?vudTipoDocum=3&vudNoDocum=36161&debug=true&connection=producao&program=pwud001&template=%28vudTipoDocum%2CvudNoDocum%2CvudFinalidade%29&B1=Pesquisar',18051);
INSERT INTO hmprojetos.servico values (218111,'ASS','ASS 2018.111','Certidão Detalhada e Habite-se','','','Rua Anacleto Ramos - N° 11','Ferroviários','Cachoeiro de Itapemirim','ES','29308055','2018-11-05',null,null,18077);
INSERT INTO hmprojetos.link_externo values (523,'IPTU 36161','http://www2.cachoeiro.es.gov.br:8080/ZimWeb/servlet/ZII?connection=producao&program=pwci001&vudTipoDocum=9&vudNoDocum=36161&vexercicio=2019',218111);
INSERT INTO hmprojetos.link_externo values (524,'CND 36161','http://www2.cachoeiro.es.gov.br:8080/ZimWeb/servlet/ZII?vudTipoDocum=3&vudNoDocum=36161&debug=true&connection=producao&program=pwud001&template=%28vudTipoDocum%2CvudNoDocum%2CvudFinalidade%29&B1=Pesquisar',218111);
INSERT INTO hmprojetos.servico values (117031,'PRS','PRS 2017.031','Planta para Usucapião','450','','Rua Acre, 36','Aquidaban','Cachoeiro de Itapemirim','ES','29308230','2017-11-16','2017-12-13',null,17081);
INSERT INTO hmprojetos.link_externo values (525,'IPTU 36541','http://www2.cachoeiro.es.gov.br:8080/ZimWeb/servlet/ZII?connection=producao&program=pwci001&vudTipoDocum=9&vudNoDocum=36541&vexercicio=2019',117031);
INSERT INTO hmprojetos.link_externo values (526,'CND 36541','http://www2.cachoeiro.es.gov.br:8080/ZimWeb/servlet/ZII?vudTipoDocum=3&vudNoDocum=36541&debug=true&connection=producao&program=pwud001&template=%28vudTipoDocum%2CvudNoDocum%2CvudFinalidade%29&B1=Pesquisar',117031);
INSERT INTO hmprojetos.servico values (18035,'PAQ','PAQ 2018.035','Regularização Residencial','400','2x','Rua Lucínia Braga Machado, N° 65/69','Abelardo Ferreira Machado','Cachoeiro de Itapemirim','ES','29309285','2018-09-06','2018-10-23',null,15752);
INSERT INTO hmprojetos.link_externo values (527,'IPTU 38969','http://www2.cachoeiro.es.gov.br:8080/ZimWeb/servlet/ZII?connection=producao&program=pwci001&vudTipoDocum=9&vudNoDocum=38969&vexercicio=2019',18035);
INSERT INTO hmprojetos.link_externo values (528,'CND 38969','http://www2.cachoeiro.es.gov.br:8080/ZimWeb/servlet/ZII?vudTipoDocum=3&vudNoDocum=38969&debug=true&connection=producao&program=pwud001&template=%28vudTipoDocum%2CvudNoDocum%2CvudFinalidade%29&B1=Pesquisar',18035);
INSERT INTO hmprojetos.servico values (16052,'PAQ','PAQ 2016.052','Construção Comercial','750','2x','Rua Francisca Dias Siqueira, 35','Abelardo Ferreira Machado','Cachoeiro de Itapemirim','ES','29309252','2016-10-22','2016-12-17',null,16071);
INSERT INTO hmprojetos.link_externo values (529,'IPTU 39066','http://www2.cachoeiro.es.gov.br:8080/ZimWeb/servlet/ZII?connection=producao&program=pwci001&vudTipoDocum=9&vudNoDocum=39066&vexercicio=2019',16052);
INSERT INTO hmprojetos.link_externo values (530,'CND 39066','http://www2.cachoeiro.es.gov.br:8080/ZimWeb/servlet/ZII?vudTipoDocum=3&vudNoDocum=39066&debug=true&connection=producao&program=pwud001&template=%28vudTipoDocum%2CvudNoDocum%2CvudFinalidade%29&B1=Pesquisar',16052);
INSERT INTO hmprojetos.servico values (218121,'ASS','ASS 2018.121','CND - Receita Federal','300','','Rua Felipe Moysés, 26 a 28','Independência','Cachoeiro de Itapemirim','ES','29306360','2018-11-23','2019-02-14',null,16026);
INSERT INTO hmprojetos.link_externo values (531,'IPTU 39655','http://www2.cachoeiro.es.gov.br:8080/ZimWeb/servlet/ZII?connection=producao&program=pwci001&vudTipoDocum=9&vudNoDocum=39655&vexercicio=2019',218121);
INSERT INTO hmprojetos.link_externo values (532,'CND 39655','http://www2.cachoeiro.es.gov.br:8080/ZimWeb/servlet/ZII?vudTipoDocum=3&vudNoDocum=39655&debug=true&connection=producao&program=pwud001&template=%28vudTipoDocum%2CvudNoDocum%2CvudFinalidade%29&B1=Pesquisar',218121);
INSERT INTO hmprojetos.servico values (17017,'PAQ','PAQ 2017.017','Regularização Residencial','700','2x','Rua: Felipe Moyses, n°26 á 28','Independéncia','Cachoeiro de Itapemirim','ES','29306360','2017-05-24','2018-06-04',null,16026);
INSERT INTO hmprojetos.link_externo values (533,'IPTU 39655','http://www2.cachoeiro.es.gov.br:8080/ZimWeb/servlet/ZII?connection=producao&program=pwci001&vudTipoDocum=9&vudNoDocum=39655&vexercicio=2019',17017);
INSERT INTO hmprojetos.link_externo values (534,'CND 39655','http://www2.cachoeiro.es.gov.br:8080/ZimWeb/servlet/ZII?vudTipoDocum=3&vudNoDocum=39655&debug=true&connection=producao&program=pwud001&template=%28vudTipoDocum%2CvudNoDocum%2CvudFinalidade%29&B1=Pesquisar',17017);
INSERT INTO hmprojetos.codigo_prefeitura values (124,'21042','2017',17017);
INSERT INTO hmprojetos.servico values (116007,'PRS','PRS 2016.007','Retificação de Área','375','','Rua Felipe Moysés, 26 a 28','Independência','Cachoeiro de Itapemirim','ES','','2016-04-15','2016-07-14',null,16026);
INSERT INTO hmprojetos.link_externo values (535,'IPTU 39655','http://www2.cachoeiro.es.gov.br:8080/ZimWeb/servlet/ZII?connection=producao&program=pwci001&vudTipoDocum=9&vudNoDocum=39655&vexercicio=2019',116007);
INSERT INTO hmprojetos.link_externo values (536,'CND 39655','http://www2.cachoeiro.es.gov.br:8080/ZimWeb/servlet/ZII?vudTipoDocum=3&vudNoDocum=39655&debug=true&connection=producao&program=pwud001&template=%28vudTipoDocum%2CvudNoDocum%2CvudFinalidade%29&B1=Pesquisar',116007);
INSERT INTO hmprojetos.servico values (218130,'ASS','ASS 2018.130','Certidão Detalhada e Habite-se','200','2x',' Rua João Bolognini - N° 13/17','Agostinho Simonato','Cachoeiro de Itapemirim','ES','29311751','2018-12-26',null,null,18052);
INSERT INTO hmprojetos.link_externo values (537,'IPTU 40741','http://www2.cachoeiro.es.gov.br:8080/ZimWeb/servlet/ZII?connection=producao&program=pwci001&vudTipoDocum=9&vudNoDocum=40741&vexercicio=2019',218130);
INSERT INTO hmprojetos.link_externo values (538,'CND 40741','http://www2.cachoeiro.es.gov.br:8080/ZimWeb/servlet/ZII?vudTipoDocum=3&vudNoDocum=40741&debug=true&connection=producao&program=pwud001&template=%28vudTipoDocum%2CvudNoDocum%2CvudFinalidade%29&B1=Pesquisar',218130);
INSERT INTO hmprojetos.codigo_prefeitura values (125,'50406','2018',218130);
INSERT INTO hmprojetos.codigo_prefeitura values (126,'50409','2018',218130);
INSERT INTO hmprojetos.servico values (18033,'PAQ','PAQ 2018.033','Regularização Residencial','1300','2x','Rua Jaoa Bolognini, 13/17','Agostinho Simonato','Cachoeiro de Itapemirim','ES','29311751','2018-08-16','2018-11-29',null,18052);
INSERT INTO hmprojetos.link_externo values (539,'IPTU 40741','http://www2.cachoeiro.es.gov.br:8080/ZimWeb/servlet/ZII?connection=producao&program=pwci001&vudTipoDocum=9&vudNoDocum=40741&vexercicio=2019',18033);
INSERT INTO hmprojetos.link_externo values (540,'CND 40741','http://www2.cachoeiro.es.gov.br:8080/ZimWeb/servlet/ZII?vudTipoDocum=3&vudNoDocum=40741&debug=true&connection=producao&program=pwud001&template=%28vudTipoDocum%2CvudNoDocum%2CvudFinalidade%29&B1=Pesquisar',18033);
INSERT INTO hmprojetos.servico values (218017,'ASS','ASS 2018.017','Apoio dívida IPTU','150','','Rua:Clementina de Jesus n°52 á 56','Coramara','Cachoeiro de Itapemirim','ES','29313354','2018-02-07','2019-09-02',null,17067);
INSERT INTO hmprojetos.link_externo values (541,'IPTU 41273','http://www2.cachoeiro.es.gov.br:8080/ZimWeb/servlet/ZII?connection=producao&program=pwci001&vudTipoDocum=9&vudNoDocum=41273&vexercicio=2019',218017);
INSERT INTO hmprojetos.link_externo values (542,'CND 41273','http://www2.cachoeiro.es.gov.br:8080/ZimWeb/servlet/ZII?vudTipoDocum=3&vudNoDocum=41273&debug=true&connection=producao&program=pwud001&template=%28vudTipoDocum%2CvudNoDocum%2CvudFinalidade%29&B1=Pesquisar',218017);
INSERT INTO hmprojetos.servico values (217074,'ASS','ASS 2017.074','Parcelamento divida ativa Prefeitura','200','','Rua:Clementina de Jesus n°52 á 56','Coramara','Cachoeiro de Itapemirim','ES','29313354','2017-09-27','2017-10-20',null,17067);
INSERT INTO hmprojetos.link_externo values (543,'IPTU 41273','http://www2.cachoeiro.es.gov.br:8080/ZimWeb/servlet/ZII?connection=producao&program=pwci001&vudTipoDocum=9&vudNoDocum=41273&vexercicio=2019',217074);
INSERT INTO hmprojetos.link_externo values (544,'CND 41273','http://www2.cachoeiro.es.gov.br:8080/ZimWeb/servlet/ZII?vudTipoDocum=3&vudNoDocum=41273&debug=true&connection=producao&program=pwud001&template=%28vudTipoDocum%2CvudNoDocum%2CvudFinalidade%29&B1=Pesquisar',217074);
INSERT INTO hmprojetos.servico values (117035,'PRS','PRS 2017.035','Fracionamento do Imovel','600','2x','Rua Clementina de Jesus, 88/90','Coramara','Cachoeiro de Itapemirim','ES','29313354','2017-02-21','2018-04-26',null,17089);
INSERT INTO hmprojetos.link_externo values (545,'IPTU 41279','http://www2.cachoeiro.es.gov.br:8080/ZimWeb/servlet/ZII?connection=producao&program=pwci001&vudTipoDocum=9&vudNoDocum=41279&vexercicio=2019',117035);
INSERT INTO hmprojetos.link_externo values (546,'CND 41279','http://www2.cachoeiro.es.gov.br:8080/ZimWeb/servlet/ZII?vudTipoDocum=3&vudNoDocum=41279&debug=true&connection=producao&program=pwud001&template=%28vudTipoDocum%2CvudNoDocum%2CvudFinalidade%29&B1=Pesquisar',117035);
INSERT INTO hmprojetos.servico values (218001,'ASS','ASS 2018.001','Renovação de Alvará','150','2x','Rua Eduardo Gomes 46/52','Ibitiquara','Cachoeiro de Itapemirim','ES','29307230','2017-12-21','2018-04-24',null,15133);
INSERT INTO hmprojetos.link_externo values (547,'IPTU 42301','http://www2.cachoeiro.es.gov.br:8080/ZimWeb/servlet/ZII?connection=producao&program=pwci001&vudTipoDocum=9&vudNoDocum=42301&vexercicio=2019',218001);
INSERT INTO hmprojetos.link_externo values (548,'CND 42301','http://www2.cachoeiro.es.gov.br:8080/ZimWeb/servlet/ZII?vudTipoDocum=3&vudNoDocum=42301&debug=true&connection=producao&program=pwud001&template=%28vudTipoDocum%2CvudNoDocum%2CvudFinalidade%29&B1=Pesquisar',218001);
INSERT INTO hmprojetos.codigo_prefeitura values (127,'1552','2018',218001);
INSERT INTO hmprojetos.servico values (214099,'ASS','ASS 2014.099','Cadastro e transferencia de IPTU','200','2x','Sebastião da Silva Rocha','Ibitiquara','Cachoeiro de Itapemirim','ES','','2014-07-31','2019-06-18',null,15133);
INSERT INTO hmprojetos.link_externo values (549,'IPTU 42301','http://www2.cachoeiro.es.gov.br:8080/ZimWeb/servlet/ZII?connection=producao&program=pwci001&vudTipoDocum=9&vudNoDocum=42301&vexercicio=2019',214099);
INSERT INTO hmprojetos.link_externo values (550,'CND 42301','http://www2.cachoeiro.es.gov.br:8080/ZimWeb/servlet/ZII?vudTipoDocum=3&vudNoDocum=42301&debug=true&connection=producao&program=pwud001&template=%28vudTipoDocum%2CvudNoDocum%2CvudFinalidade%29&B1=Pesquisar',214099);
INSERT INTO hmprojetos.codigo_prefeitura values (128,'31145','2014',214099);
INSERT INTO hmprojetos.codigo_prefeitura values (129,'30527','2014',214099);
INSERT INTO hmprojetos.servico values (16064,'PAQ','PAQ 2016.064','Reforma Comercial','2000','','Av. Pinheiro Junior, 196','Ibitiquara','Cachoeiro de Itapemirim','ES','29307201','2016-11-04','2019-03-11',null,16088);
INSERT INTO hmprojetos.link_externo values (551,'IPTU 42398','http://www2.cachoeiro.es.gov.br:8080/ZimWeb/servlet/ZII?connection=producao&program=pwci001&vudTipoDocum=9&vudNoDocum=42398&vexercicio=2019',16064);
INSERT INTO hmprojetos.link_externo values (552,'CND 42398','http://www2.cachoeiro.es.gov.br:8080/ZimWeb/servlet/ZII?vudTipoDocum=3&vudNoDocum=42398&debug=true&connection=producao&program=pwud001&template=%28vudTipoDocum%2CvudNoDocum%2CvudFinalidade%29&B1=Pesquisar',16064);
INSERT INTO hmprojetos.codigo_prefeitura values (130,'2921','2017',16064);
INSERT INTO hmprojetos.servico values (210066,'ASS','ASS 2010.066','Regularização Residencial','','','Rua Dalila Moreira Ferraço, 12','Coramara','Cachoeiro de Itapemirim','ES','29313324','2010-12-21','2019-02-11',null,15831);
INSERT INTO hmprojetos.link_externo values (553,'IPTU 42459','http://www2.cachoeiro.es.gov.br:8080/ZimWeb/servlet/ZII?connection=producao&program=pwci001&vudTipoDocum=9&vudNoDocum=42459&vexercicio=2019',210066);
INSERT INTO hmprojetos.link_externo values (554,'CND 42459','http://www2.cachoeiro.es.gov.br:8080/ZimWeb/servlet/ZII?vudTipoDocum=3&vudNoDocum=42459&debug=true&connection=producao&program=pwud001&template=%28vudTipoDocum%2CvudNoDocum%2CvudFinalidade%29&B1=Pesquisar',210066);
INSERT INTO hmprojetos.servico values (215065,'ASS','ASS 2015.065','Certidão de ônus','','','Rua Almérico Martins Viana, nº 12','São Francisco de Assis','Cachoeiro de Itapemirim','ES','29317451','2015-06-11','2015-06-24',null,15007);
INSERT INTO hmprojetos.link_externo values (555,'IPTU 43181','http://www2.cachoeiro.es.gov.br:8080/ZimWeb/servlet/ZII?connection=producao&program=pwci001&vudTipoDocum=9&vudNoDocum=43181&vexercicio=2019',215065);
INSERT INTO hmprojetos.link_externo values (556,'CND 43181','http://www2.cachoeiro.es.gov.br:8080/ZimWeb/servlet/ZII?vudTipoDocum=3&vudNoDocum=43181&debug=true&connection=producao&program=pwud001&template=%28vudTipoDocum%2CvudNoDocum%2CvudFinalidade%29&B1=Pesquisar',215065);
INSERT INTO hmprojetos.servico values (215072,'ASS','ASS 2015.072','Regularização Residencial - 2º Pavimento','','','Rua Almérico Martins Viana, nº 12','São Francisco de Assis','Cachoeiro de Itapemirim','ES','29317451','2015-06-23','2017-06-19',null,15007);
INSERT INTO hmprojetos.link_externo values (557,'IPTU 43181','http://www2.cachoeiro.es.gov.br:8080/ZimWeb/servlet/ZII?connection=producao&program=pwci001&vudTipoDocum=9&vudNoDocum=43181&vexercicio=2019',215072);
INSERT INTO hmprojetos.link_externo values (558,'CND 43181','http://www2.cachoeiro.es.gov.br:8080/ZimWeb/servlet/ZII?vudTipoDocum=3&vudNoDocum=43181&debug=true&connection=producao&program=pwud001&template=%28vudTipoDocum%2CvudNoDocum%2CvudFinalidade%29&B1=Pesquisar',215072);
INSERT INTO hmprojetos.servico values (218018,'ASS','ASS 2018.018','Alvará e Certidão de Demolição','300','2x','Rua Lauro Lima, nº 169 a 171','Amaral','Cachoeiro de Itapemirim','ES','','2018-02-08','2018-11-20',null,15427);
INSERT INTO hmprojetos.link_externo values (559,'IPTU 45842','http://www2.cachoeiro.es.gov.br:8080/ZimWeb/servlet/ZII?connection=producao&program=pwci001&vudTipoDocum=9&vudNoDocum=45842&vexercicio=2019',218018);
INSERT INTO hmprojetos.link_externo values (560,'CND 45842','http://www2.cachoeiro.es.gov.br:8080/ZimWeb/servlet/ZII?vudTipoDocum=3&vudNoDocum=45842&debug=true&connection=producao&program=pwud001&template=%28vudTipoDocum%2CvudNoDocum%2CvudFinalidade%29&B1=Pesquisar',218018);
INSERT INTO hmprojetos.codigo_prefeitura values (131,'13130','2018',218018);
INSERT INTO hmprojetos.codigo_prefeitura values (132,'13134','2018',218018);
INSERT INTO hmprojetos.servico values (219016,'ASS','ASS 2019.016','CNO - Receita Federal','400','2x','Rua Benedito De Souza Machado, 131/133','Santa Helena','Cachoeiro de Itapemirim','ES','29307030','2019-03-20',null,null,15627);
INSERT INTO hmprojetos.link_externo values (561,'IPTU 45859','http://www2.cachoeiro.es.gov.br:8080/ZimWeb/servlet/ZII?connection=producao&program=pwci001&vudTipoDocum=9&vudNoDocum=45859&vexercicio=2019',219016);
INSERT INTO hmprojetos.link_externo values (562,'CND 45859','http://www2.cachoeiro.es.gov.br:8080/ZimWeb/servlet/ZII?vudTipoDocum=3&vudNoDocum=45859&debug=true&connection=producao&program=pwud001&template=%28vudTipoDocum%2CvudNoDocum%2CvudFinalidade%29&B1=Pesquisar',219016);
INSERT INTO hmprojetos.servico values (218025,'ASS','ASS 2018.025','Certidão Detalhada e Habite-se','250','2x','Rua Benedito De Souza Machado, 131/133','Santa Helena','Cachoeiro de Itapemirim','ES','29307030','2018-03-12','2019-05-30',null,15627);
INSERT INTO hmprojetos.link_externo values (563,'IPTU 45859','http://www2.cachoeiro.es.gov.br:8080/ZimWeb/servlet/ZII?connection=producao&program=pwci001&vudTipoDocum=9&vudNoDocum=45859&vexercicio=2019',218025);
INSERT INTO hmprojetos.link_externo values (564,'CND 45859','http://www2.cachoeiro.es.gov.br:8080/ZimWeb/servlet/ZII?vudTipoDocum=3&vudNoDocum=45859&debug=true&connection=producao&program=pwud001&template=%28vudTipoDocum%2CvudNoDocum%2CvudFinalidade%29&B1=Pesquisar',218025);
INSERT INTO hmprojetos.codigo_prefeitura values (133,'12815','2018',218025);
INSERT INTO hmprojetos.codigo_prefeitura values (134,'12816','2018',218025);
INSERT INTO hmprojetos.servico values (18005,'PAQ','PAQ 2018.005','Regularização Residencial','1020','3x','Rua José Turini - N° 68','Recanto','Cachoeiro de Itapemirim','ES','29303025','2018-01-18',null,null,15065);
INSERT INTO hmprojetos.link_externo values (565,'IPTU 45859','http://www2.cachoeiro.es.gov.br:8080/ZimWeb/servlet/ZII?connection=producao&program=pwci001&vudTipoDocum=9&vudNoDocum=45859&vexercicio=2019',18005);
INSERT INTO hmprojetos.link_externo values (566,'CND 45859','http://www2.cachoeiro.es.gov.br:8080/ZimWeb/servlet/ZII?vudTipoDocum=3&vudNoDocum=45859&debug=true&connection=producao&program=pwud001&template=%28vudTipoDocum%2CvudNoDocum%2CvudFinalidade%29&B1=Pesquisar',18005);
INSERT INTO hmprojetos.servico values (17048,'PAQ','PAQ 2017.048','Construção Residencial','1400','','Rua Willian Scandar Nemer, 10','Abelardo machado','Cachoeiro de Itapemirim','ES','','2017-10-25','2018-04-05',null,11004);
INSERT INTO hmprojetos.link_externo values (567,'IPTU 46007','http://www2.cachoeiro.es.gov.br:8080/ZimWeb/servlet/ZII?connection=producao&program=pwci001&vudTipoDocum=9&vudNoDocum=46007&vexercicio=2019',17048);
INSERT INTO hmprojetos.link_externo values (568,'CND 46007','http://www2.cachoeiro.es.gov.br:8080/ZimWeb/servlet/ZII?vudTipoDocum=3&vudNoDocum=46007&debug=true&connection=producao&program=pwud001&template=%28vudTipoDocum%2CvudNoDocum%2CvudFinalidade%29&B1=Pesquisar',17048);
INSERT INTO hmprojetos.servico values (209026,'ASS','ASS 2009.026','Regularização Residencial','6048','3x','Rua das Palmeiras, 16','Alto Amarelo','Cachoeiro de Itapemirim','ES','29305010','2010-06-23',null,null,15477);
INSERT INTO hmprojetos.link_externo values (569,'IPTU 47793','http://www2.cachoeiro.es.gov.br:8080/ZimWeb/servlet/ZII?connection=producao&program=pwci001&vudTipoDocum=9&vudNoDocum=47793&vexercicio=2019',209026);
INSERT INTO hmprojetos.link_externo values (570,'CND 47793','http://www2.cachoeiro.es.gov.br:8080/ZimWeb/servlet/ZII?vudTipoDocum=3&vudNoDocum=47793&debug=true&connection=producao&program=pwud001&template=%28vudTipoDocum%2CvudNoDocum%2CvudFinalidade%29&B1=Pesquisar',209026);
INSERT INTO hmprojetos.codigo_prefeitura values (135,'108','2019',209026);
INSERT INTO hmprojetos.servico values (219014,'ASS','ASS 2019.014','Alvará de Regularização','700','2x','Rodovia Ricardo Barbieri, KM 489 - N° 187  ','Rui Pinto Bandeira','Cachoeiro de Itapemirim','ES','29314195','2019-03-13',null,null,18058);
INSERT INTO hmprojetos.link_externo values (571,'IPTU 49127','http://www2.cachoeiro.es.gov.br:8080/ZimWeb/servlet/ZII?connection=producao&program=pwci001&vudTipoDocum=9&vudNoDocum=49127&vexercicio=2019',219014);
INSERT INTO hmprojetos.link_externo values (572,'CND 49127','http://www2.cachoeiro.es.gov.br:8080/ZimWeb/servlet/ZII?vudTipoDocum=3&vudNoDocum=49127&debug=true&connection=producao&program=pwud001&template=%28vudTipoDocum%2CvudNoDocum%2CvudFinalidade%29&B1=Pesquisar',219014);
INSERT INTO hmprojetos.servico values (16031,'PAQ','PAQ 2016.031','Regularização Religiosa','','','Rua Fernandes de Abreu, s/nº','Ferroviários','Cachoeiro de Itapemirim','ES','','2014-08-08','2017-04-25',null,16041);
INSERT INTO hmprojetos.link_externo values (573,'IPTU 49162','http://www2.cachoeiro.es.gov.br:8080/ZimWeb/servlet/ZII?connection=producao&program=pwci001&vudTipoDocum=9&vudNoDocum=49162&vexercicio=2019',16031);
INSERT INTO hmprojetos.link_externo values (574,'CND 49162','http://www2.cachoeiro.es.gov.br:8080/ZimWeb/servlet/ZII?vudTipoDocum=3&vudNoDocum=49162&debug=true&connection=producao&program=pwud001&template=%28vudTipoDocum%2CvudNoDocum%2CvudFinalidade%29&B1=Pesquisar',16031);
INSERT INTO hmprojetos.servico values (218008,'ASS','ASS 2018.008','Cadastramento do Imóvel - IPTU','300','','Rua Euclides da Cunha, nº 63 a 107','Paraiso','Cachoeiro de Itapemirim','ES','29304130','2018-01-17','2018-11-09',null,15829);
INSERT INTO hmprojetos.link_externo values (575,'IPTU 49407','http://www2.cachoeiro.es.gov.br:8080/ZimWeb/servlet/ZII?connection=producao&program=pwci001&vudTipoDocum=9&vudNoDocum=49407&vexercicio=2019',218008);
INSERT INTO hmprojetos.link_externo values (576,'CND 49407','http://www2.cachoeiro.es.gov.br:8080/ZimWeb/servlet/ZII?vudTipoDocum=3&vudNoDocum=49407&debug=true&connection=producao&program=pwud001&template=%28vudTipoDocum%2CvudNoDocum%2CvudFinalidade%29&B1=Pesquisar',218008);
INSERT INTO hmprojetos.codigo_prefeitura values (136,'35042','2018',218008);
INSERT INTO hmprojetos.servico values (117021,'PRS','PRS 2017.021','Desmembramento de Área','','','Rua Euclides da Cunha, 63 a 107','Paraiso','Cachoeiro de Itapemirim','ES','29304130','2017-08-29',null,null,15829);
INSERT INTO hmprojetos.link_externo values (577,'IPTU 49407','http://www2.cachoeiro.es.gov.br:8080/ZimWeb/servlet/ZII?connection=producao&program=pwci001&vudTipoDocum=9&vudNoDocum=49407&vexercicio=2019',117021);
INSERT INTO hmprojetos.link_externo values (578,'CND 49407','http://www2.cachoeiro.es.gov.br:8080/ZimWeb/servlet/ZII?vudTipoDocum=3&vudNoDocum=49407&debug=true&connection=producao&program=pwud001&template=%28vudTipoDocum%2CvudNoDocum%2CvudFinalidade%29&B1=Pesquisar',117021);
INSERT INTO hmprojetos.servico values (216069,'ASS','ASS 2016.069','Certidão Detalhada e Habite-se','','','Rua Alameda João Paulo II','Rod. Safra x Cachoeiro','Cachoeiro de Itapemirim','ES','29300090','2016-07-29','2018-12-10',null,15228);
INSERT INTO hmprojetos.link_externo values (579,'IPTU 51271','http://www2.cachoeiro.es.gov.br:8080/ZimWeb/servlet/ZII?connection=producao&program=pwci001&vudTipoDocum=9&vudNoDocum=51271&vexercicio=2019',216069);
INSERT INTO hmprojetos.link_externo values (580,'CND 51271','http://www2.cachoeiro.es.gov.br:8080/ZimWeb/servlet/ZII?vudTipoDocum=3&vudNoDocum=51271&debug=true&connection=producao&program=pwud001&template=%28vudTipoDocum%2CvudNoDocum%2CvudFinalidade%29&B1=Pesquisar',216069);
INSERT INTO hmprojetos.codigo_prefeitura values (137,'26026','2016',216069);
INSERT INTO hmprojetos.codigo_prefeitura values (138,'26027','2016',216069);
INSERT INTO hmprojetos.servico values (217073,'ASS','ASS 2017.073','Regularização Religiosa','500','2x','Rua Maurilio Coelho, 153 a 157','Ilha da Luz','Cachoeiro de Itapemirim','ES','29310315','2017-09-28',null,null,17039);
INSERT INTO hmprojetos.link_externo values (581,'IPTU 51479','http://www2.cachoeiro.es.gov.br:8080/ZimWeb/servlet/ZII?connection=producao&program=pwci001&vudTipoDocum=9&vudNoDocum=51479&vexercicio=2019',217073);
INSERT INTO hmprojetos.link_externo values (582,'CND 51479','http://www2.cachoeiro.es.gov.br:8080/ZimWeb/servlet/ZII?vudTipoDocum=3&vudNoDocum=51479&debug=true&connection=producao&program=pwud001&template=%28vudTipoDocum%2CvudNoDocum%2CvudFinalidade%29&B1=Pesquisar',217073);
INSERT INTO hmprojetos.codigo_prefeitura values (139,'20131','2018',217073);
INSERT INTO hmprojetos.servico values (17027,'PAQ','PAQ 2017.027','Regularização Religiosa','1200','4x ','Rua Maurilio Coelho, 153 a 157','Ilha da Luz','Cachoeiro de Itapemirim','ES','29310315','2017-05-19','2017-09-28',null,17039);
INSERT INTO hmprojetos.link_externo values (583,'IPTU 51479','http://www2.cachoeiro.es.gov.br:8080/ZimWeb/servlet/ZII?connection=producao&program=pwci001&vudTipoDocum=9&vudNoDocum=51479&vexercicio=2019',17027);
INSERT INTO hmprojetos.link_externo values (584,'CND 51479','http://www2.cachoeiro.es.gov.br:8080/ZimWeb/servlet/ZII?vudTipoDocum=3&vudNoDocum=51479&debug=true&connection=producao&program=pwud001&template=%28vudTipoDocum%2CvudNoDocum%2CvudFinalidade%29&B1=Pesquisar',17027);
INSERT INTO hmprojetos.servico values (19001,'PAQ','PAQ 2019.001','Regularização Residencial','300','','Av. Doutor João de Deus Madureira Filho, 22','Ilha da Luz','Cachoeiro de Itapemirim','ES','29309802','2019-01-02',null,null,19001);
INSERT INTO hmprojetos.link_externo values (585,'IPTU 51556','http://www2.cachoeiro.es.gov.br:8080/ZimWeb/servlet/ZII?connection=producao&program=pwci001&vudTipoDocum=9&vudNoDocum=51556&vexercicio=2019',19001);
INSERT INTO hmprojetos.link_externo values (586,'CND 51556','http://www2.cachoeiro.es.gov.br:8080/ZimWeb/servlet/ZII?vudTipoDocum=3&vudNoDocum=51556&debug=true&connection=producao&program=pwud001&template=%28vudTipoDocum%2CvudNoDocum%2CvudFinalidade%29&B1=Pesquisar',19001);
INSERT INTO hmprojetos.servico values (219048,'ASS','ASS 2019.048','Certidão Detalhada / Habite-se','400','2x','Rua Álvaro Ramos - N° 212/214','Recanto','Cachoeiro de Itapemirim','ES','29303040','2019-07-02',null,null,15712);
INSERT INTO hmprojetos.link_externo values (587,'IPTU 51700','http://www2.cachoeiro.es.gov.br:8080/ZimWeb/servlet/ZII?connection=producao&program=pwci001&vudTipoDocum=9&vudNoDocum=51700&vexercicio=2019',219048);
INSERT INTO hmprojetos.link_externo values (588,'CND 51700','http://www2.cachoeiro.es.gov.br:8080/ZimWeb/servlet/ZII?vudTipoDocum=3&vudNoDocum=51700&debug=true&connection=producao&program=pwud001&template=%28vudTipoDocum%2CvudNoDocum%2CvudFinalidade%29&B1=Pesquisar',219048);
INSERT INTO hmprojetos.codigo_prefeitura values (140,'36553','2019',219048);
INSERT INTO hmprojetos.codigo_prefeitura values (141,'36554','2019',219048);
INSERT INTO hmprojetos.servico values (18047,'PAQ','PAQ 2018.047','Regularização Residencial','2500','','Rua Álvaro Ramos - N° 212/214','Recanto','Cachoeiro de Itapemirim','ES','29303040','2018-10-09','2018-11-05',null,15712);
INSERT INTO hmprojetos.link_externo values (589,'IPTU 51700','http://www2.cachoeiro.es.gov.br:8080/ZimWeb/servlet/ZII?connection=producao&program=pwci001&vudTipoDocum=9&vudNoDocum=51700&vexercicio=2019',18047);
INSERT INTO hmprojetos.link_externo values (590,'CND 51700','http://www2.cachoeiro.es.gov.br:8080/ZimWeb/servlet/ZII?vudTipoDocum=3&vudNoDocum=51700&debug=true&connection=producao&program=pwud001&template=%28vudTipoDocum%2CvudNoDocum%2CvudFinalidade%29&B1=Pesquisar',18047);
INSERT INTO hmprojetos.servico values (19018,'PAQ','PAQ 2019.018','Regularização Residencial','900','4x','Rua José Marinho Machado Coelho, 77','Rui Pinto bandeira','Cachoeiro de Itapemirim','ES','29315815','2019-04-27','2019-12-09',null,19028);
INSERT INTO hmprojetos.link_externo values (591,'IPTU 51872','http://www2.cachoeiro.es.gov.br:8080/ZimWeb/servlet/ZII?connection=producao&program=pwci001&vudTipoDocum=9&vudNoDocum=51872&vexercicio=2019',19018);
INSERT INTO hmprojetos.link_externo values (592,'CND 51872','http://www2.cachoeiro.es.gov.br:8080/ZimWeb/servlet/ZII?vudTipoDocum=3&vudNoDocum=51872&debug=true&connection=producao&program=pwud001&template=%28vudTipoDocum%2CvudNoDocum%2CvudFinalidade%29&B1=Pesquisar',19018);
INSERT INTO hmprojetos.servico values (217036,'ASS','ASS 2017.036','Alvará de Construção','400','','Av. Carly Levy Ramos, 137 a 141','Novo Parque','Cachoeiro de Itapemirim','ES','29309100','2017-05-30',null,null,15685);
INSERT INTO hmprojetos.link_externo values (593,'IPTU 51936','http://www2.cachoeiro.es.gov.br:8080/ZimWeb/servlet/ZII?connection=producao&program=pwci001&vudTipoDocum=9&vudNoDocum=51936&vexercicio=2019',217036);
INSERT INTO hmprojetos.link_externo values (594,'CND 51936','http://www2.cachoeiro.es.gov.br:8080/ZimWeb/servlet/ZII?vudTipoDocum=3&vudNoDocum=51936&debug=true&connection=producao&program=pwud001&template=%28vudTipoDocum%2CvudNoDocum%2CvudFinalidade%29&B1=Pesquisar',217036);
INSERT INTO hmprojetos.codigo_prefeitura values (142,'20230','2017',217036);
INSERT INTO hmprojetos.servico values (213057,'ASS','ASS 2013.057','Substituição de Projeto','500','2x','Rua Euclides da Cunha, 35','Paraíso','Cachoeiro de Itapemirim','ES','29304130','2013-04-05',null,null,15829);
INSERT INTO hmprojetos.link_externo values (595,'IPTU 51936','http://www2.cachoeiro.es.gov.br:8080/ZimWeb/servlet/ZII?connection=producao&program=pwci001&vudTipoDocum=9&vudNoDocum=51936&vexercicio=2019',213057);
INSERT INTO hmprojetos.link_externo values (596,'CND 51936','http://www2.cachoeiro.es.gov.br:8080/ZimWeb/servlet/ZII?vudTipoDocum=3&vudNoDocum=51936&debug=true&connection=producao&program=pwud001&template=%28vudTipoDocum%2CvudNoDocum%2CvudFinalidade%29&B1=Pesquisar',213057);
INSERT INTO hmprojetos.codigo_prefeitura values (143,'39385','2013',213057);
INSERT INTO hmprojetos.servico values (18032,'PAQ','PAQ 2018.032','Regularização Residencial','1300',' ','Rua João Natali, 8/10','Gilson Carone','Cachoeiro de Itapemirim','ES','29310513','2018-08-07','2018-12-03',null,18049);
INSERT INTO hmprojetos.link_externo values (597,'IPTU 52689','http://www2.cachoeiro.es.gov.br:8080/ZimWeb/servlet/ZII?connection=producao&program=pwci001&vudTipoDocum=9&vudNoDocum=52689&vexercicio=2019',18032);
INSERT INTO hmprojetos.link_externo values (598,'CND 52689','http://www2.cachoeiro.es.gov.br:8080/ZimWeb/servlet/ZII?vudTipoDocum=3&vudNoDocum=52689&debug=true&connection=producao&program=pwud001&template=%28vudTipoDocum%2CvudNoDocum%2CvudFinalidade%29&B1=Pesquisar',18032);
INSERT INTO hmprojetos.servico values (215116,'ASS','ASS 2015.116','Renovação de Alvará','150','2x','Rua Hugo Zago, 38','Alto Monte Cristo','Cachoeiro de Itapemirim','ES','','2015-11-10','2016-04-20',null,15143);
INSERT INTO hmprojetos.link_externo values (599,'IPTU 54922','http://www2.cachoeiro.es.gov.br:8080/ZimWeb/servlet/ZII?connection=producao&program=pwci001&vudTipoDocum=9&vudNoDocum=54922&vexercicio=2019',215116);
INSERT INTO hmprojetos.link_externo values (600,'CND 54922','http://www2.cachoeiro.es.gov.br:8080/ZimWeb/servlet/ZII?vudTipoDocum=3&vudNoDocum=54922&debug=true&connection=producao&program=pwud001&template=%28vudTipoDocum%2CvudNoDocum%2CvudFinalidade%29&B1=Pesquisar',215116);
INSERT INTO hmprojetos.codigo_prefeitura values (144,'38685','2015',215116);
INSERT INTO hmprojetos.servico values (17033,'PAQ','PAQ 2017.033','Regularização Residencial','4950','5x','Rua: Antônio Cardoso Coelho, n°06','Jardim Itapemirim','Cachoeiro de Itapemirim','ES','29315750',null,'2018-03-14',null,17048);
INSERT INTO hmprojetos.link_externo values (601,'IPTU 55059','http://www2.cachoeiro.es.gov.br:8080/ZimWeb/servlet/ZII?connection=producao&program=pwci001&vudTipoDocum=9&vudNoDocum=55059&vexercicio=2019',17033);
INSERT INTO hmprojetos.link_externo values (602,'CND 55059','http://www2.cachoeiro.es.gov.br:8080/ZimWeb/servlet/ZII?vudTipoDocum=3&vudNoDocum=55059&debug=true&connection=producao&program=pwud001&template=%28vudTipoDocum%2CvudNoDocum%2CvudFinalidade%29&B1=Pesquisar',17033);
INSERT INTO hmprojetos.servico values (218033,'ASS','ASS 2018.033','Certidão Detalhada e Habite-se','800','2X','Rua Alfredo Martins Amaral 13/21','Baiminas','Cachoeiro de Itapemirim','ES','29305430','2018-04-03',null,null,18023);
INSERT INTO hmprojetos.link_externo values (603,'IPTU 55302','http://www2.cachoeiro.es.gov.br:8080/ZimWeb/servlet/ZII?connection=producao&program=pwci001&vudTipoDocum=9&vudNoDocum=55302&vexercicio=2019',218033);
INSERT INTO hmprojetos.link_externo values (604,'CND 55302','http://www2.cachoeiro.es.gov.br:8080/ZimWeb/servlet/ZII?vudTipoDocum=3&vudNoDocum=55302&debug=true&connection=producao&program=pwud001&template=%28vudTipoDocum%2CvudNoDocum%2CvudFinalidade%29&B1=Pesquisar',218033);
INSERT INTO hmprojetos.codigo_prefeitura values (145,'19032','2018',218033);
INSERT INTO hmprojetos.codigo_prefeitura values (146,'19034','2018',218033);
INSERT INTO hmprojetos.servico values (18055,'PAQ','PAQ 2018.055','Croqui Arquitetônico','250','','Rua Oswaldo Nunes de Menezes, 99/101','Coramara','Cachoeiro de Itapemirim','ES','29313362','2018-11-22','2018-11-29',null,18016);
INSERT INTO hmprojetos.link_externo values (605,'IPTU 55985','http://www2.cachoeiro.es.gov.br:8080/ZimWeb/servlet/ZII?connection=producao&program=pwci001&vudTipoDocum=9&vudNoDocum=55985&vexercicio=2019',18055);
INSERT INTO hmprojetos.link_externo values (606,'CND 55985','http://www2.cachoeiro.es.gov.br:8080/ZimWeb/servlet/ZII?vudTipoDocum=3&vudNoDocum=55985&debug=true&connection=producao&program=pwud001&template=%28vudTipoDocum%2CvudNoDocum%2CvudFinalidade%29&B1=Pesquisar',18055);
INSERT INTO hmprojetos.servico values (118007,'PRS','PRS 2018.007','Planta para Usucapião','700','2x','Rua Oswaldo Nunes de Menezes, 99/101','Coramara','Cachoeiro de Itapemirim','ES','29313362','2018-03-12',null,null,18016);
INSERT INTO hmprojetos.link_externo values (607,'IPTU 55985','http://www2.cachoeiro.es.gov.br:8080/ZimWeb/servlet/ZII?connection=producao&program=pwci001&vudTipoDocum=9&vudNoDocum=55985&vexercicio=2019',118007);
INSERT INTO hmprojetos.link_externo values (608,'CND 55985','http://www2.cachoeiro.es.gov.br:8080/ZimWeb/servlet/ZII?vudTipoDocum=3&vudNoDocum=55985&debug=true&connection=producao&program=pwud001&template=%28vudTipoDocum%2CvudNoDocum%2CvudFinalidade%29&B1=Pesquisar',118007);
INSERT INTO hmprojetos.servico values (219031,'ASS','ASS 2019.031','Elaboração de Escritura','600','2x','Rua Elias Mauricio dos Santos, 81','Recanto','Cachoeiro de Itapemirim','ES','29303130','2019-04-13','2019-05-07',null,19024);
INSERT INTO hmprojetos.link_externo values (609,'IPTU 56155','http://www2.cachoeiro.es.gov.br:8080/ZimWeb/servlet/ZII?connection=producao&program=pwci001&vudTipoDocum=9&vudNoDocum=56155&vexercicio=2019',219031);
INSERT INTO hmprojetos.link_externo values (610,'CND 56155','http://www2.cachoeiro.es.gov.br:8080/ZimWeb/servlet/ZII?vudTipoDocum=3&vudNoDocum=56155&debug=true&connection=producao&program=pwud001&template=%28vudTipoDocum%2CvudNoDocum%2CvudFinalidade%29&B1=Pesquisar',219031);
INSERT INTO hmprojetos.servico values (217080,'ASS','ASS 2017.080','Certidão de 1° Lançamento ','','','Rua José Rosa Machado, 274','Nossa senhora de Fatima','Cachoeiro de Itapemirim','ES','29308610','2017-10-07','2019-07-11',null,17078);
INSERT INTO hmprojetos.link_externo values (611,'IPTU 56274','http://www2.cachoeiro.es.gov.br:8080/ZimWeb/servlet/ZII?connection=producao&program=pwci001&vudTipoDocum=9&vudNoDocum=56274&vexercicio=2019',217080);
INSERT INTO hmprojetos.link_externo values (612,'CND 56274','http://www2.cachoeiro.es.gov.br:8080/ZimWeb/servlet/ZII?vudTipoDocum=3&vudNoDocum=56274&debug=true&connection=producao&program=pwud001&template=%28vudTipoDocum%2CvudNoDocum%2CvudFinalidade%29&B1=Pesquisar',217080);
INSERT INTO hmprojetos.codigo_prefeitura values (147,'42033','2018',217080);
INSERT INTO hmprojetos.servico values (218081,'ASS','ASS 2018.081','Retificação de Área - Prefeitura','150','1x','Rua Antônio Cardoso Coelho, 24 / 26','Jardim Itapemirim','Cachoeiro de Itapemirim','ES','29315750','2018-08-20','2019-08-16',null,18027);
INSERT INTO hmprojetos.link_externo values (613,'IPTU 56632','http://www2.cachoeiro.es.gov.br:8080/ZimWeb/servlet/ZII?connection=producao&program=pwci001&vudTipoDocum=9&vudNoDocum=56632&vexercicio=2019',218081);
INSERT INTO hmprojetos.link_externo values (614,'CND 56632','http://www2.cachoeiro.es.gov.br:8080/ZimWeb/servlet/ZII?vudTipoDocum=3&vudNoDocum=56632&debug=true&connection=producao&program=pwud001&template=%28vudTipoDocum%2CvudNoDocum%2CvudFinalidade%29&B1=Pesquisar',218081);
INSERT INTO hmprojetos.codigo_prefeitura values (148,'34680','2018',218081);
INSERT INTO hmprojetos.servico values (118009,'PRS','PRS 2018.009','Retificação de Área','600','2x','Rua Antônio Cardoso Coelho, 24 / 26','Jardim Itapemirim','Cachoeiro de Itapemirim','ES','29315750','2018-04-14','2018-08-20',null,18027);
INSERT INTO hmprojetos.link_externo values (615,'IPTU 56632','http://www2.cachoeiro.es.gov.br:8080/ZimWeb/servlet/ZII?connection=producao&program=pwci001&vudTipoDocum=9&vudNoDocum=56632&vexercicio=2019',118009);
INSERT INTO hmprojetos.link_externo values (616,'CND 56632','http://www2.cachoeiro.es.gov.br:8080/ZimWeb/servlet/ZII?vudTipoDocum=3&vudNoDocum=56632&debug=true&connection=producao&program=pwud001&template=%28vudTipoDocum%2CvudNoDocum%2CvudFinalidade%29&B1=Pesquisar',118009);
INSERT INTO hmprojetos.servico values (118026,'PRS','PRS 2018.026','Desmembramento de Área','650','','Rua: Jacinta Maria da Penha, N 31/35','Novo Parque','Cachoeiro de Itapemirim','ES','29309008','2018-07-23','2019-04-03',null,18051);
INSERT INTO hmprojetos.link_externo values (617,'IPTU 56856','http://www2.cachoeiro.es.gov.br:8080/ZimWeb/servlet/ZII?connection=producao&program=pwci001&vudTipoDocum=9&vudNoDocum=56856&vexercicio=2019',118026);
INSERT INTO hmprojetos.link_externo values (618,'CND 56856','http://www2.cachoeiro.es.gov.br:8080/ZimWeb/servlet/ZII?vudTipoDocum=3&vudNoDocum=56856&debug=true&connection=producao&program=pwud001&template=%28vudTipoDocum%2CvudNoDocum%2CvudFinalidade%29&B1=Pesquisar',118026);
INSERT INTO hmprojetos.servico values (16012,'PAQ','PAQ 2016.012','Construção Residencial','1280','3x','Rua Isidoro Sequim, 87','Parque Laranjeiras','Cachoeiro de Itapemirim','ES','29317012','2016-02-27','2016-07-09',null,16014);
INSERT INTO hmprojetos.link_externo values (619,'IPTU 56945','http://www2.cachoeiro.es.gov.br:8080/ZimWeb/servlet/ZII?connection=producao&program=pwci001&vudTipoDocum=9&vudNoDocum=56945&vexercicio=2019',16012);
INSERT INTO hmprojetos.link_externo values (620,'CND 56945','http://www2.cachoeiro.es.gov.br:8080/ZimWeb/servlet/ZII?vudTipoDocum=3&vudNoDocum=56945&debug=true&connection=producao&program=pwud001&template=%28vudTipoDocum%2CvudNoDocum%2CvudFinalidade%29&B1=Pesquisar',16012);
INSERT INTO hmprojetos.servico values (219002,'ASS','ASS 2019.002','Acompanhamento de Processo','450','','Rua Ernandes Duarte da Fonseca - N° 91','Agostinho Simonato','Cachoeiro de Itapemirim','ES','29311737','2019-01-03','2019-06-18',null,19002);
INSERT INTO hmprojetos.link_externo values (621,'IPTU 56952','http://www2.cachoeiro.es.gov.br:8080/ZimWeb/servlet/ZII?connection=producao&program=pwci001&vudTipoDocum=9&vudNoDocum=56952&vexercicio=2019',219002);
INSERT INTO hmprojetos.link_externo values (622,'CND 56952','http://www2.cachoeiro.es.gov.br:8080/ZimWeb/servlet/ZII?vudTipoDocum=3&vudNoDocum=56952&debug=true&connection=producao&program=pwud001&template=%28vudTipoDocum%2CvudNoDocum%2CvudFinalidade%29&B1=Pesquisar',219002);
INSERT INTO hmprojetos.codigo_prefeitura values (149,'10639','2014',219002);
INSERT INTO hmprojetos.servico values (217091,'ASS','ASS 2017.091','Acompanhamento de Usucapião','3120','6x','Rua Anatael Alves da Cruz, nº 19','Boa Vista','Cachoeiro de Itapemirim','ES','29315483','2017-12-12',null,null,17091);
INSERT INTO hmprojetos.link_externo values (623,'IPTU 57845','http://www2.cachoeiro.es.gov.br:8080/ZimWeb/servlet/ZII?connection=producao&program=pwci001&vudTipoDocum=9&vudNoDocum=57845&vexercicio=2019',217091);
INSERT INTO hmprojetos.link_externo values (624,'CND 57845','http://www2.cachoeiro.es.gov.br:8080/ZimWeb/servlet/ZII?vudTipoDocum=3&vudNoDocum=57845&debug=true&connection=producao&program=pwud001&template=%28vudTipoDocum%2CvudNoDocum%2CvudFinalidade%29&B1=Pesquisar',217091);
INSERT INTO hmprojetos.servico values (217090,'ASS','ASS 2017.090','Acompanhamento de Usucapião','3120','6x','Rua Anatanael Alves da Cruz, 19','Bairro Boa Vista','Cachoeiro de Itapemirim','ES','29315483','2017-12-12',null,null,17064);
INSERT INTO hmprojetos.link_externo values (625,'IPTU 57845','http://www2.cachoeiro.es.gov.br:8080/ZimWeb/servlet/ZII?connection=producao&program=pwci001&vudTipoDocum=9&vudNoDocum=57845&vexercicio=2019',217090);
INSERT INTO hmprojetos.link_externo values (626,'CND 57845','http://www2.cachoeiro.es.gov.br:8080/ZimWeb/servlet/ZII?vudTipoDocum=3&vudNoDocum=57845&debug=true&connection=producao&program=pwud001&template=%28vudTipoDocum%2CvudNoDocum%2CvudFinalidade%29&B1=Pesquisar',217090);
INSERT INTO hmprojetos.servico values (117022,'PRS','PRS 2017.022','Planta para Usucapião','800','2x','Rua Anatanael Alves da Cruz, 19','Bairro Boa Vista','Cachoeiro de Itapemirim','ES','29315483','2017-09-14','2017-12-12',null,17064);
INSERT INTO hmprojetos.link_externo values (627,'IPTU 57845','http://www2.cachoeiro.es.gov.br:8080/ZimWeb/servlet/ZII?connection=producao&program=pwci001&vudTipoDocum=9&vudNoDocum=57845&vexercicio=2019',117022);
INSERT INTO hmprojetos.link_externo values (628,'CND 57845','http://www2.cachoeiro.es.gov.br:8080/ZimWeb/servlet/ZII?vudTipoDocum=3&vudNoDocum=57845&debug=true&connection=producao&program=pwud001&template=%28vudTipoDocum%2CvudNoDocum%2CvudFinalidade%29&B1=Pesquisar',117022);
INSERT INTO hmprojetos.servico values (216087,'ASS','ASS 2016.087','Troca de titularidade','','','Rua Coronel Alziro Viana, 131','Ferroviários','Cachoeiro de Itapemirim','ES','29308075','2016-10-24','2016-11-22',null,16073);
INSERT INTO hmprojetos.link_externo values (629,'IPTU 57878','http://www2.cachoeiro.es.gov.br:8080/ZimWeb/servlet/ZII?connection=producao&program=pwci001&vudTipoDocum=9&vudNoDocum=57878&vexercicio=2019',216087);
INSERT INTO hmprojetos.link_externo values (630,'CND 57878','http://www2.cachoeiro.es.gov.br:8080/ZimWeb/servlet/ZII?vudTipoDocum=3&vudNoDocum=57878&debug=true&connection=producao&program=pwud001&template=%28vudTipoDocum%2CvudNoDocum%2CvudFinalidade%29&B1=Pesquisar',216087);
INSERT INTO hmprojetos.codigo_prefeitura values (150,'36479','2016',216087);
INSERT INTO hmprojetos.servico values (218031,'ASS','ASS 2018.031','Pesquisa Protocolos Prefeitura','300','2x','Rua Bernardo Horta, 301 a 317','Guandú','Cachoeiro de Itapemirim','ES','','2018-03-16',null,null,15387);
INSERT INTO hmprojetos.link_externo values (631,'IPTU 57965','http://www2.cachoeiro.es.gov.br:8080/ZimWeb/servlet/ZII?connection=producao&program=pwci001&vudTipoDocum=9&vudNoDocum=57965&vexercicio=2019',218031);
INSERT INTO hmprojetos.link_externo values (632,'CND 57965','http://www2.cachoeiro.es.gov.br:8080/ZimWeb/servlet/ZII?vudTipoDocum=3&vudNoDocum=57965&debug=true&connection=producao&program=pwud001&template=%28vudTipoDocum%2CvudNoDocum%2CvudFinalidade%29&B1=Pesquisar',218031);
INSERT INTO hmprojetos.servico values (19019,'PAQ','PAQ 2019.019','Construção Residencial','700','2x','Rua Quirino Golnçalves, 74','Caiçara','Cachoeiro de Itapemirim','ES','29310381','2019-05-09','2019-07-08',null,19029);
INSERT INTO hmprojetos.link_externo values (633,'IPTU 58318','http://www2.cachoeiro.es.gov.br:8080/ZimWeb/servlet/ZII?connection=producao&program=pwci001&vudTipoDocum=9&vudNoDocum=58318&vexercicio=2019',19019);
INSERT INTO hmprojetos.link_externo values (634,'CND 58318','http://www2.cachoeiro.es.gov.br:8080/ZimWeb/servlet/ZII?vudTipoDocum=3&vudNoDocum=58318&debug=true&connection=producao&program=pwud001&template=%28vudTipoDocum%2CvudNoDocum%2CvudFinalidade%29&B1=Pesquisar',19019);
INSERT INTO hmprojetos.servico values (11113,'PAQ','PAQ 2011.113','Regularização Residencial 2º Pavimento','600','','Rua Manoel Felipe Sobrinho','Monte Cristo','Cachoeiro de Itapemirim','ES','29312110','2012-02-24',null,null,15776);
INSERT INTO hmprojetos.link_externo values (635,'IPTU 58988','http://www2.cachoeiro.es.gov.br:8080/ZimWeb/servlet/ZII?connection=producao&program=pwci001&vudTipoDocum=9&vudNoDocum=58988&vexercicio=2019',11113);
INSERT INTO hmprojetos.link_externo values (636,'CND 58988','http://www2.cachoeiro.es.gov.br:8080/ZimWeb/servlet/ZII?vudTipoDocum=3&vudNoDocum=58988&debug=true&connection=producao&program=pwud001&template=%28vudTipoDocum%2CvudNoDocum%2CvudFinalidade%29&B1=Pesquisar',11113);
INSERT INTO hmprojetos.codigo_prefeitura values (151,'47319','2011',11113);
INSERT INTO hmprojetos.codigo_prefeitura values (152,'11628','2016',11113);
INSERT INTO hmprojetos.servico values (111043,'PRS','PRS 2011.043','Retificação de Área','300','','Rua Projetada A','Monte Cristo','Cachoeiro de Itapemirim','ES','29312090','2011-10-06','2018-03-01',null,15568);
INSERT INTO hmprojetos.link_externo values (637,'IPTU 59340','http://www2.cachoeiro.es.gov.br:8080/ZimWeb/servlet/ZII?connection=producao&program=pwci001&vudTipoDocum=9&vudNoDocum=59340&vexercicio=2019',111043);
INSERT INTO hmprojetos.link_externo values (638,'CND 59340','http://www2.cachoeiro.es.gov.br:8080/ZimWeb/servlet/ZII?vudTipoDocum=3&vudNoDocum=59340&debug=true&connection=producao&program=pwud001&template=%28vudTipoDocum%2CvudNoDocum%2CvudFinalidade%29&B1=Pesquisar',111043);
INSERT INTO hmprojetos.codigo_prefeitura values (153,'8627','2015',111043);
INSERT INTO hmprojetos.servico values (216068,'ASS','ASS 2016.068','Regularização Multifamiliar','700','2x','Rua Pinheiro Junior, 60','Ibitiguara','Cachoeiro de Itapemirim','ES','29307201','2016-07-25','2017-11-23',null,16029);
INSERT INTO hmprojetos.link_externo values (639,'IPTU 59665','http://www2.cachoeiro.es.gov.br:8080/ZimWeb/servlet/ZII?connection=producao&program=pwci001&vudTipoDocum=9&vudNoDocum=59665&vexercicio=2019',216068);
INSERT INTO hmprojetos.link_externo values (640,'CND 59665','http://www2.cachoeiro.es.gov.br:8080/ZimWeb/servlet/ZII?vudTipoDocum=3&vudNoDocum=59665&debug=true&connection=producao&program=pwud001&template=%28vudTipoDocum%2CvudNoDocum%2CvudFinalidade%29&B1=Pesquisar',216068);
INSERT INTO hmprojetos.codigo_prefeitura values (154,'30389','2016',216068);
INSERT INTO hmprojetos.servico values (16020,'PAQ','PAQ 2016.020','Regularização Multifamiliar','2000','4x','Rua Pinheiro Junior, 60','Ibitiguara','Cachoeiro de Itapemirim','ES','','2016-04-22','2016-07-25',null,16029);
INSERT INTO hmprojetos.link_externo values (641,'IPTU 59665','http://www2.cachoeiro.es.gov.br:8080/ZimWeb/servlet/ZII?connection=producao&program=pwci001&vudTipoDocum=9&vudNoDocum=59665&vexercicio=2019',16020);
INSERT INTO hmprojetos.link_externo values (642,'CND 59665','http://www2.cachoeiro.es.gov.br:8080/ZimWeb/servlet/ZII?vudTipoDocum=3&vudNoDocum=59665&debug=true&connection=producao&program=pwud001&template=%28vudTipoDocum%2CvudNoDocum%2CvudFinalidade%29&B1=Pesquisar',16020);
INSERT INTO hmprojetos.servico values (216077,'ASS','ASS 2016.077','Regularição Comercial - Prefeitura','700','','Av. Francisco Lacerda de Aguiar, nº 56','Gilberto Machado','Cachoeiro de Itapemirim','ES','29303300','2016-08-30',null,null,15388);
INSERT INTO hmprojetos.link_externo values (643,'IPTU 59717','http://www2.cachoeiro.es.gov.br:8080/ZimWeb/servlet/ZII?connection=producao&program=pwci001&vudTipoDocum=9&vudNoDocum=59717&vexercicio=2019',216077);
INSERT INTO hmprojetos.link_externo values (644,'CND 59717','http://www2.cachoeiro.es.gov.br:8080/ZimWeb/servlet/ZII?vudTipoDocum=3&vudNoDocum=59717&debug=true&connection=producao&program=pwud001&template=%28vudTipoDocum%2CvudNoDocum%2CvudFinalidade%29&B1=Pesquisar',216077);
INSERT INTO hmprojetos.codigo_prefeitura values (155,'27586','2017',216077);
INSERT INTO hmprojetos.servico values (217042,'ASS','ASS 2017.042','Alvará de Regularização','700','2x','Rua Fernando de Mori, 97','Vila Rica','Cachoeiro de Itapemirim','ES','29301305','2017-06-28',null,null,16078);
INSERT INTO hmprojetos.link_externo values (645,'IPTU 59782','http://www2.cachoeiro.es.gov.br:8080/ZimWeb/servlet/ZII?connection=producao&program=pwci001&vudTipoDocum=9&vudNoDocum=59782&vexercicio=2019',217042);
INSERT INTO hmprojetos.link_externo values (646,'CND 59782','http://www2.cachoeiro.es.gov.br:8080/ZimWeb/servlet/ZII?vudTipoDocum=3&vudNoDocum=59782&debug=true&connection=producao&program=pwud001&template=%28vudTipoDocum%2CvudNoDocum%2CvudFinalidade%29&B1=Pesquisar',217042);
INSERT INTO hmprojetos.codigo_prefeitura values (156,'27588','2017',217042);
INSERT INTO hmprojetos.servico values (218037,'ASS','ASS 2018.037','Recibo de Transferência','150','','Rua Osvaldo Alves, 6/8','Boa Esperança','Cachoeiro de Itapemirim','ES','29312426','2018-04-09','2018-04-10',null,18024);
INSERT INTO hmprojetos.link_externo values (647,'IPTU 60542','http://www2.cachoeiro.es.gov.br:8080/ZimWeb/servlet/ZII?connection=producao&program=pwci001&vudTipoDocum=9&vudNoDocum=60542&vexercicio=2019',218037);
INSERT INTO hmprojetos.link_externo values (648,'CND 60542','http://www2.cachoeiro.es.gov.br:8080/ZimWeb/servlet/ZII?vudTipoDocum=3&vudNoDocum=60542&debug=true&connection=producao&program=pwud001&template=%28vudTipoDocum%2CvudNoDocum%2CvudFinalidade%29&B1=Pesquisar',218037);
INSERT INTO hmprojetos.servico values (217072,'ASS','ASS 2017.072','CND - Receita Federal','300','2x','Rua João Batista Calegário,86/92','Aeroporto','Cachoeiro de Itapemirim','ES','29314020','2017-09-26','2018-05-15',null,15671);
INSERT INTO hmprojetos.link_externo values (649,'IPTU 60955','http://www2.cachoeiro.es.gov.br:8080/ZimWeb/servlet/ZII?connection=producao&program=pwci001&vudTipoDocum=9&vudNoDocum=60955&vexercicio=2019',217072);
INSERT INTO hmprojetos.link_externo values (650,'CND 60955','http://www2.cachoeiro.es.gov.br:8080/ZimWeb/servlet/ZII?vudTipoDocum=3&vudNoDocum=60955&debug=true&connection=producao&program=pwud001&template=%28vudTipoDocum%2CvudNoDocum%2CvudFinalidade%29&B1=Pesquisar',217072);
INSERT INTO hmprojetos.servico values (118030,'PRS','PRS 2018.030','Retificação de Área','900','2x','Rua Nello Vola Borelli, 66/68','Novo Parque','Cachoeiro de Itapemirim','ES','29309120','2018-09-20','2018-12-21',null,18065);
INSERT INTO hmprojetos.link_externo values (651,'IPTU 61781','http://www2.cachoeiro.es.gov.br:8080/ZimWeb/servlet/ZII?connection=producao&program=pwci001&vudTipoDocum=9&vudNoDocum=61781&vexercicio=2019',118030);
INSERT INTO hmprojetos.link_externo values (652,'CND 61781','http://www2.cachoeiro.es.gov.br:8080/ZimWeb/servlet/ZII?vudTipoDocum=3&vudNoDocum=61781&debug=true&connection=producao&program=pwud001&template=%28vudTipoDocum%2CvudNoDocum%2CvudFinalidade%29&B1=Pesquisar',118030);
INSERT INTO hmprojetos.servico values (118028,'PRS','PRS 2018.028','Planta para Usucapião','800','2x','Rua Nello Vola Borelli - N° 66','Novo Parque','Cachoeiro de Itapemirim','ES','29309120','2018-09-20','2018-12-21',null,18065);
INSERT INTO hmprojetos.link_externo values (653,'IPTU 61781','http://www2.cachoeiro.es.gov.br:8080/ZimWeb/servlet/ZII?connection=producao&program=pwci001&vudTipoDocum=9&vudNoDocum=61781&vexercicio=2019',118028);
INSERT INTO hmprojetos.link_externo values (654,'CND 61781','http://www2.cachoeiro.es.gov.br:8080/ZimWeb/servlet/ZII?vudTipoDocum=3&vudNoDocum=61781&debug=true&connection=producao&program=pwud001&template=%28vudTipoDocum%2CvudNoDocum%2CvudFinalidade%29&B1=Pesquisar',118028);
INSERT INTO hmprojetos.servico values (218129,'ASS','ASS 2018.129','Alvará de Regularização e Habite-se','500','','Rua Capitão José Vieira, 83','Vila Rica','Cachoeiro de Itapemirim','ES','29301160','2018-12-21','2020-01-06',null,18037);
INSERT INTO hmprojetos.link_externo values (655,'IPTU 62939','http://www2.cachoeiro.es.gov.br:8080/ZimWeb/servlet/ZII?connection=producao&program=pwci001&vudTipoDocum=9&vudNoDocum=62939&vexercicio=2019',218129);
INSERT INTO hmprojetos.link_externo values (656,'CND 62939','http://www2.cachoeiro.es.gov.br:8080/ZimWeb/servlet/ZII?vudTipoDocum=3&vudNoDocum=62939&debug=true&connection=producao&program=pwud001&template=%28vudTipoDocum%2CvudNoDocum%2CvudFinalidade%29&B1=Pesquisar',218129);
INSERT INTO hmprojetos.codigo_prefeitura values (157,'1205','2019',218129);
INSERT INTO hmprojetos.codigo_prefeitura values (158,'1206','2019',218129);
INSERT INTO hmprojetos.servico values (213051,'ASS','ASS 2013.051','Habite-se','100','','Rua Ignez Contarini','Marbrasa','Cachoeiro de Itapemirim','ES','','2013-03-22','2016-11-23',null,15012);
INSERT INTO hmprojetos.link_externo values (657,'IPTU 63698','http://www2.cachoeiro.es.gov.br:8080/ZimWeb/servlet/ZII?connection=producao&program=pwci001&vudTipoDocum=9&vudNoDocum=63698&vexercicio=2019',213051);
INSERT INTO hmprojetos.link_externo values (658,'CND 63698','http://www2.cachoeiro.es.gov.br:8080/ZimWeb/servlet/ZII?vudTipoDocum=3&vudNoDocum=63698&debug=true&connection=producao&program=pwud001&template=%28vudTipoDocum%2CvudNoDocum%2CvudFinalidade%29&B1=Pesquisar',213051);
INSERT INTO hmprojetos.codigo_prefeitura values (159,'10515','2013',213051);
INSERT INTO hmprojetos.servico values (213018,'ASS','ASS 2013.018','Regularização Residencial','','','Rua Cesar de Brito Portas Filho, 7','Agostinho Simonato','Cachoeiro de Itapemirim','ES','','2013-01-29','2019-05-06',null,15609);
INSERT INTO hmprojetos.link_externo values (659,'IPTU 64145','http://www2.cachoeiro.es.gov.br:8080/ZimWeb/servlet/ZII?connection=producao&program=pwci001&vudTipoDocum=9&vudNoDocum=64145&vexercicio=2019',213018);
INSERT INTO hmprojetos.link_externo values (660,'CND 64145','http://www2.cachoeiro.es.gov.br:8080/ZimWeb/servlet/ZII?vudTipoDocum=3&vudNoDocum=64145&debug=true&connection=producao&program=pwud001&template=%28vudTipoDocum%2CvudNoDocum%2CvudFinalidade%29&B1=Pesquisar',213018);
INSERT INTO hmprojetos.codigo_prefeitura values (160,'4736','2013',213018);
INSERT INTO hmprojetos.servico values (16030,'PAQ','PAQ 2016.030','Substituição 1º Pavtº / Ampliação 2º Pavtº','1500','','Rua Manoel de Oliveira e Souza, 26','Alto Independência','Cachoeiro de Itapemirim','ES','29306304','2016-06-18','2016-09-30',null,16040);
INSERT INTO hmprojetos.link_externo values (661,'IPTU 64174','http://www2.cachoeiro.es.gov.br:8080/ZimWeb/servlet/ZII?connection=producao&program=pwci001&vudTipoDocum=9&vudNoDocum=64174&vexercicio=2019',16030);
INSERT INTO hmprojetos.link_externo values (662,'CND 64174','http://www2.cachoeiro.es.gov.br:8080/ZimWeb/servlet/ZII?vudTipoDocum=3&vudNoDocum=64174&debug=true&connection=producao&program=pwud001&template=%28vudTipoDocum%2CvudNoDocum%2CvudFinalidade%29&B1=Pesquisar',16030);
INSERT INTO hmprojetos.servico values (217013,'ASS','ASS 2017.013','Fração Ideal / Convenção de Condomínio','','','Rua Anisio Figueiredo,n°45-49','Dr. Gilson Carone','Cachoeiro de Itapemirim','ES','29310509','2017-03-10','2019-05-27',null,17010);
INSERT INTO hmprojetos.link_externo values (663,'IPTU 64872','http://www2.cachoeiro.es.gov.br:8080/ZimWeb/servlet/ZII?connection=producao&program=pwci001&vudTipoDocum=9&vudNoDocum=64872&vexercicio=2019',217013);
INSERT INTO hmprojetos.link_externo values (664,'CND 64872','http://www2.cachoeiro.es.gov.br:8080/ZimWeb/servlet/ZII?vudTipoDocum=3&vudNoDocum=64872&debug=true&connection=producao&program=pwud001&template=%28vudTipoDocum%2CvudNoDocum%2CvudFinalidade%29&B1=Pesquisar',217013);
INSERT INTO hmprojetos.servico values (214107,'ASS','ASS 2014.107','Renovação de Alvará','200','2x','Rua das Camélias, 13/17','Paraiso','Cachoeiro de Itapemirim','ES','29304029','2014-08-15','2016-10-11',null,15110);
INSERT INTO hmprojetos.link_externo values (665,'IPTU 65887','http://www2.cachoeiro.es.gov.br:8080/ZimWeb/servlet/ZII?connection=producao&program=pwci001&vudTipoDocum=9&vudNoDocum=65887&vexercicio=2019',214107);
INSERT INTO hmprojetos.link_externo values (666,'CND 65887','http://www2.cachoeiro.es.gov.br:8080/ZimWeb/servlet/ZII?vudTipoDocum=3&vudNoDocum=65887&debug=true&connection=producao&program=pwud001&template=%28vudTipoDocum%2CvudNoDocum%2CvudFinalidade%29&B1=Pesquisar',214107);
INSERT INTO hmprojetos.servico values (216080,'ASS','ASS 2016.080','Substituição de Projeto','500','','Rua Dr Justino Hemerly Elias, nº 51/55','Amarelo','Cachoeiro de Itapemirim','ES','29304675','2016-09-22','2019-07-18',null,15840);
INSERT INTO hmprojetos.link_externo values (667,'IPTU 66932','http://www2.cachoeiro.es.gov.br:8080/ZimWeb/servlet/ZII?connection=producao&program=pwci001&vudTipoDocum=9&vudNoDocum=66932&vexercicio=2019',216080);
INSERT INTO hmprojetos.link_externo values (668,'CND 66932','http://www2.cachoeiro.es.gov.br:8080/ZimWeb/servlet/ZII?vudTipoDocum=3&vudNoDocum=66932&debug=true&connection=producao&program=pwud001&template=%28vudTipoDocum%2CvudNoDocum%2CvudFinalidade%29&B1=Pesquisar',216080);
INSERT INTO hmprojetos.codigo_prefeitura values (161,'538','2017',216080);
INSERT INTO hmprojetos.servico values (218040,'ASS','ASS 2018.040','Transferência de Titularidade - IPTU','300','2x','Rua Dr. Justino Hemerly Elias, 57','Amarelo','Cachoeiro de Itapemirim','ES','29304675','2018-04-16','2018-05-04',null,15878);
INSERT INTO hmprojetos.link_externo values (669,'IPTU 66934','http://www2.cachoeiro.es.gov.br:8080/ZimWeb/servlet/ZII?connection=producao&program=pwci001&vudTipoDocum=9&vudNoDocum=66934&vexercicio=2019',218040);
INSERT INTO hmprojetos.link_externo values (670,'CND 66934','http://www2.cachoeiro.es.gov.br:8080/ZimWeb/servlet/ZII?vudTipoDocum=3&vudNoDocum=66934&debug=true&connection=producao&program=pwud001&template=%28vudTipoDocum%2CvudNoDocum%2CvudFinalidade%29&B1=Pesquisar',218040);
INSERT INTO hmprojetos.servico values (118025,'PRS','PRS 2018.025','Retificação de Área','','','Rua Justino Hemerly Elias, 122','Amarelo','Cachoeiro de Itapemirim','ES','29304675','2019-02-12',null,null,18082);
INSERT INTO hmprojetos.link_externo values (671,'IPTU 67866','http://www2.cachoeiro.es.gov.br:8080/ZimWeb/servlet/ZII?connection=producao&program=pwci001&vudTipoDocum=9&vudNoDocum=67866&vexercicio=2019',118025);
INSERT INTO hmprojetos.link_externo values (672,'CND 67866','http://www2.cachoeiro.es.gov.br:8080/ZimWeb/servlet/ZII?vudTipoDocum=3&vudNoDocum=67866&debug=true&connection=producao&program=pwud001&template=%28vudTipoDocum%2CvudNoDocum%2CvudFinalidade%29&B1=Pesquisar',118025);
INSERT INTO hmprojetos.servico values (218090,'ASS','ASS 2018.090','Alvará de Substituição','500','2x','Rua Severino Mathias de Souza - N° 67/69','Centro','Cachoeiro de Itapemirim','ES','29300115','2018-09-20',null,null,15621);
INSERT INTO hmprojetos.link_externo values (673,'IPTU 68471','http://www2.cachoeiro.es.gov.br:8080/ZimWeb/servlet/ZII?connection=producao&program=pwci001&vudTipoDocum=9&vudNoDocum=68471&vexercicio=2019',218090);
INSERT INTO hmprojetos.link_externo values (674,'CND 68471','http://www2.cachoeiro.es.gov.br:8080/ZimWeb/servlet/ZII?vudTipoDocum=3&vudNoDocum=68471&debug=true&connection=producao&program=pwud001&template=%28vudTipoDocum%2CvudNoDocum%2CvudFinalidade%29&B1=Pesquisar',218090);
INSERT INTO hmprojetos.codigo_prefeitura values (162,'38741','2018',218090);
INSERT INTO hmprojetos.servico values (218051,'ASS','ASS 2018.051','CND - Receita Federal','400','2x','Rua Ziul Pinheiro, 98/126','Coronel Borges','Cachoeiro de Itapemirim','ES','29306105','2018-05-15',null,null,18030);
INSERT INTO hmprojetos.link_externo values (675,'IPTU 68733','http://www2.cachoeiro.es.gov.br:8080/ZimWeb/servlet/ZII?connection=producao&program=pwci001&vudTipoDocum=9&vudNoDocum=68733&vexercicio=2019',218051);
INSERT INTO hmprojetos.link_externo values (676,'CND 68733','http://www2.cachoeiro.es.gov.br:8080/ZimWeb/servlet/ZII?vudTipoDocum=3&vudNoDocum=68733&debug=true&connection=producao&program=pwud001&template=%28vudTipoDocum%2CvudNoDocum%2CvudFinalidade%29&B1=Pesquisar',218051);
INSERT INTO hmprojetos.servico values (14007,'PAQ','PAQ 2014.007','Construção Residencial','700','2X','Rua Wallace de Cássio Barbosa, 149/151','Village da Luz','Cachoeiro de Itapemirim','ES','29309390','2014-01-13','2018-04-23',null,15464);
INSERT INTO hmprojetos.link_externo values (677,'IPTU 69392','http://www2.cachoeiro.es.gov.br:8080/ZimWeb/servlet/ZII?connection=producao&program=pwci001&vudTipoDocum=9&vudNoDocum=69392&vexercicio=2019',14007);
INSERT INTO hmprojetos.link_externo values (678,'CND 69392','http://www2.cachoeiro.es.gov.br:8080/ZimWeb/servlet/ZII?vudTipoDocum=3&vudNoDocum=69392&debug=true&connection=producao&program=pwud001&template=%28vudTipoDocum%2CvudNoDocum%2CvudFinalidade%29&B1=Pesquisar',14007);
INSERT INTO hmprojetos.codigo_prefeitura values (163,'10637','2018',14007);
INSERT INTO hmprojetos.servico values (219027,'ASS','ASS 2019.027','Certidão Detalhada e Habite-se - Térreo','400','2x','Rua Gelson Dias dos Santos , Nº 164/168','Rui Pinto Bandeira','Cachoeiro de Itapemirim','ES','29315803','2019-04-04',null,null,15311);
INSERT INTO hmprojetos.link_externo values (679,'IPTU 69513','http://www2.cachoeiro.es.gov.br:8080/ZimWeb/servlet/ZII?connection=producao&program=pwci001&vudTipoDocum=9&vudNoDocum=69513&vexercicio=2019',219027);
INSERT INTO hmprojetos.link_externo values (680,'CND 69513','http://www2.cachoeiro.es.gov.br:8080/ZimWeb/servlet/ZII?vudTipoDocum=3&vudNoDocum=69513&debug=true&connection=producao&program=pwud001&template=%28vudTipoDocum%2CvudNoDocum%2CvudFinalidade%29&B1=Pesquisar',219027);
INSERT INTO hmprojetos.codigo_prefeitura values (164,'12821','2019',219027);
INSERT INTO hmprojetos.codigo_prefeitura values (165,'12823','2019',219027);
INSERT INTO hmprojetos.servico values (218044,'ASS','ASS 2018.044','Renovação de Alvará e Habite-se','200','1x','Rua Gelson Dias dos Santos , Nº 164/168','Rui Pinto Bandeira','Cachoeiro de Itapemirim','ES','29315803','2018-04-27','2019-01-02',null,15311);
INSERT INTO hmprojetos.link_externo values (681,'IPTU 69513','http://www2.cachoeiro.es.gov.br:8080/ZimWeb/servlet/ZII?connection=producao&program=pwci001&vudTipoDocum=9&vudNoDocum=69513&vexercicio=2019',218044);
INSERT INTO hmprojetos.link_externo values (682,'CND 69513','http://www2.cachoeiro.es.gov.br:8080/ZimWeb/servlet/ZII?vudTipoDocum=3&vudNoDocum=69513&debug=true&connection=producao&program=pwud001&template=%28vudTipoDocum%2CvudNoDocum%2CvudFinalidade%29&B1=Pesquisar',218044);
INSERT INTO hmprojetos.codigo_prefeitura values (166,'29700','2018',218044);
INSERT INTO hmprojetos.servico values (217083,'ASS','ASS 2017.083','Alvará de Construção','1200','2x','Rua Guido Carletti, 154','Teixeira Leite ','Cachoeiro de Itapemirim','ES','29315474','2017-11-10',null,null,17074);
INSERT INTO hmprojetos.link_externo values (683,'IPTU 69868','http://www2.cachoeiro.es.gov.br:8080/ZimWeb/servlet/ZII?connection=producao&program=pwci001&vudTipoDocum=9&vudNoDocum=69868&vexercicio=2019',217083);
INSERT INTO hmprojetos.link_externo values (684,'CND 69868','http://www2.cachoeiro.es.gov.br:8080/ZimWeb/servlet/ZII?vudTipoDocum=3&vudNoDocum=69868&debug=true&connection=producao&program=pwud001&template=%28vudTipoDocum%2CvudNoDocum%2CvudFinalidade%29&B1=Pesquisar',217083);
INSERT INTO hmprojetos.codigo_prefeitura values (167,'41798','2017',217083);
INSERT INTO hmprojetos.codigo_prefeitura values (168,'22074','2018',217083);
INSERT INTO hmprojetos.servico values (218082,'ASS','ASS 2018.082','Retificação de Área - Prefeitura','250','','Rua Alvaro Ramos , 54','Recanto','Cachoeiro de Itapemirim','ES','29303040','2018-08-22',null,null,10001);
INSERT INTO hmprojetos.link_externo values (685,'IPTU 69892','http://www2.cachoeiro.es.gov.br:8080/ZimWeb/servlet/ZII?connection=producao&program=pwci001&vudTipoDocum=9&vudNoDocum=69892&vexercicio=2019',218082);
INSERT INTO hmprojetos.link_externo values (686,'CND 69892','http://www2.cachoeiro.es.gov.br:8080/ZimWeb/servlet/ZII?vudTipoDocum=3&vudNoDocum=69892&debug=true&connection=producao&program=pwud001&template=%28vudTipoDocum%2CvudNoDocum%2CvudFinalidade%29&B1=Pesquisar',218082);
INSERT INTO hmprojetos.codigo_prefeitura values (169,'11732','2019',218082);
INSERT INTO hmprojetos.servico values (117015,'PRS','PRS 2017.015','Retificação de Área','300','2x','Rua Alvaro Ramos , 54','Recanto','Cachoeiro de Itapemirim','ES','29303040','2017-07-18','2018-09-03',null,10001);
INSERT INTO hmprojetos.link_externo values (687,'IPTU 69892','http://www2.cachoeiro.es.gov.br:8080/ZimWeb/servlet/ZII?connection=producao&program=pwci001&vudTipoDocum=9&vudNoDocum=69892&vexercicio=2019',117015);
INSERT INTO hmprojetos.link_externo values (688,'CND 69892','http://www2.cachoeiro.es.gov.br:8080/ZimWeb/servlet/ZII?vudTipoDocum=3&vudNoDocum=69892&debug=true&connection=producao&program=pwud001&template=%28vudTipoDocum%2CvudNoDocum%2CvudFinalidade%29&B1=Pesquisar',117015);
INSERT INTO hmprojetos.servico values (217087,'ASS','ASS 2017.087','Indices Urbanísticos','','','Rua Marcos Antônio Dias da Silva, 48 a 50','São Lucas','Cachoeiro de Itapemirim','ES','29313744','2017-11-29','2018-01-25',null,17088);
INSERT INTO hmprojetos.link_externo values (689,'IPTU 70572','http://www2.cachoeiro.es.gov.br:8080/ZimWeb/servlet/ZII?connection=producao&program=pwci001&vudTipoDocum=9&vudNoDocum=70572&vexercicio=2019',217087);
INSERT INTO hmprojetos.link_externo values (690,'CND 70572','http://www2.cachoeiro.es.gov.br:8080/ZimWeb/servlet/ZII?vudTipoDocum=3&vudNoDocum=70572&debug=true&connection=producao&program=pwud001&template=%28vudTipoDocum%2CvudNoDocum%2CvudFinalidade%29&B1=Pesquisar',217087);
INSERT INTO hmprojetos.codigo_prefeitura values (170,'42174','2017',217087);
INSERT INTO hmprojetos.servico values (218028,'ASS','ASS 2018.028','Renovação de Alvará','100','','Rua Adão Matielo s/nº','Distrito de Gironda','Cachoeiro de Itapemirim','ES','29326000','2018-03-15','2018-08-02',null,15395);
INSERT INTO hmprojetos.link_externo values (691,'IPTU 70789','http://www2.cachoeiro.es.gov.br:8080/ZimWeb/servlet/ZII?connection=producao&program=pwci001&vudTipoDocum=9&vudNoDocum=70789&vexercicio=2019',218028);
INSERT INTO hmprojetos.link_externo values (692,'CND 70789','http://www2.cachoeiro.es.gov.br:8080/ZimWeb/servlet/ZII?vudTipoDocum=3&vudNoDocum=70789&debug=true&connection=producao&program=pwud001&template=%28vudTipoDocum%2CvudNoDocum%2CvudFinalidade%29&B1=Pesquisar',218028);
INSERT INTO hmprojetos.codigo_prefeitura values (171,'10656','2018',218028);
INSERT INTO hmprojetos.servico values (10116,'PAQ','PAQ 2010.116','Regularização Residencial','','','Rua Wilian Manhães, 76/78','Agostinho Simonato','Cachoeiro de Itapemirim','ES','','2012-01-02','2015-10-02',null,15177);
INSERT INTO hmprojetos.link_externo values (693,'IPTU 70912','http://www2.cachoeiro.es.gov.br:8080/ZimWeb/servlet/ZII?connection=producao&program=pwci001&vudTipoDocum=9&vudNoDocum=70912&vexercicio=2019',10116);
INSERT INTO hmprojetos.link_externo values (694,'CND 70912','http://www2.cachoeiro.es.gov.br:8080/ZimWeb/servlet/ZII?vudTipoDocum=3&vudNoDocum=70912&debug=true&connection=producao&program=pwud001&template=%28vudTipoDocum%2CvudNoDocum%2CvudFinalidade%29&B1=Pesquisar',10116);
INSERT INTO hmprojetos.codigo_prefeitura values (172,'14249','2016',10116);
INSERT INTO hmprojetos.codigo_prefeitura values (173,'10222','2017',10116);
INSERT INTO hmprojetos.servico values (115020,'PRS','PRS 2015.020','Usucapião','400','2x','Rua Wilian Manhães, s/nº ','Agostinho Simonato','Cachoeiro de Itapemirim','ES','29311787','2015-07-09','2017-03-16',null,15177);
INSERT INTO hmprojetos.link_externo values (695,'IPTU 70912','http://www2.cachoeiro.es.gov.br:8080/ZimWeb/servlet/ZII?connection=producao&program=pwci001&vudTipoDocum=9&vudNoDocum=70912&vexercicio=2019',115020);
INSERT INTO hmprojetos.link_externo values (696,'CND 70912','http://www2.cachoeiro.es.gov.br:8080/ZimWeb/servlet/ZII?vudTipoDocum=3&vudNoDocum=70912&debug=true&connection=producao&program=pwud001&template=%28vudTipoDocum%2CvudNoDocum%2CvudFinalidade%29&B1=Pesquisar',115020);
INSERT INTO hmprojetos.servico values (216003,'ASS','ASS 2016.003','Acompanhamento Escritura','','','Rua Clara Malfacini Mucelini, 146 a 148','Jardim Itapemirim','Cachoeiro de Itapemirim','ES','','2016-12-06','2018-01-10',null,16002);
INSERT INTO hmprojetos.link_externo values (697,'IPTU 71125','http://www2.cachoeiro.es.gov.br:8080/ZimWeb/servlet/ZII?connection=producao&program=pwci001&vudTipoDocum=9&vudNoDocum=71125&vexercicio=2019',216003);
INSERT INTO hmprojetos.link_externo values (698,'CND 71125','http://www2.cachoeiro.es.gov.br:8080/ZimWeb/servlet/ZII?vudTipoDocum=3&vudNoDocum=71125&debug=true&connection=producao&program=pwud001&template=%28vudTipoDocum%2CvudNoDocum%2CvudFinalidade%29&B1=Pesquisar',216003);
INSERT INTO hmprojetos.servico values (13068,'PAQ','PAQ 2013.068','Regularização Residencial','550','','Rua Fortunata Maria Jerônimo, n° 07','Nossa Senhora Aparecida','Cachoeiro de Itapemirim','ES','29306795','2013-09-10','2018-12-21',null,15050);
INSERT INTO hmprojetos.link_externo values (699,'IPTU 72193','http://www2.cachoeiro.es.gov.br:8080/ZimWeb/servlet/ZII?connection=producao&program=pwci001&vudTipoDocum=9&vudNoDocum=72193&vexercicio=2019',13068);
INSERT INTO hmprojetos.link_externo values (700,'CND 72193','http://www2.cachoeiro.es.gov.br:8080/ZimWeb/servlet/ZII?vudTipoDocum=3&vudNoDocum=72193&debug=true&connection=producao&program=pwud001&template=%28vudTipoDocum%2CvudNoDocum%2CvudFinalidade%29&B1=Pesquisar',13068);
INSERT INTO hmprojetos.codigo_prefeitura values (174,'30086','2015',13068);
INSERT INTO hmprojetos.servico values (117023,'PRS','PRS 2017.023','Planta para Usucapião','1200','4x','Av Mauro Miranda madureira, nº 91 a 95','Teixeira Leite','Cachoeiro de Itapemirim','ES','29310290','2017-09-18','2017-11-14',null,17065);
INSERT INTO hmprojetos.link_externo values (701,'IPTU 72332','http://www2.cachoeiro.es.gov.br:8080/ZimWeb/servlet/ZII?connection=producao&program=pwci001&vudTipoDocum=9&vudNoDocum=72332&vexercicio=2019',117023);
INSERT INTO hmprojetos.link_externo values (702,'CND 72332','http://www2.cachoeiro.es.gov.br:8080/ZimWeb/servlet/ZII?vudTipoDocum=3&vudNoDocum=72332&debug=true&connection=producao&program=pwud001&template=%28vudTipoDocum%2CvudNoDocum%2CvudFinalidade%29&B1=Pesquisar',117023);
INSERT INTO hmprojetos.servico values (218065,'ASS','ASS 2018.065','Desmembramento - Prefeitura','650','','Rua Augusto Gonçalves Alves 48','Vila Rica','Cachoeiro de Itapemirim','ES','29301012','2018-06-08',null,null,18036);
INSERT INTO hmprojetos.link_externo values (703,'IPTU 73166','http://www2.cachoeiro.es.gov.br:8080/ZimWeb/servlet/ZII?connection=producao&program=pwci001&vudTipoDocum=9&vudNoDocum=73166&vexercicio=2019',218065);
INSERT INTO hmprojetos.link_externo values (704,'CND 73166','http://www2.cachoeiro.es.gov.br:8080/ZimWeb/servlet/ZII?vudTipoDocum=3&vudNoDocum=73166&debug=true&connection=producao&program=pwud001&template=%28vudTipoDocum%2CvudNoDocum%2CvudFinalidade%29&B1=Pesquisar',218065);
INSERT INTO hmprojetos.codigo_prefeitura values (175,'45035','2019',218065);
INSERT INTO hmprojetos.servico values (219028,'ASS','ASS 2019.028','Desmembramento de Área - Prefeitura','1200','2x','Avenida Theodorico Ferraço - N° 436','Doutor Gilson Carone','Cachoeiro de Itapemirim','ES','29310566','2019-04-10',null,null,19022);
INSERT INTO hmprojetos.link_externo values (705,'IPTU 73424','http://www2.cachoeiro.es.gov.br:8080/ZimWeb/servlet/ZII?connection=producao&program=pwci001&vudTipoDocum=9&vudNoDocum=73424&vexercicio=2019',219028);
INSERT INTO hmprojetos.link_externo values (706,'CND 73424','http://www2.cachoeiro.es.gov.br:8080/ZimWeb/servlet/ZII?vudTipoDocum=3&vudNoDocum=73424&debug=true&connection=producao&program=pwud001&template=%28vudTipoDocum%2CvudNoDocum%2CvudFinalidade%29&B1=Pesquisar',219028);
INSERT INTO hmprojetos.codigo_prefeitura values (176,'310','2019',219028);
INSERT INTO hmprojetos.servico values (217001,'ASS','ASS 2017.001','Alvará de Regularização','500','2x','Rua Enério Gomes, 24 a 26','Monte Belo','Cachoeiro de Itapemirim','ES','29314791','2017-01-03','2018-11-09',null,16090);
INSERT INTO hmprojetos.link_externo values (707,'IPTU 74195','http://www2.cachoeiro.es.gov.br:8080/ZimWeb/servlet/ZII?connection=producao&program=pwci001&vudTipoDocum=9&vudNoDocum=74195&vexercicio=2019',217001);
INSERT INTO hmprojetos.link_externo values (708,'CND 74195','http://www2.cachoeiro.es.gov.br:8080/ZimWeb/servlet/ZII?vudTipoDocum=3&vudNoDocum=74195&debug=true&connection=producao&program=pwud001&template=%28vudTipoDocum%2CvudNoDocum%2CvudFinalidade%29&B1=Pesquisar',217001);
INSERT INTO hmprojetos.codigo_prefeitura values (177,'1115','2017',217001);
INSERT INTO hmprojetos.servico values (16067,'PAQ','PAQ 2016.067','Regularização Residencial','700','','Rua Enério Gomes, 24 a 26','Monte Belo','Cachoeiro de Itapemirim','ES','29314791','2016-12-23','2017-01-03',null,16090);
INSERT INTO hmprojetos.link_externo values (709,'IPTU 74195','http://www2.cachoeiro.es.gov.br:8080/ZimWeb/servlet/ZII?connection=producao&program=pwci001&vudTipoDocum=9&vudNoDocum=74195&vexercicio=2019',16067);
INSERT INTO hmprojetos.link_externo values (710,'CND 74195','http://www2.cachoeiro.es.gov.br:8080/ZimWeb/servlet/ZII?vudTipoDocum=3&vudNoDocum=74195&debug=true&connection=producao&program=pwud001&template=%28vudTipoDocum%2CvudNoDocum%2CvudFinalidade%29&B1=Pesquisar',16067);
INSERT INTO hmprojetos.servico values (217065,'ASS','ASS 2017.065','Alvará de Construção','750','2x','Rua Nilton Fardin Perin, nº 63a65','Vila Rica ','Cachoeiro de Itapemirim','ES','29301017','2017-08-01','2018-08-27',null,17063);
INSERT INTO hmprojetos.link_externo values (711,'IPTU 74296','http://www2.cachoeiro.es.gov.br:8080/ZimWeb/servlet/ZII?connection=producao&program=pwci001&vudTipoDocum=9&vudNoDocum=74296&vexercicio=2019',217065);
INSERT INTO hmprojetos.link_externo values (712,'CND 74296','http://www2.cachoeiro.es.gov.br:8080/ZimWeb/servlet/ZII?vudTipoDocum=3&vudNoDocum=74296&debug=true&connection=producao&program=pwud001&template=%28vudTipoDocum%2CvudNoDocum%2CvudFinalidade%29&B1=Pesquisar',217065);
INSERT INTO hmprojetos.codigo_prefeitura values (178,'33221','2017',217065);
INSERT INTO hmprojetos.servico values (216056,'ASS','ASS 2016.056','Substituição de Projeto','600','','Rodovia Governador Lacerda de Aguiar - ES 488','Coronel Borges','Cachoeiro de Itapemirim','ES','29306868','2016-05-30','2016-10-17',null,15369);
INSERT INTO hmprojetos.link_externo values (713,'IPTU 74949','http://www2.cachoeiro.es.gov.br:8080/ZimWeb/servlet/ZII?connection=producao&program=pwci001&vudTipoDocum=9&vudNoDocum=74949&vexercicio=2019',216056);
INSERT INTO hmprojetos.link_externo values (714,'CND 74949','http://www2.cachoeiro.es.gov.br:8080/ZimWeb/servlet/ZII?vudTipoDocum=3&vudNoDocum=74949&debug=true&connection=producao&program=pwud001&template=%28vudTipoDocum%2CvudNoDocum%2CvudFinalidade%29&B1=Pesquisar',216056);
INSERT INTO hmprojetos.codigo_prefeitura values (179,'19826','2016',216056);
INSERT INTO hmprojetos.codigo_prefeitura values (180,'21441','2016',216056);
INSERT INTO hmprojetos.servico values (215105,'ASS','ASS 2015.105','Troca de Titularidade e Renovação de Alvará','800','','Rua Sisypho Sardenberg','São Luiz Gonzaga','Cachoeiro de Itapemirim','ES','29306868','2015-10-13','2016-10-17',null,15369);
INSERT INTO hmprojetos.link_externo values (715,'IPTU 74949','http://www2.cachoeiro.es.gov.br:8080/ZimWeb/servlet/ZII?connection=producao&program=pwci001&vudTipoDocum=9&vudNoDocum=74949&vexercicio=2019',215105);
INSERT INTO hmprojetos.link_externo values (716,'CND 74949','http://www2.cachoeiro.es.gov.br:8080/ZimWeb/servlet/ZII?vudTipoDocum=3&vudNoDocum=74949&debug=true&connection=producao&program=pwud001&template=%28vudTipoDocum%2CvudNoDocum%2CvudFinalidade%29&B1=Pesquisar',215105);
INSERT INTO hmprojetos.codigo_prefeitura values (181,'335','2016',215105);
INSERT INTO hmprojetos.codigo_prefeitura values (182,'331','2016',215105);
INSERT INTO hmprojetos.servico values (15051,'PAQ','PAQ 2015.051','Construção Educacional (FACI)','8000','','Rua Sisypho Sardenberg','São Luiz Gonzaga','Cachoeiro de Itapemirim','ES','29306868','2015-11-05','2016-06-08',null,15369);
INSERT INTO hmprojetos.link_externo values (717,'IPTU 74949','http://www2.cachoeiro.es.gov.br:8080/ZimWeb/servlet/ZII?connection=producao&program=pwci001&vudTipoDocum=9&vudNoDocum=74949&vexercicio=2019',15051);
INSERT INTO hmprojetos.link_externo values (718,'CND 74949','http://www2.cachoeiro.es.gov.br:8080/ZimWeb/servlet/ZII?vudTipoDocum=3&vudNoDocum=74949&debug=true&connection=producao&program=pwud001&template=%28vudTipoDocum%2CvudNoDocum%2CvudFinalidade%29&B1=Pesquisar',15051);
INSERT INTO hmprojetos.codigo_prefeitura values (183,'14470','2016',15051);
INSERT INTO hmprojetos.servico values (218077,'ASS','ASS 2018.077','Alvará de Construção','400','','Rua: Zildo Lemos da Silva, 10','São Francisco de Assis','Cachoeiro de Itapemirim','ES','29317457','2018-08-07',null,null,15664);
INSERT INTO hmprojetos.link_externo values (719,'IPTU 75187','http://www2.cachoeiro.es.gov.br:8080/ZimWeb/servlet/ZII?connection=producao&program=pwci001&vudTipoDocum=9&vudNoDocum=75187&vexercicio=2019',218077);
INSERT INTO hmprojetos.link_externo values (720,'CND 75187','http://www2.cachoeiro.es.gov.br:8080/ZimWeb/servlet/ZII?vudTipoDocum=3&vudNoDocum=75187&debug=true&connection=producao&program=pwud001&template=%28vudTipoDocum%2CvudNoDocum%2CvudFinalidade%29&B1=Pesquisar',218077);
INSERT INTO hmprojetos.codigo_prefeitura values (184,'33895','2018',218077);
INSERT INTO hmprojetos.servico values (18020,'PAQ','PAQ 2018.020','Construção Residencial - 3º e Cobertura','1300','3x','Rua Eugênia Anna Dalleproni, s/nº','São Francisco de Assis','Cachoeiro de Itapemirim','ES','','2018-05-14','2018-08-07',null,15664);
INSERT INTO hmprojetos.link_externo values (721,'IPTU 75187','http://www2.cachoeiro.es.gov.br:8080/ZimWeb/servlet/ZII?connection=producao&program=pwci001&vudTipoDocum=9&vudNoDocum=75187&vexercicio=2019',18020);
INSERT INTO hmprojetos.link_externo values (722,'CND 75187','http://www2.cachoeiro.es.gov.br:8080/ZimWeb/servlet/ZII?vudTipoDocum=3&vudNoDocum=75187&debug=true&connection=producao&program=pwud001&template=%28vudTipoDocum%2CvudNoDocum%2CvudFinalidade%29&B1=Pesquisar',18020);
INSERT INTO hmprojetos.servico values (218048,'ASS','ASS 2018.048','Cadastramento de Imovel','300','','Rua Paulina Simonato, N° 123','Agostinho Simonato','Cachoeiro de Itapemirim','ES','29311781','2018-05-10','2018-06-27',null,18028);
INSERT INTO hmprojetos.link_externo values (723,'IPTU 75201','http://www2.cachoeiro.es.gov.br:8080/ZimWeb/servlet/ZII?connection=producao&program=pwci001&vudTipoDocum=9&vudNoDocum=75201&vexercicio=2019',218048);
INSERT INTO hmprojetos.link_externo values (724,'CND 75201','http://www2.cachoeiro.es.gov.br:8080/ZimWeb/servlet/ZII?vudTipoDocum=3&vudNoDocum=75201&debug=true&connection=producao&program=pwud001&template=%28vudTipoDocum%2CvudNoDocum%2CvudFinalidade%29&B1=Pesquisar',218048);
INSERT INTO hmprojetos.codigo_prefeitura values (185,'19071','2018',218048);
INSERT INTO hmprojetos.servico values (218007,'ASS','ASS 2018.007','Habite-se e Certidão Detalhada','400','2x','Rua Felipe Moysés, 26 a 28','Independência','Cachoeiro de Itapemirim','ES','29306360','2017-06-20','2018-11-23',null,16026);
INSERT INTO hmprojetos.link_externo values (725,'IPTU 75201','http://www2.cachoeiro.es.gov.br:8080/ZimWeb/servlet/ZII?connection=producao&program=pwci001&vudTipoDocum=9&vudNoDocum=75201&vexercicio=2019',218007);
INSERT INTO hmprojetos.link_externo values (726,'CND 75201','http://www2.cachoeiro.es.gov.br:8080/ZimWeb/servlet/ZII?vudTipoDocum=3&vudNoDocum=75201&debug=true&connection=producao&program=pwud001&template=%28vudTipoDocum%2CvudNoDocum%2CvudFinalidade%29&B1=Pesquisar',218007);
INSERT INTO hmprojetos.codigo_prefeitura values (186,'21043','2017',218007);
INSERT INTO hmprojetos.codigo_prefeitura values (187,'21045','2017',218007);
INSERT INTO hmprojetos.servico values (18015,'PAQ','PAQ 2018.015','Alvará de Construção - 3º Pavimento','1100','3x','Rua Maria Thereza Florinda, 11/13','Novo Parque','Cachoeiro de Itapemirim','ES','29309075','2018-04-14','2018-08-16',null,15171);
INSERT INTO hmprojetos.link_externo values (727,'IPTU 75605','http://www2.cachoeiro.es.gov.br:8080/ZimWeb/servlet/ZII?connection=producao&program=pwci001&vudTipoDocum=9&vudNoDocum=75605&vexercicio=2019',18015);
INSERT INTO hmprojetos.link_externo values (728,'CND 75605','http://www2.cachoeiro.es.gov.br:8080/ZimWeb/servlet/ZII?vudTipoDocum=3&vudNoDocum=75605&debug=true&connection=producao&program=pwud001&template=%28vudTipoDocum%2CvudNoDocum%2CvudFinalidade%29&B1=Pesquisar',18015);
INSERT INTO hmprojetos.codigo_prefeitura values (188,'31826','2018',18015);
INSERT INTO hmprojetos.servico values (12039,'PAQ','PAQ 2012.039','Regularização Residencial','','','Rua Maria Thereza Florinda, 11/13','Novo Parque','Cachoeiro de Itapemirim','ES','29309075','2012-05-28','2012-09-20',null,15171);
INSERT INTO hmprojetos.link_externo values (729,'IPTU 75605','http://www2.cachoeiro.es.gov.br:8080/ZimWeb/servlet/ZII?connection=producao&program=pwci001&vudTipoDocum=9&vudNoDocum=75605&vexercicio=2019',12039);
INSERT INTO hmprojetos.link_externo values (730,'CND 75605','http://www2.cachoeiro.es.gov.br:8080/ZimWeb/servlet/ZII?vudTipoDocum=3&vudNoDocum=75605&debug=true&connection=producao&program=pwud001&template=%28vudTipoDocum%2CvudNoDocum%2CvudFinalidade%29&B1=Pesquisar',12039);
INSERT INTO hmprojetos.servico values (219036,'ASS','ASS 2019.036','Transferência de Titularidade - IPTU','','','Rua Joaquim Pires de Amorim - N°44 (Ap. 602 - Ed. Mikonos)','Gilberto Machado','Cachoeiro de Itapemirim','ES','29303240','2019-04-22','2019-05-08',null,15863);
INSERT INTO hmprojetos.link_externo values (731,'IPTU 76214','http://www2.cachoeiro.es.gov.br:8080/ZimWeb/servlet/ZII?connection=producao&program=pwci001&vudTipoDocum=9&vudNoDocum=76214&vexercicio=2019',219036);
INSERT INTO hmprojetos.link_externo values (732,'CND 76214','http://www2.cachoeiro.es.gov.br:8080/ZimWeb/servlet/ZII?vudTipoDocum=3&vudNoDocum=76214&debug=true&connection=producao&program=pwud001&template=%28vudTipoDocum%2CvudNoDocum%2CvudFinalidade%29&B1=Pesquisar',219036);
INSERT INTO hmprojetos.servico values (215001,'ASS','ASS 2015.001','Acompanhamento de usucapião','3000','6x','Rua Chico Mendes S/N','Monte Belo','Cachoeiro de Itapemirim','ES','23314790','2015-01-06',null,null,15767);
INSERT INTO hmprojetos.link_externo values (733,'IPTU 77491','http://www2.cachoeiro.es.gov.br:8080/ZimWeb/servlet/ZII?connection=producao&program=pwci001&vudTipoDocum=9&vudNoDocum=77491&vexercicio=2019',215001);
INSERT INTO hmprojetos.link_externo values (734,'CND 77491','http://www2.cachoeiro.es.gov.br:8080/ZimWeb/servlet/ZII?vudTipoDocum=3&vudNoDocum=77491&debug=true&connection=producao&program=pwud001&template=%28vudTipoDocum%2CvudNoDocum%2CvudFinalidade%29&B1=Pesquisar',215001);
INSERT INTO hmprojetos.servico values (218023,'ASS','ASS 2018.023','Desmembramento de Área - Prefeitura','','','Av. Mauro Miranda Madureira, 570','Coramara','Cachoeiro de Itapemirim','ES','29313310','2018-02-20',null,null,17093);
INSERT INTO hmprojetos.link_externo values (735,'IPTU 78589','http://www2.cachoeiro.es.gov.br:8080/ZimWeb/servlet/ZII?connection=producao&program=pwci001&vudTipoDocum=9&vudNoDocum=78589&vexercicio=2019',218023);
INSERT INTO hmprojetos.link_externo values (736,'CND 78589','http://www2.cachoeiro.es.gov.br:8080/ZimWeb/servlet/ZII?vudTipoDocum=3&vudNoDocum=78589&debug=true&connection=producao&program=pwud001&template=%28vudTipoDocum%2CvudNoDocum%2CvudFinalidade%29&B1=Pesquisar',218023);
INSERT INTO hmprojetos.codigo_prefeitura values (189,'13703','2018',218023);
INSERT INTO hmprojetos.servico values (218003,'ASS','ASS 2018.003','Retificação de Área - Prefeitura','1200','','Av. Mauro Miranda Madureira, 570','Coramara','Cachoeiro de Itapemirim','ES','29313310','2017-07-18',null,null,17093);
INSERT INTO hmprojetos.link_externo values (737,'IPTU 78589','http://www2.cachoeiro.es.gov.br:8080/ZimWeb/servlet/ZII?connection=producao&program=pwci001&vudTipoDocum=9&vudNoDocum=78589&vexercicio=2019',218003);
INSERT INTO hmprojetos.link_externo values (738,'CND 78589','http://www2.cachoeiro.es.gov.br:8080/ZimWeb/servlet/ZII?vudTipoDocum=3&vudNoDocum=78589&debug=true&connection=producao&program=pwud001&template=%28vudTipoDocum%2CvudNoDocum%2CvudFinalidade%29&B1=Pesquisar',218003);
INSERT INTO hmprojetos.codigo_prefeitura values (190,'13698','2018',218003);
INSERT INTO hmprojetos.servico values (117036,'PRS','PRS 2017.036','Retificação de Área e Desmembramento','1000','1x','Av. Mauro Miranda Madureira, 1162 a 1720','Central Parque','Cachoeiro de Itapemirim','ES','29313162','2017-07-14','2018-02-07',null,17093);
INSERT INTO hmprojetos.link_externo values (739,'IPTU 78589','http://www2.cachoeiro.es.gov.br:8080/ZimWeb/servlet/ZII?connection=producao&program=pwci001&vudTipoDocum=9&vudNoDocum=78589&vexercicio=2019',117036);
INSERT INTO hmprojetos.link_externo values (740,'CND 78589','http://www2.cachoeiro.es.gov.br:8080/ZimWeb/servlet/ZII?vudTipoDocum=3&vudNoDocum=78589&debug=true&connection=producao&program=pwud001&template=%28vudTipoDocum%2CvudNoDocum%2CvudFinalidade%29&B1=Pesquisar',117036);
INSERT INTO hmprojetos.servico values (217003,'ASS','ASS 2017.003','Acompanhamento Usucapião','3600','6x','Rua José Marinho Machado Coelho, 56','Rui Pinto Bandeira','Cachoeiro de Itapemirim','ES','29315815','2017-02-01',null,null,16016);
INSERT INTO hmprojetos.link_externo values (741,'IPTU 83617','http://www2.cachoeiro.es.gov.br:8080/ZimWeb/servlet/ZII?connection=producao&program=pwci001&vudTipoDocum=9&vudNoDocum=83617&vexercicio=2019',217003);
INSERT INTO hmprojetos.link_externo values (742,'CND 83617','http://www2.cachoeiro.es.gov.br:8080/ZimWeb/servlet/ZII?vudTipoDocum=3&vudNoDocum=83617&debug=true&connection=producao&program=pwud001&template=%28vudTipoDocum%2CvudNoDocum%2CvudFinalidade%29&B1=Pesquisar',217003);
INSERT INTO hmprojetos.servico values (116019,'PRS','PRS 2016.019','Planta para Usucapião','500','','Rua José Marinho Machado Coelho, 56','Rui Pinto Bandeira','Cachoeiro de Itapemirim','ES','29315815','2016-07-28','2017-02-02',null,16016);
INSERT INTO hmprojetos.link_externo values (743,'IPTU 83617','http://www2.cachoeiro.es.gov.br:8080/ZimWeb/servlet/ZII?connection=producao&program=pwci001&vudTipoDocum=9&vudNoDocum=83617&vexercicio=2019',116019);
INSERT INTO hmprojetos.link_externo values (744,'CND 83617','http://www2.cachoeiro.es.gov.br:8080/ZimWeb/servlet/ZII?vudTipoDocum=3&vudNoDocum=83617&debug=true&connection=producao&program=pwud001&template=%28vudTipoDocum%2CvudNoDocum%2CvudFinalidade%29&B1=Pesquisar',116019);
INSERT INTO hmprojetos.servico values (218124,'ASS','ASS 2018.124','Alvará de Regularização - Comercial','700','2x','Rua João Sasso, 356/358','São Geraldo','Cachoeiro de Itapemirim','ES','29314650','2018-12-04',null,null,15779);
INSERT INTO hmprojetos.link_externo values (745,'IPTU 84273','http://www2.cachoeiro.es.gov.br:8080/ZimWeb/servlet/ZII?connection=producao&program=pwci001&vudTipoDocum=9&vudNoDocum=84273&vexercicio=2019',218124);
INSERT INTO hmprojetos.link_externo values (746,'CND 84273','http://www2.cachoeiro.es.gov.br:8080/ZimWeb/servlet/ZII?vudTipoDocum=3&vudNoDocum=84273&debug=true&connection=producao&program=pwud001&template=%28vudTipoDocum%2CvudNoDocum%2CvudFinalidade%29&B1=Pesquisar',218124);
INSERT INTO hmprojetos.codigo_prefeitura values (191,'50139','2018',218124);
INSERT INTO hmprojetos.servico values (18030,'PAQ','PAQ 2018.030','Regularização Comercial','900','3x','Rua João Sasso, 356/358','São Geraldo','Cachoeiro de Itapemirim','ES','29314650','2018-08-01','2018-12-04',null,15779);
INSERT INTO hmprojetos.link_externo values (747,'IPTU 84273','http://www2.cachoeiro.es.gov.br:8080/ZimWeb/servlet/ZII?connection=producao&program=pwci001&vudTipoDocum=9&vudNoDocum=84273&vexercicio=2019',18030);
INSERT INTO hmprojetos.link_externo values (748,'CND 84273','http://www2.cachoeiro.es.gov.br:8080/ZimWeb/servlet/ZII?vudTipoDocum=3&vudNoDocum=84273&debug=true&connection=producao&program=pwud001&template=%28vudTipoDocum%2CvudNoDocum%2CvudFinalidade%29&B1=Pesquisar',18030);
INSERT INTO hmprojetos.servico values (115023,'PRS','PRS 2015.023','Desmembramento de Área - Prefeitura/Cartório','','','Rua Rui Marcos novaes facini, 73a a77','Aeroporto','Cachoeiro de Itapemirim','ES','29314112','2015-08-04','2018-09-04',null,15868);
INSERT INTO hmprojetos.link_externo values (749,'IPTU 87167','http://www2.cachoeiro.es.gov.br:8080/ZimWeb/servlet/ZII?connection=producao&program=pwci001&vudTipoDocum=9&vudNoDocum=87167&vexercicio=2019',115023);
INSERT INTO hmprojetos.link_externo values (750,'CND 87167','http://www2.cachoeiro.es.gov.br:8080/ZimWeb/servlet/ZII?vudTipoDocum=3&vudNoDocum=87167&debug=true&connection=producao&program=pwud001&template=%28vudTipoDocum%2CvudNoDocum%2CvudFinalidade%29&B1=Pesquisar',115023);
INSERT INTO hmprojetos.codigo_prefeitura values (192,'4636','2016',115023);
INSERT INTO hmprojetos.servico values (216034,'ASS','ASS 2016.034','Troca de Titularidade','200','2x','Rua Herculano Santana, 41','São Geraldo','Cachoeiro de Itapemirim','ES','29314675','2016-03-16','2017-07-21',null,15491);
INSERT INTO hmprojetos.link_externo values (751,'IPTU 87897','http://www2.cachoeiro.es.gov.br:8080/ZimWeb/servlet/ZII?connection=producao&program=pwci001&vudTipoDocum=9&vudNoDocum=87897&vexercicio=2019',216034);
INSERT INTO hmprojetos.link_externo values (752,'CND 87897','http://www2.cachoeiro.es.gov.br:8080/ZimWeb/servlet/ZII?vudTipoDocum=3&vudNoDocum=87897&debug=true&connection=producao&program=pwud001&template=%28vudTipoDocum%2CvudNoDocum%2CvudFinalidade%29&B1=Pesquisar',216034);
INSERT INTO hmprojetos.codigo_prefeitura values (193,'12405','2016',216034);
INSERT INTO hmprojetos.servico values (219021,'ASS','ASS 2019.021','Alvará de Construção','500','2x','Rua Eny Rangel Paulo, 23','Campo da Leopoldina','Cachoeiro de Itapemirim','ES','29305361','2019-04-01',null,null,19020);
INSERT INTO hmprojetos.link_externo values (753,'IPTU 88380','http://www2.cachoeiro.es.gov.br:8080/ZimWeb/servlet/ZII?connection=producao&program=pwci001&vudTipoDocum=9&vudNoDocum=88380&vexercicio=2019',219021);
INSERT INTO hmprojetos.link_externo values (754,'CND 88380','http://www2.cachoeiro.es.gov.br:8080/ZimWeb/servlet/ZII?vudTipoDocum=3&vudNoDocum=88380&debug=true&connection=producao&program=pwud001&template=%28vudTipoDocum%2CvudNoDocum%2CvudFinalidade%29&B1=Pesquisar',219021);
INSERT INTO hmprojetos.codigo_prefeitura values (194,'11318','2019',219021);
INSERT INTO hmprojetos.servico values (218101,'ASS','ASS 2018.101','Licença para Construção','700','2x','Rua Nazira Ginaid Felipe - S/N','Boa Esperança','Cachoeiro de Itapemirim','ES','29312462','2018-10-22',null,null,15192);
INSERT INTO hmprojetos.link_externo values (755,'IPTU 89608','http://www2.cachoeiro.es.gov.br:8080/ZimWeb/servlet/ZII?connection=producao&program=pwci001&vudTipoDocum=9&vudNoDocum=89608&vexercicio=2019',218101);
INSERT INTO hmprojetos.link_externo values (756,'CND 89608','http://www2.cachoeiro.es.gov.br:8080/ZimWeb/servlet/ZII?vudTipoDocum=3&vudNoDocum=89608&debug=true&connection=producao&program=pwud001&template=%28vudTipoDocum%2CvudNoDocum%2CvudFinalidade%29&B1=Pesquisar',218101);
INSERT INTO hmprojetos.servico values (217085,'ASS','ASS 2017.085','Cadastro IPTU','150','','Rua Nazira Ginaid Felipe','Boa Esperança','Cachoeiro de Itapemirim','ES','','2017-11-20','2018-04-24',null,15192);
INSERT INTO hmprojetos.link_externo values (757,'IPTU 89608','http://www2.cachoeiro.es.gov.br:8080/ZimWeb/servlet/ZII?connection=producao&program=pwci001&vudTipoDocum=9&vudNoDocum=89608&vexercicio=2019',217085);
INSERT INTO hmprojetos.link_externo values (758,'CND 89608','http://www2.cachoeiro.es.gov.br:8080/ZimWeb/servlet/ZII?vudTipoDocum=3&vudNoDocum=89608&debug=true&connection=producao&program=pwud001&template=%28vudTipoDocum%2CvudNoDocum%2CvudFinalidade%29&B1=Pesquisar',217085);
INSERT INTO hmprojetos.codigo_prefeitura values (195,'41181','2017',217085);
INSERT INTO hmprojetos.servico values (117007,'PRS','PRS 2017.007','Planta Para Fracionamento','600','2x','Rua: João Ribeiro dos Reis n°78','São Francisco de Assis','Cachoeiro de Itapemirim','ES','29317476','2017-06-08','2018-08-17',null,17029);
INSERT INTO hmprojetos.link_externo values (759,'IPTU 90381','http://www2.cachoeiro.es.gov.br:8080/ZimWeb/servlet/ZII?connection=producao&program=pwci001&vudTipoDocum=9&vudNoDocum=90381&vexercicio=2019',117007);
INSERT INTO hmprojetos.link_externo values (760,'CND 90381','http://www2.cachoeiro.es.gov.br:8080/ZimWeb/servlet/ZII?vudTipoDocum=3&vudNoDocum=90381&debug=true&connection=producao&program=pwud001&template=%28vudTipoDocum%2CvudNoDocum%2CvudFinalidade%29&B1=Pesquisar',117007);
INSERT INTO hmprojetos.codigo_prefeitura values (196,'22528','2017',117007);
INSERT INTO hmprojetos.servico values (219046,'ASS','ASS 2019.046','Retificação de Área - Prefeitura (L08Q37)','','','Rua Jorge Alexandre Marão - n° 40','Gilberto Machado','Cachoeiro de Itapemirim','ES','29303232','2019-06-27',null,null,16070);
INSERT INTO hmprojetos.link_externo values (761,'IPTU 90978','http://www2.cachoeiro.es.gov.br:8080/ZimWeb/servlet/ZII?connection=producao&program=pwci001&vudTipoDocum=9&vudNoDocum=90978&vexercicio=2019',219046);
INSERT INTO hmprojetos.link_externo values (762,'CND 90978','http://www2.cachoeiro.es.gov.br:8080/ZimWeb/servlet/ZII?vudTipoDocum=3&vudNoDocum=90978&debug=true&connection=producao&program=pwud001&template=%28vudTipoDocum%2CvudNoDocum%2CvudFinalidade%29&B1=Pesquisar',219046);
INSERT INTO hmprojetos.servico values (219047,'ASS','ASS 2019.047','Retificação de Área - Prefeitura (L09Q25)','','','Rua João Penha - n° 60','Sumaré','Cachoeiro de Itapemirim','ES','29304522','2018-08-23',null,null,16070);
INSERT INTO hmprojetos.link_externo values (763,'IPTU 90990','http://www2.cachoeiro.es.gov.br:8080/ZimWeb/servlet/ZII?connection=producao&program=pwci001&vudTipoDocum=9&vudNoDocum=90990&vexercicio=2019',219047);
INSERT INTO hmprojetos.link_externo values (764,'CND 90990','http://www2.cachoeiro.es.gov.br:8080/ZimWeb/servlet/ZII?vudTipoDocum=3&vudNoDocum=90990&debug=true&connection=producao&program=pwud001&template=%28vudTipoDocum%2CvudNoDocum%2CvudFinalidade%29&B1=Pesquisar',219047);
INSERT INTO hmprojetos.servico values (218041,'ASS','ASS 2018.041','Transferência de Titularidade - IPTU','300','2x','Rua Clementina de Jesus, 88/90','Coramara','Cachoeiro de Itapemirim','ES','29313354','2018-04-20','2019-07-29',null,17089);
INSERT INTO hmprojetos.link_externo values (765,'IPTU 91592','http://www2.cachoeiro.es.gov.br:8080/ZimWeb/servlet/ZII?connection=producao&program=pwci001&vudTipoDocum=9&vudNoDocum=91592&vexercicio=2019',218041);
INSERT INTO hmprojetos.link_externo values (766,'CND 91592','http://www2.cachoeiro.es.gov.br:8080/ZimWeb/servlet/ZII?vudTipoDocum=3&vudNoDocum=91592&debug=true&connection=producao&program=pwud001&template=%28vudTipoDocum%2CvudNoDocum%2CvudFinalidade%29&B1=Pesquisar',218041);
INSERT INTO hmprojetos.codigo_prefeitura values (197,'21913','2019',218041);
INSERT INTO hmprojetos.servico values (116029,'PRS','PRS 2016.029','Retificação de Área ( 6 áreas )','1200','2x',' ','Gilberto Machado','Cachoeiro de Itapemirim','ES','','2016-10-10',null,null,16070);
INSERT INTO hmprojetos.codigo_prefeitura values (198,'394','2018',116029);
INSERT INTO hmprojetos.servico values (16061,'PAQ','PAQ 2016.061','Regularização Residencial','2500','','Rua Joaquim Moraes, 15','Centro','Atílio Vivacqua','ES','29490000','2016-11-24','2017-02-02',null,16083);
INSERT INTO hmprojetos.link_externo values (767,'IPTU 01.01.019.0284.001 ','http://www2.cachoeiro.es.gov.br:8080/ZimWeb/servlet/ZII?connection=producao&program=pwci001&vudTipoDocum=9&vudNoDocum=01.01.019.0284.001 &vexercicio=2019',16061);
INSERT INTO hmprojetos.link_externo values (768,'CND 01.01.019.0284.001 ','http://www2.cachoeiro.es.gov.br:8080/ZimWeb/servlet/ZII?vudTipoDocum=3&vudNoDocum=01.01.019.0284.001 &debug=true&connection=producao&program=pwud001&template=%28vudTipoDocum%2CvudNoDocum%2CvudFinalidade%29&B1=Pesquisar',16061);
INSERT INTO hmprojetos.link_externo values (769,'IPTU  01.01.019.0284.002','http://www2.cachoeiro.es.gov.br:8080/ZimWeb/servlet/ZII?connection=producao&program=pwci001&vudTipoDocum=9&vudNoDocum= 01.01.019.0284.002&vexercicio=2019',16061);
INSERT INTO hmprojetos.link_externo values (770,'CND  01.01.019.0284.002','http://www2.cachoeiro.es.gov.br:8080/ZimWeb/servlet/ZII?vudTipoDocum=3&vudNoDocum= 01.01.019.0284.002&debug=true&connection=producao&program=pwud001&template=%28vudTipoDocum%2CvudNoDocum%2CvudFinalidade%29&B1=Pesquisar',16061);
INSERT INTO hmprojetos.servico values (118004,'PRS','PRS 2018.004','Planta para Usucapião','800','','Avenida Miramar, 405','Centro','Marataízes','ES','29345000','2018-01-30','2018-03-16',null,18010);
INSERT INTO hmprojetos.link_externo values (771,'IPTU 01.01.082.0456.001','http://www2.cachoeiro.es.gov.br:8080/ZimWeb/servlet/ZII?connection=producao&program=pwci001&vudTipoDocum=9&vudNoDocum=01.01.082.0456.001&vexercicio=2019',118004);
INSERT INTO hmprojetos.link_externo values (772,'CND 01.01.082.0456.001','http://www2.cachoeiro.es.gov.br:8080/ZimWeb/servlet/ZII?vudTipoDocum=3&vudNoDocum=01.01.082.0456.001&debug=true&connection=producao&program=pwud001&template=%28vudTipoDocum%2CvudNoDocum%2CvudFinalidade%29&B1=Pesquisar',118004);
INSERT INTO hmprojetos.servico values (13062,'PAQ','PAQ 2013.062','Regularização Residencial','','','Rua Manoel Gonçalves, 340','Araias','Marataizes','ES','','2013-08-15','2014-04-01',null,15178);
INSERT INTO hmprojetos.link_externo values (773,'IPTU 01.01.187.0244.001','http://www2.cachoeiro.es.gov.br:8080/ZimWeb/servlet/ZII?connection=producao&program=pwci001&vudTipoDocum=9&vudNoDocum=01.01.187.0244.001&vexercicio=2019',13062);
INSERT INTO hmprojetos.link_externo values (774,'CND 01.01.187.0244.001','http://www2.cachoeiro.es.gov.br:8080/ZimWeb/servlet/ZII?vudTipoDocum=3&vudNoDocum=01.01.187.0244.001&debug=true&connection=producao&program=pwud001&template=%28vudTipoDocum%2CvudNoDocum%2CvudFinalidade%29&B1=Pesquisar',13062);
INSERT INTO hmprojetos.servico values (217088,'ASS','ASS 2017.088','Regularização IPTU','','','Av Jose Felix Cheim 1525 a 1527','Guandu','Cachoeiro de Itapemirim','ES','29300710','2017-11-29',null,null,15497);
INSERT INTO hmprojetos.link_externo values (775,'IPTU 12131 ','http://www2.cachoeiro.es.gov.br:8080/ZimWeb/servlet/ZII?connection=producao&program=pwci001&vudTipoDocum=9&vudNoDocum=12131 &vexercicio=2019',217088);
INSERT INTO hmprojetos.link_externo values (776,'CND 12131 ','http://www2.cachoeiro.es.gov.br:8080/ZimWeb/servlet/ZII?vudTipoDocum=3&vudNoDocum=12131 &debug=true&connection=producao&program=pwud001&template=%28vudTipoDocum%2CvudNoDocum%2CvudFinalidade%29&B1=Pesquisar',217088);
INSERT INTO hmprojetos.link_externo values (777,'IPTU  12130 ','http://www2.cachoeiro.es.gov.br:8080/ZimWeb/servlet/ZII?connection=producao&program=pwci001&vudTipoDocum=9&vudNoDocum= 12130 &vexercicio=2019',217088);
INSERT INTO hmprojetos.link_externo values (778,'CND  12130 ','http://www2.cachoeiro.es.gov.br:8080/ZimWeb/servlet/ZII?vudTipoDocum=3&vudNoDocum= 12130 &debug=true&connection=producao&program=pwud001&template=%28vudTipoDocum%2CvudNoDocum%2CvudFinalidade%29&B1=Pesquisar',217088);
INSERT INTO hmprojetos.link_externo values (779,'IPTU  12129','http://www2.cachoeiro.es.gov.br:8080/ZimWeb/servlet/ZII?connection=producao&program=pwci001&vudTipoDocum=9&vudNoDocum= 12129&vexercicio=2019',217088);
INSERT INTO hmprojetos.link_externo values (780,'CND  12129','http://www2.cachoeiro.es.gov.br:8080/ZimWeb/servlet/ZII?vudTipoDocum=3&vudNoDocum= 12129&debug=true&connection=producao&program=pwud001&template=%28vudTipoDocum%2CvudNoDocum%2CvudFinalidade%29&B1=Pesquisar',217088);
INSERT INTO hmprojetos.servico values (212117,'ASS','ASS 2012.117','Certidão Detalhada','300','2x','Rua Joaquim Aquino Xavier, 10','Nova Brasilia','Cachoeiro de Itapemirim','ES','29302420','2012-07-02',null,null,15460);
INSERT INTO hmprojetos.link_externo values (781,'IPTU 15420 ','http://www2.cachoeiro.es.gov.br:8080/ZimWeb/servlet/ZII?connection=producao&program=pwci001&vudTipoDocum=9&vudNoDocum=15420 &vexercicio=2019',212117);
INSERT INTO hmprojetos.link_externo values (782,'CND 15420 ','http://www2.cachoeiro.es.gov.br:8080/ZimWeb/servlet/ZII?vudTipoDocum=3&vudNoDocum=15420 &debug=true&connection=producao&program=pwud001&template=%28vudTipoDocum%2CvudNoDocum%2CvudFinalidade%29&B1=Pesquisar',212117);
INSERT INTO hmprojetos.link_externo values (783,'IPTU  15421 15422 ','http://www2.cachoeiro.es.gov.br:8080/ZimWeb/servlet/ZII?connection=producao&program=pwci001&vudTipoDocum=9&vudNoDocum= 15421 15422 &vexercicio=2019',212117);
INSERT INTO hmprojetos.link_externo values (784,'CND  15421 15422 ','http://www2.cachoeiro.es.gov.br:8080/ZimWeb/servlet/ZII?vudTipoDocum=3&vudNoDocum= 15421 15422 &debug=true&connection=producao&program=pwud001&template=%28vudTipoDocum%2CvudNoDocum%2CvudFinalidade%29&B1=Pesquisar',212117);
INSERT INTO hmprojetos.link_externo values (785,'IPTU  15423 ','http://www2.cachoeiro.es.gov.br:8080/ZimWeb/servlet/ZII?connection=producao&program=pwci001&vudTipoDocum=9&vudNoDocum= 15423 &vexercicio=2019',212117);
INSERT INTO hmprojetos.link_externo values (786,'CND  15423 ','http://www2.cachoeiro.es.gov.br:8080/ZimWeb/servlet/ZII?vudTipoDocum=3&vudNoDocum= 15423 &debug=true&connection=producao&program=pwud001&template=%28vudTipoDocum%2CvudNoDocum%2CvudFinalidade%29&B1=Pesquisar',212117);
INSERT INTO hmprojetos.link_externo values (787,'IPTU  15424','http://www2.cachoeiro.es.gov.br:8080/ZimWeb/servlet/ZII?connection=producao&program=pwci001&vudTipoDocum=9&vudNoDocum= 15424&vexercicio=2019',212117);
INSERT INTO hmprojetos.link_externo values (788,'CND  15424','http://www2.cachoeiro.es.gov.br:8080/ZimWeb/servlet/ZII?vudTipoDocum=3&vudNoDocum= 15424&debug=true&connection=producao&program=pwud001&template=%28vudTipoDocum%2CvudNoDocum%2CvudFinalidade%29&B1=Pesquisar',212117);
INSERT INTO hmprojetos.codigo_prefeitura values (199,'27181','2012',212117);
INSERT INTO hmprojetos.servico values (213019,'ASS','ASS 2013.019','Substituição de Projeto','400','','Rua Joaquim Aquino Xavier, 10','Nova Brasilia','Cachoeiro de Itapemirim','ES','29302420','2016-01-26',null,null,15460);
INSERT INTO hmprojetos.link_externo values (789,'IPTU 15420 ','http://www2.cachoeiro.es.gov.br:8080/ZimWeb/servlet/ZII?connection=producao&program=pwci001&vudTipoDocum=9&vudNoDocum=15420 &vexercicio=2019',213019);
INSERT INTO hmprojetos.link_externo values (790,'CND 15420 ','http://www2.cachoeiro.es.gov.br:8080/ZimWeb/servlet/ZII?vudTipoDocum=3&vudNoDocum=15420 &debug=true&connection=producao&program=pwud001&template=%28vudTipoDocum%2CvudNoDocum%2CvudFinalidade%29&B1=Pesquisar',213019);
INSERT INTO hmprojetos.link_externo values (791,'IPTU  15421 15422 ','http://www2.cachoeiro.es.gov.br:8080/ZimWeb/servlet/ZII?connection=producao&program=pwci001&vudTipoDocum=9&vudNoDocum= 15421 15422 &vexercicio=2019',213019);
INSERT INTO hmprojetos.link_externo values (792,'CND  15421 15422 ','http://www2.cachoeiro.es.gov.br:8080/ZimWeb/servlet/ZII?vudTipoDocum=3&vudNoDocum= 15421 15422 &debug=true&connection=producao&program=pwud001&template=%28vudTipoDocum%2CvudNoDocum%2CvudFinalidade%29&B1=Pesquisar',213019);
INSERT INTO hmprojetos.link_externo values (793,'IPTU  15423 ','http://www2.cachoeiro.es.gov.br:8080/ZimWeb/servlet/ZII?connection=producao&program=pwci001&vudTipoDocum=9&vudNoDocum= 15423 &vexercicio=2019',213019);
INSERT INTO hmprojetos.link_externo values (794,'CND  15423 ','http://www2.cachoeiro.es.gov.br:8080/ZimWeb/servlet/ZII?vudTipoDocum=3&vudNoDocum= 15423 &debug=true&connection=producao&program=pwud001&template=%28vudTipoDocum%2CvudNoDocum%2CvudFinalidade%29&B1=Pesquisar',213019);
INSERT INTO hmprojetos.link_externo values (795,'IPTU  15424','http://www2.cachoeiro.es.gov.br:8080/ZimWeb/servlet/ZII?connection=producao&program=pwci001&vudTipoDocum=9&vudNoDocum= 15424&vexercicio=2019',213019);
INSERT INTO hmprojetos.link_externo values (796,'CND  15424','http://www2.cachoeiro.es.gov.br:8080/ZimWeb/servlet/ZII?vudTipoDocum=3&vudNoDocum= 15424&debug=true&connection=producao&program=pwud001&template=%28vudTipoDocum%2CvudNoDocum%2CvudFinalidade%29&B1=Pesquisar',213019);
INSERT INTO hmprojetos.codigo_prefeitura values (200,'5244','2016',213019);
INSERT INTO hmprojetos.servico values (213056,'ASS','ASS 2013.056','Revisão de Valor Venal de IPTU','','','Rua Joaquim Aquino Xavier, nº 10','Nova Brasília','Cachoeiro de Itapemirim','ES','','2013-03-26','2018-04-19',null,15460);
INSERT INTO hmprojetos.link_externo values (797,'IPTU 15420 ','http://www2.cachoeiro.es.gov.br:8080/ZimWeb/servlet/ZII?connection=producao&program=pwci001&vudTipoDocum=9&vudNoDocum=15420 &vexercicio=2019',213056);
INSERT INTO hmprojetos.link_externo values (798,'CND 15420 ','http://www2.cachoeiro.es.gov.br:8080/ZimWeb/servlet/ZII?vudTipoDocum=3&vudNoDocum=15420 &debug=true&connection=producao&program=pwud001&template=%28vudTipoDocum%2CvudNoDocum%2CvudFinalidade%29&B1=Pesquisar',213056);
INSERT INTO hmprojetos.link_externo values (799,'IPTU  15421 ','http://www2.cachoeiro.es.gov.br:8080/ZimWeb/servlet/ZII?connection=producao&program=pwci001&vudTipoDocum=9&vudNoDocum= 15421 &vexercicio=2019',213056);
INSERT INTO hmprojetos.link_externo values (800,'CND  15421 ','http://www2.cachoeiro.es.gov.br:8080/ZimWeb/servlet/ZII?vudTipoDocum=3&vudNoDocum= 15421 &debug=true&connection=producao&program=pwud001&template=%28vudTipoDocum%2CvudNoDocum%2CvudFinalidade%29&B1=Pesquisar',213056);
INSERT INTO hmprojetos.link_externo values (801,'IPTU  15423 ','http://www2.cachoeiro.es.gov.br:8080/ZimWeb/servlet/ZII?connection=producao&program=pwci001&vudTipoDocum=9&vudNoDocum= 15423 &vexercicio=2019',213056);
INSERT INTO hmprojetos.link_externo values (802,'CND  15423 ','http://www2.cachoeiro.es.gov.br:8080/ZimWeb/servlet/ZII?vudTipoDocum=3&vudNoDocum= 15423 &debug=true&connection=producao&program=pwud001&template=%28vudTipoDocum%2CvudNoDocum%2CvudFinalidade%29&B1=Pesquisar',213056);
INSERT INTO hmprojetos.link_externo values (803,'IPTU  15424','http://www2.cachoeiro.es.gov.br:8080/ZimWeb/servlet/ZII?connection=producao&program=pwci001&vudTipoDocum=9&vudNoDocum= 15424&vexercicio=2019',213056);
INSERT INTO hmprojetos.link_externo values (804,'CND  15424','http://www2.cachoeiro.es.gov.br:8080/ZimWeb/servlet/ZII?vudTipoDocum=3&vudNoDocum= 15424&debug=true&connection=producao&program=pwud001&template=%28vudTipoDocum%2CvudNoDocum%2CvudFinalidade%29&B1=Pesquisar',213056);
INSERT INTO hmprojetos.servico values (17057,'PAQ','PAQ 2017.057','Regularização Residencial','2500','','Rua Colatina, nº 19 a 21','zumbi','Cachoeiro de Itapemirim','ES','29302160','2017-12-29','2019-05-14',null,17097);
INSERT INTO hmprojetos.link_externo values (805,'IPTU 15814 ','http://www2.cachoeiro.es.gov.br:8080/ZimWeb/servlet/ZII?connection=producao&program=pwci001&vudTipoDocum=9&vudNoDocum=15814 &vexercicio=2019',17057);
INSERT INTO hmprojetos.link_externo values (806,'CND 15814 ','http://www2.cachoeiro.es.gov.br:8080/ZimWeb/servlet/ZII?vudTipoDocum=3&vudNoDocum=15814 &debug=true&connection=producao&program=pwud001&template=%28vudTipoDocum%2CvudNoDocum%2CvudFinalidade%29&B1=Pesquisar',17057);
INSERT INTO hmprojetos.link_externo values (807,'IPTU  15815 ','http://www2.cachoeiro.es.gov.br:8080/ZimWeb/servlet/ZII?connection=producao&program=pwci001&vudTipoDocum=9&vudNoDocum= 15815 &vexercicio=2019',17057);
INSERT INTO hmprojetos.link_externo values (808,'CND  15815 ','http://www2.cachoeiro.es.gov.br:8080/ZimWeb/servlet/ZII?vudTipoDocum=3&vudNoDocum= 15815 &debug=true&connection=producao&program=pwud001&template=%28vudTipoDocum%2CvudNoDocum%2CvudFinalidade%29&B1=Pesquisar',17057);
INSERT INTO hmprojetos.link_externo values (809,'IPTU  15816 ','http://www2.cachoeiro.es.gov.br:8080/ZimWeb/servlet/ZII?connection=producao&program=pwci001&vudTipoDocum=9&vudNoDocum= 15816 &vexercicio=2019',17057);
INSERT INTO hmprojetos.link_externo values (810,'CND  15816 ','http://www2.cachoeiro.es.gov.br:8080/ZimWeb/servlet/ZII?vudTipoDocum=3&vudNoDocum= 15816 &debug=true&connection=producao&program=pwud001&template=%28vudTipoDocum%2CvudNoDocum%2CvudFinalidade%29&B1=Pesquisar',17057);
INSERT INTO hmprojetos.link_externo values (811,'IPTU  15817','http://www2.cachoeiro.es.gov.br:8080/ZimWeb/servlet/ZII?connection=producao&program=pwci001&vudTipoDocum=9&vudNoDocum= 15817&vexercicio=2019',17057);
INSERT INTO hmprojetos.link_externo values (812,'CND  15817','http://www2.cachoeiro.es.gov.br:8080/ZimWeb/servlet/ZII?vudTipoDocum=3&vudNoDocum= 15817&debug=true&connection=producao&program=pwud001&template=%28vudTipoDocum%2CvudNoDocum%2CvudFinalidade%29&B1=Pesquisar',17057);
INSERT INTO hmprojetos.servico values (218120,'ASS','ASS 2018.120','CNO - Receita Federal','300','2x','Escadaria José Mote de Lima, 23 a 31','Amaral','Cachoeiro de Itapemirim','ES','29305140','2018-11-22',null,null,15088);
INSERT INTO hmprojetos.link_externo values (813,'IPTU 18037 ','http://www2.cachoeiro.es.gov.br:8080/ZimWeb/servlet/ZII?connection=producao&program=pwci001&vudTipoDocum=9&vudNoDocum=18037 &vexercicio=2019',218120);
INSERT INTO hmprojetos.link_externo values (814,'CND 18037 ','http://www2.cachoeiro.es.gov.br:8080/ZimWeb/servlet/ZII?vudTipoDocum=3&vudNoDocum=18037 &debug=true&connection=producao&program=pwud001&template=%28vudTipoDocum%2CvudNoDocum%2CvudFinalidade%29&B1=Pesquisar',218120);
INSERT INTO hmprojetos.link_externo values (815,'IPTU  41504','http://www2.cachoeiro.es.gov.br:8080/ZimWeb/servlet/ZII?connection=producao&program=pwci001&vudTipoDocum=9&vudNoDocum= 41504&vexercicio=2019',218120);
INSERT INTO hmprojetos.link_externo values (816,'CND  41504','http://www2.cachoeiro.es.gov.br:8080/ZimWeb/servlet/ZII?vudTipoDocum=3&vudNoDocum= 41504&debug=true&connection=producao&program=pwud001&template=%28vudTipoDocum%2CvudNoDocum%2CvudFinalidade%29&B1=Pesquisar',218120);
INSERT INTO hmprojetos.servico values (16062,'PAQ','PAQ 2016.062','Regularização Residencial','860','','Escadaria José Mote de Lima, 23 a 31','Amaral','Cachoeiro de Itapemirim','ES','29305140','2016-11-23','2017-12-21',null,15088);
INSERT INTO hmprojetos.link_externo values (817,'IPTU 18037 ','http://www2.cachoeiro.es.gov.br:8080/ZimWeb/servlet/ZII?connection=producao&program=pwci001&vudTipoDocum=9&vudNoDocum=18037 &vexercicio=2019',16062);
INSERT INTO hmprojetos.link_externo values (818,'CND 18037 ','http://www2.cachoeiro.es.gov.br:8080/ZimWeb/servlet/ZII?vudTipoDocum=3&vudNoDocum=18037 &debug=true&connection=producao&program=pwud001&template=%28vudTipoDocum%2CvudNoDocum%2CvudFinalidade%29&B1=Pesquisar',16062);
INSERT INTO hmprojetos.link_externo values (819,'IPTU  41504','http://www2.cachoeiro.es.gov.br:8080/ZimWeb/servlet/ZII?connection=producao&program=pwci001&vudTipoDocum=9&vudNoDocum= 41504&vexercicio=2019',16062);
INSERT INTO hmprojetos.link_externo values (820,'CND  41504','http://www2.cachoeiro.es.gov.br:8080/ZimWeb/servlet/ZII?vudTipoDocum=3&vudNoDocum= 41504&debug=true&connection=producao&program=pwud001&template=%28vudTipoDocum%2CvudNoDocum%2CvudFinalidade%29&B1=Pesquisar',16062);
INSERT INTO hmprojetos.codigo_prefeitura values (201,'1447','2017',16062);
INSERT INTO hmprojetos.servico values (218029,'ASS','ASS 2018.029','Acompanhamento de Usucapião','4200','6x','Rua Coronel Borges, 73/79','Coronel Borges','Cachoeiro de Itapemirim','ES','29306100','2018-03-19',null,null,18013);
INSERT INTO hmprojetos.link_externo values (821,'IPTU 19015 ','http://www2.cachoeiro.es.gov.br:8080/ZimWeb/servlet/ZII?connection=producao&program=pwci001&vudTipoDocum=9&vudNoDocum=19015 &vexercicio=2019',218029);
INSERT INTO hmprojetos.link_externo values (822,'CND 19015 ','http://www2.cachoeiro.es.gov.br:8080/ZimWeb/servlet/ZII?vudTipoDocum=3&vudNoDocum=19015 &debug=true&connection=producao&program=pwud001&template=%28vudTipoDocum%2CvudNoDocum%2CvudFinalidade%29&B1=Pesquisar',218029);
INSERT INTO hmprojetos.link_externo values (823,'IPTU  19016','http://www2.cachoeiro.es.gov.br:8080/ZimWeb/servlet/ZII?connection=producao&program=pwci001&vudTipoDocum=9&vudNoDocum= 19016&vexercicio=2019',218029);
INSERT INTO hmprojetos.link_externo values (824,'CND  19016','http://www2.cachoeiro.es.gov.br:8080/ZimWeb/servlet/ZII?vudTipoDocum=3&vudNoDocum= 19016&debug=true&connection=producao&program=pwud001&template=%28vudTipoDocum%2CvudNoDocum%2CvudFinalidade%29&B1=Pesquisar',218029);
INSERT INTO hmprojetos.servico values (118006,'PRS','PRS 2018.006','Planta para Usucapião','1000','2x','Rua Coronel Borges, 73/79','Coronel Borges','Cachoeiro de Itapemirim','ES','29306100','2018-02-08','2018-03-23',null,18013);
INSERT INTO hmprojetos.link_externo values (825,'IPTU 19015 ','http://www2.cachoeiro.es.gov.br:8080/ZimWeb/servlet/ZII?connection=producao&program=pwci001&vudTipoDocum=9&vudNoDocum=19015 &vexercicio=2019',118006);
INSERT INTO hmprojetos.link_externo values (826,'CND 19015 ','http://www2.cachoeiro.es.gov.br:8080/ZimWeb/servlet/ZII?vudTipoDocum=3&vudNoDocum=19015 &debug=true&connection=producao&program=pwud001&template=%28vudTipoDocum%2CvudNoDocum%2CvudFinalidade%29&B1=Pesquisar',118006);
INSERT INTO hmprojetos.link_externo values (827,'IPTU  19016','http://www2.cachoeiro.es.gov.br:8080/ZimWeb/servlet/ZII?connection=producao&program=pwci001&vudTipoDocum=9&vudNoDocum= 19016&vexercicio=2019',118006);
INSERT INTO hmprojetos.link_externo values (828,'CND  19016','http://www2.cachoeiro.es.gov.br:8080/ZimWeb/servlet/ZII?vudTipoDocum=3&vudNoDocum= 19016&debug=true&connection=producao&program=pwud001&template=%28vudTipoDocum%2CvudNoDocum%2CvudFinalidade%29&B1=Pesquisar',118006);
INSERT INTO hmprojetos.servico values (116025,'PRS','PRS 2016.025','Unificação','800','','Rua Bernardo Horta, 247','Guandú','Cachoeiro de Itapemirim','ES','29300795','2016-09-20','2016-10-06',null,15673);
INSERT INTO hmprojetos.link_externo values (829,'IPTU 20668 ','http://www2.cachoeiro.es.gov.br:8080/ZimWeb/servlet/ZII?connection=producao&program=pwci001&vudTipoDocum=9&vudNoDocum=20668 &vexercicio=2019',116025);
INSERT INTO hmprojetos.link_externo values (830,'CND 20668 ','http://www2.cachoeiro.es.gov.br:8080/ZimWeb/servlet/ZII?vudTipoDocum=3&vudNoDocum=20668 &debug=true&connection=producao&program=pwud001&template=%28vudTipoDocum%2CvudNoDocum%2CvudFinalidade%29&B1=Pesquisar',116025);
INSERT INTO hmprojetos.link_externo values (831,'IPTU  62693','http://www2.cachoeiro.es.gov.br:8080/ZimWeb/servlet/ZII?connection=producao&program=pwci001&vudTipoDocum=9&vudNoDocum= 62693&vexercicio=2019',116025);
INSERT INTO hmprojetos.link_externo values (832,'CND  62693','http://www2.cachoeiro.es.gov.br:8080/ZimWeb/servlet/ZII?vudTipoDocum=3&vudNoDocum= 62693&debug=true&connection=producao&program=pwud001&template=%28vudTipoDocum%2CvudNoDocum%2CvudFinalidade%29&B1=Pesquisar',116025);
INSERT INTO hmprojetos.servico values (217066,'ASS','ASS 2017.066','Transferência de Titularidade','','','Rua Bernardo Horta, 349 a 351','Guandu','Cachoeiro de Itapemirim','ES','29300797','2017-09-11',null,null,15497);
INSERT INTO hmprojetos.link_externo values (833,'IPTU 20728 ','http://www2.cachoeiro.es.gov.br:8080/ZimWeb/servlet/ZII?connection=producao&program=pwci001&vudTipoDocum=9&vudNoDocum=20728 &vexercicio=2019',217066);
INSERT INTO hmprojetos.link_externo values (834,'CND 20728 ','http://www2.cachoeiro.es.gov.br:8080/ZimWeb/servlet/ZII?vudTipoDocum=3&vudNoDocum=20728 &debug=true&connection=producao&program=pwud001&template=%28vudTipoDocum%2CvudNoDocum%2CvudFinalidade%29&B1=Pesquisar',217066);
INSERT INTO hmprojetos.link_externo values (835,'IPTU  20729 ','http://www2.cachoeiro.es.gov.br:8080/ZimWeb/servlet/ZII?connection=producao&program=pwci001&vudTipoDocum=9&vudNoDocum= 20729 &vexercicio=2019',217066);
INSERT INTO hmprojetos.link_externo values (836,'CND  20729 ','http://www2.cachoeiro.es.gov.br:8080/ZimWeb/servlet/ZII?vudTipoDocum=3&vudNoDocum= 20729 &debug=true&connection=producao&program=pwud001&template=%28vudTipoDocum%2CvudNoDocum%2CvudFinalidade%29&B1=Pesquisar',217066);
INSERT INTO hmprojetos.link_externo values (837,'IPTU  20726 ','http://www2.cachoeiro.es.gov.br:8080/ZimWeb/servlet/ZII?connection=producao&program=pwci001&vudTipoDocum=9&vudNoDocum= 20726 &vexercicio=2019',217066);
INSERT INTO hmprojetos.link_externo values (838,'CND  20726 ','http://www2.cachoeiro.es.gov.br:8080/ZimWeb/servlet/ZII?vudTipoDocum=3&vudNoDocum= 20726 &debug=true&connection=producao&program=pwud001&template=%28vudTipoDocum%2CvudNoDocum%2CvudFinalidade%29&B1=Pesquisar',217066);
INSERT INTO hmprojetos.link_externo values (839,'IPTU  20725 ','http://www2.cachoeiro.es.gov.br:8080/ZimWeb/servlet/ZII?connection=producao&program=pwci001&vudTipoDocum=9&vudNoDocum= 20725 &vexercicio=2019',217066);
INSERT INTO hmprojetos.link_externo values (840,'CND  20725 ','http://www2.cachoeiro.es.gov.br:8080/ZimWeb/servlet/ZII?vudTipoDocum=3&vudNoDocum= 20725 &debug=true&connection=producao&program=pwud001&template=%28vudTipoDocum%2CvudNoDocum%2CvudFinalidade%29&B1=Pesquisar',217066);
INSERT INTO hmprojetos.link_externo values (841,'IPTU  20727','http://www2.cachoeiro.es.gov.br:8080/ZimWeb/servlet/ZII?connection=producao&program=pwci001&vudTipoDocum=9&vudNoDocum= 20727&vexercicio=2019',217066);
INSERT INTO hmprojetos.link_externo values (842,'CND  20727','http://www2.cachoeiro.es.gov.br:8080/ZimWeb/servlet/ZII?vudTipoDocum=3&vudNoDocum= 20727&debug=true&connection=producao&program=pwud001&template=%28vudTipoDocum%2CvudNoDocum%2CvudFinalidade%29&B1=Pesquisar',217066);
INSERT INTO hmprojetos.servico values (18022,'PAQ','PAQ 2018.022','Substituição de Projeto','1500','3x','Rua: Coronel Franscico Braga, 79/81','Centro','Cachoeiro de Itapemirim','ES','29300220','2018-06-25','2018-09-20',null,15621);
INSERT INTO hmprojetos.link_externo values (843,'IPTU 20976 ','http://www2.cachoeiro.es.gov.br:8080/ZimWeb/servlet/ZII?connection=producao&program=pwci001&vudTipoDocum=9&vudNoDocum=20976 &vexercicio=2019',18022);
INSERT INTO hmprojetos.link_externo values (844,'CND 20976 ','http://www2.cachoeiro.es.gov.br:8080/ZimWeb/servlet/ZII?vudTipoDocum=3&vudNoDocum=20976 &debug=true&connection=producao&program=pwud001&template=%28vudTipoDocum%2CvudNoDocum%2CvudFinalidade%29&B1=Pesquisar',18022);
INSERT INTO hmprojetos.link_externo values (845,'IPTU  20977 ','http://www2.cachoeiro.es.gov.br:8080/ZimWeb/servlet/ZII?connection=producao&program=pwci001&vudTipoDocum=9&vudNoDocum= 20977 &vexercicio=2019',18022);
INSERT INTO hmprojetos.link_externo values (846,'CND  20977 ','http://www2.cachoeiro.es.gov.br:8080/ZimWeb/servlet/ZII?vudTipoDocum=3&vudNoDocum= 20977 &debug=true&connection=producao&program=pwud001&template=%28vudTipoDocum%2CvudNoDocum%2CvudFinalidade%29&B1=Pesquisar',18022);
INSERT INTO hmprojetos.link_externo values (847,'IPTU  68454','http://www2.cachoeiro.es.gov.br:8080/ZimWeb/servlet/ZII?connection=producao&program=pwci001&vudTipoDocum=9&vudNoDocum= 68454&vexercicio=2019',18022);
INSERT INTO hmprojetos.link_externo values (848,'CND  68454','http://www2.cachoeiro.es.gov.br:8080/ZimWeb/servlet/ZII?vudTipoDocum=3&vudNoDocum= 68454&debug=true&connection=producao&program=pwud001&template=%28vudTipoDocum%2CvudNoDocum%2CvudFinalidade%29&B1=Pesquisar',18022);
INSERT INTO hmprojetos.servico values (118010,'PRS','PRS 2018.010','Desmembramento de Área','600','2x','Rua João de Deus Madureira, 22/30','Recanto','Cachoeiro de Itapemirim','ES','29303045','2018-01-27',null,null,18031);
INSERT INTO hmprojetos.link_externo values (849,'IPTU 23027 ','http://www2.cachoeiro.es.gov.br:8080/ZimWeb/servlet/ZII?connection=producao&program=pwci001&vudTipoDocum=9&vudNoDocum=23027 &vexercicio=2019',118010);
INSERT INTO hmprojetos.link_externo values (850,'CND 23027 ','http://www2.cachoeiro.es.gov.br:8080/ZimWeb/servlet/ZII?vudTipoDocum=3&vudNoDocum=23027 &debug=true&connection=producao&program=pwud001&template=%28vudTipoDocum%2CvudNoDocum%2CvudFinalidade%29&B1=Pesquisar',118010);
INSERT INTO hmprojetos.link_externo values (851,'IPTU  21778','http://www2.cachoeiro.es.gov.br:8080/ZimWeb/servlet/ZII?connection=producao&program=pwci001&vudTipoDocum=9&vudNoDocum= 21778&vexercicio=2019',118010);
INSERT INTO hmprojetos.link_externo values (852,'CND  21778','http://www2.cachoeiro.es.gov.br:8080/ZimWeb/servlet/ZII?vudTipoDocum=3&vudNoDocum= 21778&debug=true&connection=producao&program=pwud001&template=%28vudTipoDocum%2CvudNoDocum%2CvudFinalidade%29&B1=Pesquisar',118010);
INSERT INTO hmprojetos.servico values (218046,'ASS','ASS 2018.046','Unificação de área - Prefeitura','','','Rua Dr. Justino Hemerly Elias, 142/148','Amarelo','Cachoeiro de Itapemirim','ES','29304170','2018-05-09','2019-06-14',null,17080);
INSERT INTO hmprojetos.link_externo values (853,'IPTU 25122 ','http://www2.cachoeiro.es.gov.br:8080/ZimWeb/servlet/ZII?connection=producao&program=pwci001&vudTipoDocum=9&vudNoDocum=25122 &vexercicio=2019',218046);
INSERT INTO hmprojetos.link_externo values (854,'CND 25122 ','http://www2.cachoeiro.es.gov.br:8080/ZimWeb/servlet/ZII?vudTipoDocum=3&vudNoDocum=25122 &debug=true&connection=producao&program=pwud001&template=%28vudTipoDocum%2CvudNoDocum%2CvudFinalidade%29&B1=Pesquisar',218046);
INSERT INTO hmprojetos.link_externo values (855,'IPTU  71643','http://www2.cachoeiro.es.gov.br:8080/ZimWeb/servlet/ZII?connection=producao&program=pwci001&vudTipoDocum=9&vudNoDocum= 71643&vexercicio=2019',218046);
INSERT INTO hmprojetos.link_externo values (856,'CND  71643','http://www2.cachoeiro.es.gov.br:8080/ZimWeb/servlet/ZII?vudTipoDocum=3&vudNoDocum= 71643&debug=true&connection=producao&program=pwud001&template=%28vudTipoDocum%2CvudNoDocum%2CvudFinalidade%29&B1=Pesquisar',218046);
INSERT INTO hmprojetos.codigo_prefeitura values (202,'20550','2018',218046);
INSERT INTO hmprojetos.servico values (119001,'PRS','PRS 2019.001','Retificação de Área / Unificação','','','Rua Dr. Justino Hermerly Elias , 142','Amarelo','Cachoeiro de Itapemirim','ES','29304675','2019-01-02','2019-11-28',null,18090);
INSERT INTO hmprojetos.link_externo values (857,'IPTU 71643','http://www2.cachoeiro.es.gov.br:8080/ZimWeb/servlet/ZII?connection=producao&program=pwci001&vudTipoDocum=9&vudNoDocum=71643&vexercicio=2019',119001);
INSERT INTO hmprojetos.link_externo values (858,'CND 71643','http://www2.cachoeiro.es.gov.br:8080/ZimWeb/servlet/ZII?vudTipoDocum=3&vudNoDocum=71643&debug=true&connection=producao&program=pwud001&template=%28vudTipoDocum%2CvudNoDocum%2CvudFinalidade%29&B1=Pesquisar',119001);
INSERT INTO hmprojetos.servico values (117030,'PRS','PRS 2017.030','Retificação de Área / Unificação','300','2x','Rua Dr. Justino Hermerly Elias ,142/148','Amarelo','Cachoeiro de Itapemirim','ES','29304675','2017-10-31','2019-11-28',null,17080);
INSERT INTO hmprojetos.link_externo values (859,'IPTU 25122 ','http://www2.cachoeiro.es.gov.br:8080/ZimWeb/servlet/ZII?connection=producao&program=pwci001&vudTipoDocum=9&vudNoDocum=25122 &vexercicio=2019',117030);
INSERT INTO hmprojetos.link_externo values (860,'CND 25122 ','http://www2.cachoeiro.es.gov.br:8080/ZimWeb/servlet/ZII?vudTipoDocum=3&vudNoDocum=25122 &debug=true&connection=producao&program=pwud001&template=%28vudTipoDocum%2CvudNoDocum%2CvudFinalidade%29&B1=Pesquisar',117030);
INSERT INTO hmprojetos.link_externo values (861,'IPTU  23608','http://www2.cachoeiro.es.gov.br:8080/ZimWeb/servlet/ZII?connection=producao&program=pwci001&vudTipoDocum=9&vudNoDocum= 23608&vexercicio=2019',117030);
INSERT INTO hmprojetos.link_externo values (862,'CND  23608','http://www2.cachoeiro.es.gov.br:8080/ZimWeb/servlet/ZII?vudTipoDocum=3&vudNoDocum= 23608&debug=true&connection=producao&program=pwud001&template=%28vudTipoDocum%2CvudNoDocum%2CvudFinalidade%29&B1=Pesquisar',117030);
INSERT INTO hmprojetos.servico values (16046,'PAQ','PAQ 2016.046','Construção Religiosa','1320','3x','Rua José Danche Vitório','Vila Rica','Cachoeiro de Itapemirim','ES','29301350','2016-09-24','2018-08-29',null,16062);
INSERT INTO hmprojetos.servico values (217041,'ASS','ASS 2017.041','Alvara de Regularização','500','2x','Rua Ernandes duarte da Fonseca, n°30 á 34','Parque das Laranjeiras','Cachoeiro de Itapemirim','ES','29317018','2017-06-22','2019-03-22',null,16052);
INSERT INTO hmprojetos.link_externo values (863,'IPTU 30706 ','http://www2.cachoeiro.es.gov.br:8080/ZimWeb/servlet/ZII?connection=producao&program=pwci001&vudTipoDocum=9&vudNoDocum=30706 &vexercicio=2019',217041);
INSERT INTO hmprojetos.link_externo values (864,'CND 30706 ','http://www2.cachoeiro.es.gov.br:8080/ZimWeb/servlet/ZII?vudTipoDocum=3&vudNoDocum=30706 &debug=true&connection=producao&program=pwud001&template=%28vudTipoDocum%2CvudNoDocum%2CvudFinalidade%29&B1=Pesquisar',217041);
INSERT INTO hmprojetos.link_externo values (865,'IPTU  30707 ','http://www2.cachoeiro.es.gov.br:8080/ZimWeb/servlet/ZII?connection=producao&program=pwci001&vudTipoDocum=9&vudNoDocum= 30707 &vexercicio=2019',217041);
INSERT INTO hmprojetos.link_externo values (866,'CND  30707 ','http://www2.cachoeiro.es.gov.br:8080/ZimWeb/servlet/ZII?vudTipoDocum=3&vudNoDocum= 30707 &debug=true&connection=producao&program=pwud001&template=%28vudTipoDocum%2CvudNoDocum%2CvudFinalidade%29&B1=Pesquisar',217041);
INSERT INTO hmprojetos.link_externo values (867,'IPTU  76984','http://www2.cachoeiro.es.gov.br:8080/ZimWeb/servlet/ZII?connection=producao&program=pwci001&vudTipoDocum=9&vudNoDocum= 76984&vexercicio=2019',217041);
INSERT INTO hmprojetos.link_externo values (868,'CND  76984','http://www2.cachoeiro.es.gov.br:8080/ZimWeb/servlet/ZII?vudTipoDocum=3&vudNoDocum= 76984&debug=true&connection=producao&program=pwud001&template=%28vudTipoDocum%2CvudNoDocum%2CvudFinalidade%29&B1=Pesquisar',217041);
INSERT INTO hmprojetos.servico values (214036,'ASS','ASS 2014.036','Busca de Projeto','70','','Rua Coelho Mello, nº 29','Indepedência','Cachoeiro de Itapemirim','ES','','2014-03-10','2018-06-19',null,15674);
INSERT INTO hmprojetos.link_externo values (869,'IPTU 33560 ','http://www2.cachoeiro.es.gov.br:8080/ZimWeb/servlet/ZII?connection=producao&program=pwci001&vudTipoDocum=9&vudNoDocum=33560 &vexercicio=2019',214036);
INSERT INTO hmprojetos.link_externo values (870,'CND 33560 ','http://www2.cachoeiro.es.gov.br:8080/ZimWeb/servlet/ZII?vudTipoDocum=3&vudNoDocum=33560 &debug=true&connection=producao&program=pwud001&template=%28vudTipoDocum%2CvudNoDocum%2CvudFinalidade%29&B1=Pesquisar',214036);
INSERT INTO hmprojetos.link_externo values (871,'IPTU  33561 ','http://www2.cachoeiro.es.gov.br:8080/ZimWeb/servlet/ZII?connection=producao&program=pwci001&vudTipoDocum=9&vudNoDocum= 33561 &vexercicio=2019',214036);
INSERT INTO hmprojetos.link_externo values (872,'CND  33561 ','http://www2.cachoeiro.es.gov.br:8080/ZimWeb/servlet/ZII?vudTipoDocum=3&vudNoDocum= 33561 &debug=true&connection=producao&program=pwud001&template=%28vudTipoDocum%2CvudNoDocum%2CvudFinalidade%29&B1=Pesquisar',214036);
INSERT INTO hmprojetos.link_externo values (873,'IPTU  33562','http://www2.cachoeiro.es.gov.br:8080/ZimWeb/servlet/ZII?connection=producao&program=pwci001&vudTipoDocum=9&vudNoDocum= 33562&vexercicio=2019',214036);
INSERT INTO hmprojetos.link_externo values (874,'CND  33562','http://www2.cachoeiro.es.gov.br:8080/ZimWeb/servlet/ZII?vudTipoDocum=3&vudNoDocum= 33562&debug=true&connection=producao&program=pwud001&template=%28vudTipoDocum%2CvudNoDocum%2CvudFinalidade%29&B1=Pesquisar',214036);
INSERT INTO hmprojetos.servico values (116017,'PRS','PRS 2016.017','Usucapião','500','','Rua Santa Terezinha','Santa Helena','Cachoeiro de Itapemirim','ES','29307090','2016-07-22','2016-08-12',null,16048);
INSERT INTO hmprojetos.link_externo values (875,'IPTU 34476 ','http://www2.cachoeiro.es.gov.br:8080/ZimWeb/servlet/ZII?connection=producao&program=pwci001&vudTipoDocum=9&vudNoDocum=34476 &vexercicio=2019',116017);
INSERT INTO hmprojetos.link_externo values (876,'CND 34476 ','http://www2.cachoeiro.es.gov.br:8080/ZimWeb/servlet/ZII?vudTipoDocum=3&vudNoDocum=34476 &debug=true&connection=producao&program=pwud001&template=%28vudTipoDocum%2CvudNoDocum%2CvudFinalidade%29&B1=Pesquisar',116017);
INSERT INTO hmprojetos.link_externo values (877,'IPTU  34477 ','http://www2.cachoeiro.es.gov.br:8080/ZimWeb/servlet/ZII?connection=producao&program=pwci001&vudTipoDocum=9&vudNoDocum= 34477 &vexercicio=2019',116017);
INSERT INTO hmprojetos.link_externo values (878,'CND  34477 ','http://www2.cachoeiro.es.gov.br:8080/ZimWeb/servlet/ZII?vudTipoDocum=3&vudNoDocum= 34477 &debug=true&connection=producao&program=pwud001&template=%28vudTipoDocum%2CvudNoDocum%2CvudFinalidade%29&B1=Pesquisar',116017);
INSERT INTO hmprojetos.link_externo values (879,'IPTU  34478','http://www2.cachoeiro.es.gov.br:8080/ZimWeb/servlet/ZII?connection=producao&program=pwci001&vudTipoDocum=9&vudNoDocum= 34478&vexercicio=2019',116017);
INSERT INTO hmprojetos.link_externo values (880,'CND  34478','http://www2.cachoeiro.es.gov.br:8080/ZimWeb/servlet/ZII?vudTipoDocum=3&vudNoDocum= 34478&debug=true&connection=producao&program=pwud001&template=%28vudTipoDocum%2CvudNoDocum%2CvudFinalidade%29&B1=Pesquisar',116017);
INSERT INTO hmprojetos.servico values (217063,'ASS','ASS 2017.063','Regularização Residencial','500','','Rua Virgilio Alves 42 a 44','Ibitiguara','Cachoeiro de Itapemirim','ES','29307195','2017-09-04',null,null,17001);
INSERT INTO hmprojetos.link_externo values (881,'IPTU 34727 ','http://www2.cachoeiro.es.gov.br:8080/ZimWeb/servlet/ZII?connection=producao&program=pwci001&vudTipoDocum=9&vudNoDocum=34727 &vexercicio=2019',217063);
INSERT INTO hmprojetos.link_externo values (882,'CND 34727 ','http://www2.cachoeiro.es.gov.br:8080/ZimWeb/servlet/ZII?vudTipoDocum=3&vudNoDocum=34727 &debug=true&connection=producao&program=pwud001&template=%28vudTipoDocum%2CvudNoDocum%2CvudFinalidade%29&B1=Pesquisar',217063);
INSERT INTO hmprojetos.link_externo values (883,'IPTU  34726 ','http://www2.cachoeiro.es.gov.br:8080/ZimWeb/servlet/ZII?connection=producao&program=pwci001&vudTipoDocum=9&vudNoDocum= 34726 &vexercicio=2019',217063);
INSERT INTO hmprojetos.link_externo values (884,'CND  34726 ','http://www2.cachoeiro.es.gov.br:8080/ZimWeb/servlet/ZII?vudTipoDocum=3&vudNoDocum= 34726 &debug=true&connection=producao&program=pwud001&template=%28vudTipoDocum%2CvudNoDocum%2CvudFinalidade%29&B1=Pesquisar',217063);
INSERT INTO hmprojetos.link_externo values (885,'IPTU  60785','http://www2.cachoeiro.es.gov.br:8080/ZimWeb/servlet/ZII?connection=producao&program=pwci001&vudTipoDocum=9&vudNoDocum= 60785&vexercicio=2019',217063);
INSERT INTO hmprojetos.link_externo values (886,'CND  60785','http://www2.cachoeiro.es.gov.br:8080/ZimWeb/servlet/ZII?vudTipoDocum=3&vudNoDocum= 60785&debug=true&connection=producao&program=pwud001&template=%28vudTipoDocum%2CvudNoDocum%2CvudFinalidade%29&B1=Pesquisar',217063);
INSERT INTO hmprojetos.codigo_prefeitura values (203,'40916','2017',217063);
INSERT INTO hmprojetos.servico values (17002,'PAQ','PAQ 2017.002','Regularização Residencial','500','2x','Rua Virgilio Alves 42 a 44','Ibitiguara','Cachoeiro de Itapemirim','ES','29307195','2017-01-15','2017-09-04',null,17001);
INSERT INTO hmprojetos.link_externo values (887,'IPTU 34727 ','http://www2.cachoeiro.es.gov.br:8080/ZimWeb/servlet/ZII?connection=producao&program=pwci001&vudTipoDocum=9&vudNoDocum=34727 &vexercicio=2019',17002);
INSERT INTO hmprojetos.link_externo values (888,'CND 34727 ','http://www2.cachoeiro.es.gov.br:8080/ZimWeb/servlet/ZII?vudTipoDocum=3&vudNoDocum=34727 &debug=true&connection=producao&program=pwud001&template=%28vudTipoDocum%2CvudNoDocum%2CvudFinalidade%29&B1=Pesquisar',17002);
INSERT INTO hmprojetos.link_externo values (889,'IPTU  34726 ','http://www2.cachoeiro.es.gov.br:8080/ZimWeb/servlet/ZII?connection=producao&program=pwci001&vudTipoDocum=9&vudNoDocum= 34726 &vexercicio=2019',17002);
INSERT INTO hmprojetos.link_externo values (890,'CND  34726 ','http://www2.cachoeiro.es.gov.br:8080/ZimWeb/servlet/ZII?vudTipoDocum=3&vudNoDocum= 34726 &debug=true&connection=producao&program=pwud001&template=%28vudTipoDocum%2CvudNoDocum%2CvudFinalidade%29&B1=Pesquisar',17002);
INSERT INTO hmprojetos.link_externo values (891,'IPTU  60785','http://www2.cachoeiro.es.gov.br:8080/ZimWeb/servlet/ZII?connection=producao&program=pwci001&vudTipoDocum=9&vudNoDocum= 60785&vexercicio=2019',17002);
INSERT INTO hmprojetos.link_externo values (892,'CND  60785','http://www2.cachoeiro.es.gov.br:8080/ZimWeb/servlet/ZII?vudTipoDocum=3&vudNoDocum= 60785&debug=true&connection=producao&program=pwud001&template=%28vudTipoDocum%2CvudNoDocum%2CvudFinalidade%29&B1=Pesquisar',17002);
INSERT INTO hmprojetos.codigo_prefeitura values (204,'99999','2017',17002);
INSERT INTO hmprojetos.servico values (212125,'ASS','ASS 2012.125','CND Previdência','','','Rua Corina Caiado França , nº 07','Coramara','Cachoeiro de Itapemirim','ES','','2012-07-13',null,null,15460);
INSERT INTO hmprojetos.link_externo values (893,'IPTU 3569 ','http://www2.cachoeiro.es.gov.br:8080/ZimWeb/servlet/ZII?connection=producao&program=pwci001&vudTipoDocum=9&vudNoDocum=3569 &vexercicio=2019',212125);
INSERT INTO hmprojetos.link_externo values (894,'CND 3569 ','http://www2.cachoeiro.es.gov.br:8080/ZimWeb/servlet/ZII?vudTipoDocum=3&vudNoDocum=3569 &debug=true&connection=producao&program=pwud001&template=%28vudTipoDocum%2CvudNoDocum%2CvudFinalidade%29&B1=Pesquisar',212125);
INSERT INTO hmprojetos.link_externo values (895,'IPTU  3568','http://www2.cachoeiro.es.gov.br:8080/ZimWeb/servlet/ZII?connection=producao&program=pwci001&vudTipoDocum=9&vudNoDocum= 3568&vexercicio=2019',212125);
INSERT INTO hmprojetos.link_externo values (896,'CND  3568','http://www2.cachoeiro.es.gov.br:8080/ZimWeb/servlet/ZII?vudTipoDocum=3&vudNoDocum= 3568&debug=true&connection=producao&program=pwud001&template=%28vudTipoDocum%2CvudNoDocum%2CvudFinalidade%29&B1=Pesquisar',212125);
INSERT INTO hmprojetos.servico values (212167,'ASS','ASS 2012.167','Regularização Comercial','600','2x','Rua José Paes Barreto, 10','Centro','Cachoeiro de Itapemirim','ES','29300045','2017-08-25',null,null,15123);
INSERT INTO hmprojetos.link_externo values (897,'IPTU 42991 ','http://www2.cachoeiro.es.gov.br:8080/ZimWeb/servlet/ZII?connection=producao&program=pwci001&vudTipoDocum=9&vudNoDocum=42991 &vexercicio=2019',212167);
INSERT INTO hmprojetos.link_externo values (898,'CND 42991 ','http://www2.cachoeiro.es.gov.br:8080/ZimWeb/servlet/ZII?vudTipoDocum=3&vudNoDocum=42991 &debug=true&connection=producao&program=pwud001&template=%28vudTipoDocum%2CvudNoDocum%2CvudFinalidade%29&B1=Pesquisar',212167);
INSERT INTO hmprojetos.link_externo values (899,'IPTU  42993 ','http://www2.cachoeiro.es.gov.br:8080/ZimWeb/servlet/ZII?connection=producao&program=pwci001&vudTipoDocum=9&vudNoDocum= 42993 &vexercicio=2019',212167);
INSERT INTO hmprojetos.link_externo values (900,'CND  42993 ','http://www2.cachoeiro.es.gov.br:8080/ZimWeb/servlet/ZII?vudTipoDocum=3&vudNoDocum= 42993 &debug=true&connection=producao&program=pwud001&template=%28vudTipoDocum%2CvudNoDocum%2CvudFinalidade%29&B1=Pesquisar',212167);
INSERT INTO hmprojetos.link_externo values (901,'IPTU  69361 ','http://www2.cachoeiro.es.gov.br:8080/ZimWeb/servlet/ZII?connection=producao&program=pwci001&vudTipoDocum=9&vudNoDocum= 69361 &vexercicio=2019',212167);
INSERT INTO hmprojetos.link_externo values (902,'CND  69361 ','http://www2.cachoeiro.es.gov.br:8080/ZimWeb/servlet/ZII?vudTipoDocum=3&vudNoDocum= 69361 &debug=true&connection=producao&program=pwud001&template=%28vudTipoDocum%2CvudNoDocum%2CvudFinalidade%29&B1=Pesquisar',212167);
INSERT INTO hmprojetos.link_externo values (903,'IPTU  69373 ','http://www2.cachoeiro.es.gov.br:8080/ZimWeb/servlet/ZII?connection=producao&program=pwci001&vudTipoDocum=9&vudNoDocum= 69373 &vexercicio=2019',212167);
INSERT INTO hmprojetos.link_externo values (904,'CND  69373 ','http://www2.cachoeiro.es.gov.br:8080/ZimWeb/servlet/ZII?vudTipoDocum=3&vudNoDocum= 69373 &debug=true&connection=producao&program=pwud001&template=%28vudTipoDocum%2CvudNoDocum%2CvudFinalidade%29&B1=Pesquisar',212167);
INSERT INTO hmprojetos.link_externo values (905,'IPTU  39432','http://www2.cachoeiro.es.gov.br:8080/ZimWeb/servlet/ZII?connection=producao&program=pwci001&vudTipoDocum=9&vudNoDocum= 39432&vexercicio=2019',212167);
INSERT INTO hmprojetos.link_externo values (906,'CND  39432','http://www2.cachoeiro.es.gov.br:8080/ZimWeb/servlet/ZII?vudTipoDocum=3&vudNoDocum= 39432&debug=true&connection=producao&program=pwud001&template=%28vudTipoDocum%2CvudNoDocum%2CvudFinalidade%29&B1=Pesquisar',212167);
INSERT INTO hmprojetos.codigo_prefeitura values (205,'31991','2017',212167);
INSERT INTO hmprojetos.servico values (216088,'ASS','ASS 2016.088','Regularização Residencal','500','','Rua Benedito De Souza Machado, 131/133','Santa Helena','Cachoeiro de Itapemirim','ES','29307030','2016-11-10','2018-03-12',null,15627);
INSERT INTO hmprojetos.link_externo values (907,'IPTU 45.857 ','http://www2.cachoeiro.es.gov.br:8080/ZimWeb/servlet/ZII?connection=producao&program=pwci001&vudTipoDocum=9&vudNoDocum=45.857 &vexercicio=2019',216088);
INSERT INTO hmprojetos.link_externo values (908,'CND 45.857 ','http://www2.cachoeiro.es.gov.br:8080/ZimWeb/servlet/ZII?vudTipoDocum=3&vudNoDocum=45.857 &debug=true&connection=producao&program=pwud001&template=%28vudTipoDocum%2CvudNoDocum%2CvudFinalidade%29&B1=Pesquisar',216088);
INSERT INTO hmprojetos.link_externo values (909,'IPTU  45.858 ','http://www2.cachoeiro.es.gov.br:8080/ZimWeb/servlet/ZII?connection=producao&program=pwci001&vudTipoDocum=9&vudNoDocum= 45.858 &vexercicio=2019',216088);
INSERT INTO hmprojetos.link_externo values (910,'CND  45.858 ','http://www2.cachoeiro.es.gov.br:8080/ZimWeb/servlet/ZII?vudTipoDocum=3&vudNoDocum= 45.858 &debug=true&connection=producao&program=pwud001&template=%28vudTipoDocum%2CvudNoDocum%2CvudFinalidade%29&B1=Pesquisar',216088);
INSERT INTO hmprojetos.link_externo values (911,'IPTU  45.859','http://www2.cachoeiro.es.gov.br:8080/ZimWeb/servlet/ZII?connection=producao&program=pwci001&vudTipoDocum=9&vudNoDocum= 45.859&vexercicio=2019',216088);
INSERT INTO hmprojetos.link_externo values (912,'CND  45.859','http://www2.cachoeiro.es.gov.br:8080/ZimWeb/servlet/ZII?vudTipoDocum=3&vudNoDocum= 45.859&debug=true&connection=producao&program=pwud001&template=%28vudTipoDocum%2CvudNoDocum%2CvudFinalidade%29&B1=Pesquisar',216088);
INSERT INTO hmprojetos.codigo_prefeitura values (206,'1287','2017',216088);
INSERT INTO hmprojetos.servico values (215014,'ASS','ASS 2015.014','Certidão Detalhada e Habite-se','280','2x','Rua Lauro Lima, nº 169 a 171','Amaral','Cachoeiro de Itapemirim','ES','29305120','2015-01-29','2018-03-28',null,15427);
INSERT INTO hmprojetos.link_externo values (913,'IPTU 45842 ','http://www2.cachoeiro.es.gov.br:8080/ZimWeb/servlet/ZII?connection=producao&program=pwci001&vudTipoDocum=9&vudNoDocum=45842 &vexercicio=2019',215014);
INSERT INTO hmprojetos.link_externo values (914,'CND 45842 ','http://www2.cachoeiro.es.gov.br:8080/ZimWeb/servlet/ZII?vudTipoDocum=3&vudNoDocum=45842 &debug=true&connection=producao&program=pwud001&template=%28vudTipoDocum%2CvudNoDocum%2CvudFinalidade%29&B1=Pesquisar',215014);
INSERT INTO hmprojetos.link_externo values (915,'IPTU  45841 ','http://www2.cachoeiro.es.gov.br:8080/ZimWeb/servlet/ZII?connection=producao&program=pwci001&vudTipoDocum=9&vudNoDocum= 45841 &vexercicio=2019',215014);
INSERT INTO hmprojetos.link_externo values (916,'CND  45841 ','http://www2.cachoeiro.es.gov.br:8080/ZimWeb/servlet/ZII?vudTipoDocum=3&vudNoDocum= 45841 &debug=true&connection=producao&program=pwud001&template=%28vudTipoDocum%2CvudNoDocum%2CvudFinalidade%29&B1=Pesquisar',215014);
INSERT INTO hmprojetos.link_externo values (917,'IPTU  46909','http://www2.cachoeiro.es.gov.br:8080/ZimWeb/servlet/ZII?connection=producao&program=pwci001&vudTipoDocum=9&vudNoDocum= 46909&vexercicio=2019',215014);
INSERT INTO hmprojetos.link_externo values (918,'CND  46909','http://www2.cachoeiro.es.gov.br:8080/ZimWeb/servlet/ZII?vudTipoDocum=3&vudNoDocum= 46909&debug=true&connection=producao&program=pwud001&template=%28vudTipoDocum%2CvudNoDocum%2CvudFinalidade%29&B1=Pesquisar',215014);
INSERT INTO hmprojetos.codigo_prefeitura values (207,'2727','2015',215014);
INSERT INTO hmprojetos.codigo_prefeitura values (208,'22961','2017',215014);
INSERT INTO hmprojetos.servico values (219039,'ASS','ASS 2019.039','Averbação demolição - Cartório','300','2x','Rua Lauro Lima, nº 169 a 171','Amaral','Cachoeiro de Itapemirim','ES','29305120','2019-05-28','2019-08-03',null,15427);
INSERT INTO hmprojetos.link_externo values (919,'IPTU 46909 ','http://www2.cachoeiro.es.gov.br:8080/ZimWeb/servlet/ZII?connection=producao&program=pwci001&vudTipoDocum=9&vudNoDocum=46909 &vexercicio=2019',219039);
INSERT INTO hmprojetos.link_externo values (920,'CND 46909 ','http://www2.cachoeiro.es.gov.br:8080/ZimWeb/servlet/ZII?vudTipoDocum=3&vudNoDocum=46909 &debug=true&connection=producao&program=pwud001&template=%28vudTipoDocum%2CvudNoDocum%2CvudFinalidade%29&B1=Pesquisar',219039);
INSERT INTO hmprojetos.link_externo values (921,'IPTU  45842 ','http://www2.cachoeiro.es.gov.br:8080/ZimWeb/servlet/ZII?connection=producao&program=pwci001&vudTipoDocum=9&vudNoDocum= 45842 &vexercicio=2019',219039);
INSERT INTO hmprojetos.link_externo values (922,'CND  45842 ','http://www2.cachoeiro.es.gov.br:8080/ZimWeb/servlet/ZII?vudTipoDocum=3&vudNoDocum= 45842 &debug=true&connection=producao&program=pwud001&template=%28vudTipoDocum%2CvudNoDocum%2CvudFinalidade%29&B1=Pesquisar',219039);
INSERT INTO hmprojetos.link_externo values (923,'IPTU  45841','http://www2.cachoeiro.es.gov.br:8080/ZimWeb/servlet/ZII?connection=producao&program=pwci001&vudTipoDocum=9&vudNoDocum= 45841&vexercicio=2019',219039);
INSERT INTO hmprojetos.link_externo values (924,'CND  45841','http://www2.cachoeiro.es.gov.br:8080/ZimWeb/servlet/ZII?vudTipoDocum=3&vudNoDocum= 45841&debug=true&connection=producao&program=pwud001&template=%28vudTipoDocum%2CvudNoDocum%2CvudFinalidade%29&B1=Pesquisar',219039);
INSERT INTO hmprojetos.servico values (116031,'PRS','PRS 2016.031','Unificação de lotes','400','','Rua Sidi Luiz Borges','Paraiso','Cachoeiro de Itapemirim','ES','','2016-10-24','2016-11-28',null,15290);
INSERT INTO hmprojetos.link_externo values (925,'IPTU 49430 ','http://www2.cachoeiro.es.gov.br:8080/ZimWeb/servlet/ZII?connection=producao&program=pwci001&vudTipoDocum=9&vudNoDocum=49430 &vexercicio=2019',116031);
INSERT INTO hmprojetos.link_externo values (926,'CND 49430 ','http://www2.cachoeiro.es.gov.br:8080/ZimWeb/servlet/ZII?vudTipoDocum=3&vudNoDocum=49430 &debug=true&connection=producao&program=pwud001&template=%28vudTipoDocum%2CvudNoDocum%2CvudFinalidade%29&B1=Pesquisar',116031);
INSERT INTO hmprojetos.link_externo values (927,'IPTU  49425','http://www2.cachoeiro.es.gov.br:8080/ZimWeb/servlet/ZII?connection=producao&program=pwci001&vudTipoDocum=9&vudNoDocum= 49425&vexercicio=2019',116031);
INSERT INTO hmprojetos.link_externo values (928,'CND  49425','http://www2.cachoeiro.es.gov.br:8080/ZimWeb/servlet/ZII?vudTipoDocum=3&vudNoDocum= 49425&debug=true&connection=producao&program=pwud001&template=%28vudTipoDocum%2CvudNoDocum%2CvudFinalidade%29&B1=Pesquisar',116031);
INSERT INTO hmprojetos.servico values (18018,'PAQ','PAQ 2018.018','Regularização Residencial','1450','','Rua Júlio Romaneli, 8','São Francisco de Assis','Cachoeiro de Itapemirim','ES','29317436','2018-05-08','2018-07-20',null,18026);
INSERT INTO hmprojetos.link_externo values (929,'IPTU 50667 ','http://www2.cachoeiro.es.gov.br:8080/ZimWeb/servlet/ZII?connection=producao&program=pwci001&vudTipoDocum=9&vudNoDocum=50667 &vexercicio=2019',18018);
INSERT INTO hmprojetos.link_externo values (930,'CND 50667 ','http://www2.cachoeiro.es.gov.br:8080/ZimWeb/servlet/ZII?vudTipoDocum=3&vudNoDocum=50667 &debug=true&connection=producao&program=pwud001&template=%28vudTipoDocum%2CvudNoDocum%2CvudFinalidade%29&B1=Pesquisar',18018);
INSERT INTO hmprojetos.link_externo values (931,'IPTU  50668','http://www2.cachoeiro.es.gov.br:8080/ZimWeb/servlet/ZII?connection=producao&program=pwci001&vudTipoDocum=9&vudNoDocum= 50668&vexercicio=2019',18018);
INSERT INTO hmprojetos.link_externo values (932,'CND  50668','http://www2.cachoeiro.es.gov.br:8080/ZimWeb/servlet/ZII?vudTipoDocum=3&vudNoDocum= 50668&debug=true&connection=producao&program=pwud001&template=%28vudTipoDocum%2CvudNoDocum%2CvudFinalidade%29&B1=Pesquisar',18018);
INSERT INTO hmprojetos.codigo_prefeitura values (209,'30464','2018',18018);
INSERT INTO hmprojetos.servico values (119023,'PRS','PRS 2019.023','Levantamento Plane-autimetro','2000','','Rua Lucinia Braga Machado - N° 08','Ferroviarios','Cachoeiro de Itapemirim','Espirito Santo','29308017','2019-06-26','2019-07-11',null,19037);
INSERT INTO hmprojetos.link_externo values (933,'IPTU 51135 ','http://www2.cachoeiro.es.gov.br:8080/ZimWeb/servlet/ZII?connection=producao&program=pwci001&vudTipoDocum=9&vudNoDocum=51135 &vexercicio=2019',119023);
INSERT INTO hmprojetos.link_externo values (934,'CND 51135 ','http://www2.cachoeiro.es.gov.br:8080/ZimWeb/servlet/ZII?vudTipoDocum=3&vudNoDocum=51135 &debug=true&connection=producao&program=pwud001&template=%28vudTipoDocum%2CvudNoDocum%2CvudFinalidade%29&B1=Pesquisar',119023);
INSERT INTO hmprojetos.link_externo values (935,'IPTU  51136 ','http://www2.cachoeiro.es.gov.br:8080/ZimWeb/servlet/ZII?connection=producao&program=pwci001&vudTipoDocum=9&vudNoDocum= 51136 &vexercicio=2019',119023);
INSERT INTO hmprojetos.link_externo values (936,'CND  51136 ','http://www2.cachoeiro.es.gov.br:8080/ZimWeb/servlet/ZII?vudTipoDocum=3&vudNoDocum= 51136 &debug=true&connection=producao&program=pwud001&template=%28vudTipoDocum%2CvudNoDocum%2CvudFinalidade%29&B1=Pesquisar',119023);
INSERT INTO hmprojetos.link_externo values (937,'IPTU  38929 ','http://www2.cachoeiro.es.gov.br:8080/ZimWeb/servlet/ZII?connection=producao&program=pwci001&vudTipoDocum=9&vudNoDocum= 38929 &vexercicio=2019',119023);
INSERT INTO hmprojetos.link_externo values (938,'CND  38929 ','http://www2.cachoeiro.es.gov.br:8080/ZimWeb/servlet/ZII?vudTipoDocum=3&vudNoDocum= 38929 &debug=true&connection=producao&program=pwud001&template=%28vudTipoDocum%2CvudNoDocum%2CvudFinalidade%29&B1=Pesquisar',119023);
INSERT INTO hmprojetos.link_externo values (939,'IPTU  38930 ','http://www2.cachoeiro.es.gov.br:8080/ZimWeb/servlet/ZII?connection=producao&program=pwci001&vudTipoDocum=9&vudNoDocum= 38930 &vexercicio=2019',119023);
INSERT INTO hmprojetos.link_externo values (940,'CND  38930 ','http://www2.cachoeiro.es.gov.br:8080/ZimWeb/servlet/ZII?vudTipoDocum=3&vudNoDocum= 38930 &debug=true&connection=producao&program=pwud001&template=%28vudTipoDocum%2CvudNoDocum%2CvudFinalidade%29&B1=Pesquisar',119023);
INSERT INTO hmprojetos.link_externo values (941,'IPTU  38931','http://www2.cachoeiro.es.gov.br:8080/ZimWeb/servlet/ZII?connection=producao&program=pwci001&vudTipoDocum=9&vudNoDocum= 38931&vexercicio=2019',119023);
INSERT INTO hmprojetos.link_externo values (942,'CND  38931','http://www2.cachoeiro.es.gov.br:8080/ZimWeb/servlet/ZII?vudTipoDocum=3&vudNoDocum= 38931&debug=true&connection=producao&program=pwud001&template=%28vudTipoDocum%2CvudNoDocum%2CvudFinalidade%29&B1=Pesquisar',119023);
INSERT INTO hmprojetos.servico values (218128,'ASS','ASS 2018.128','Fracionamento - IPTU','','','Rua Alameda João Paulo II','Rod. Safra x Cachoeiro','Cachoeiro de Itapemirim','ES','29300090','2018-12-20','2019-09-24',null,15228);
INSERT INTO hmprojetos.link_externo values (943,'IPTU 51271 ','http://www2.cachoeiro.es.gov.br:8080/ZimWeb/servlet/ZII?connection=producao&program=pwci001&vudTipoDocum=9&vudNoDocum=51271 &vexercicio=2019',218128);
INSERT INTO hmprojetos.link_externo values (944,'CND 51271 ','http://www2.cachoeiro.es.gov.br:8080/ZimWeb/servlet/ZII?vudTipoDocum=3&vudNoDocum=51271 &debug=true&connection=producao&program=pwud001&template=%28vudTipoDocum%2CvudNoDocum%2CvudFinalidade%29&B1=Pesquisar',218128);
INSERT INTO hmprojetos.link_externo values (945,'IPTU  91536','http://www2.cachoeiro.es.gov.br:8080/ZimWeb/servlet/ZII?connection=producao&program=pwci001&vudTipoDocum=9&vudNoDocum= 91536&vexercicio=2019',218128);
INSERT INTO hmprojetos.link_externo values (946,'CND  91536','http://www2.cachoeiro.es.gov.br:8080/ZimWeb/servlet/ZII?vudTipoDocum=3&vudNoDocum= 91536&debug=true&connection=producao&program=pwud001&template=%28vudTipoDocum%2CvudNoDocum%2CvudFinalidade%29&B1=Pesquisar',218128);
INSERT INTO hmprojetos.codigo_prefeitura values (210,'50319','2018',218128);
INSERT INTO hmprojetos.servico values (16055,'PAQ','PAQ 2016.055','Regularização Residencial','2400','','Rua Maurilio Coelho, 105','Ilha da Luz','Cachoeiro de Itapemirim','ES','29309810',null,'2017-04-19',null,16076);
INSERT INTO hmprojetos.link_externo values (947,'IPTU 51473 ','http://www2.cachoeiro.es.gov.br:8080/ZimWeb/servlet/ZII?connection=producao&program=pwci001&vudTipoDocum=9&vudNoDocum=51473 &vexercicio=2019',16055);
INSERT INTO hmprojetos.link_externo values (948,'CND 51473 ','http://www2.cachoeiro.es.gov.br:8080/ZimWeb/servlet/ZII?vudTipoDocum=3&vudNoDocum=51473 &debug=true&connection=producao&program=pwud001&template=%28vudTipoDocum%2CvudNoDocum%2CvudFinalidade%29&B1=Pesquisar',16055);
INSERT INTO hmprojetos.link_externo values (949,'IPTU  51477','http://www2.cachoeiro.es.gov.br:8080/ZimWeb/servlet/ZII?connection=producao&program=pwci001&vudTipoDocum=9&vudNoDocum= 51477&vexercicio=2019',16055);
INSERT INTO hmprojetos.link_externo values (950,'CND  51477','http://www2.cachoeiro.es.gov.br:8080/ZimWeb/servlet/ZII?vudTipoDocum=3&vudNoDocum= 51477&debug=true&connection=producao&program=pwud001&template=%28vudTipoDocum%2CvudNoDocum%2CvudFinalidade%29&B1=Pesquisar',16055);
INSERT INTO hmprojetos.servico values (216064,'ASS','ASS 2016.064','Revisão e Troca Titularidade IPTU','300','','Rodovia BR 482','Central Parque','Cachoeiro de Itapemirim','ES','','2016-07-04','2017-12-29',null,16018);
INSERT INTO hmprojetos.link_externo values (951,'IPTU 5151 ','http://www2.cachoeiro.es.gov.br:8080/ZimWeb/servlet/ZII?connection=producao&program=pwci001&vudTipoDocum=9&vudNoDocum=5151 &vexercicio=2019',216064);
INSERT INTO hmprojetos.link_externo values (952,'CND 5151 ','http://www2.cachoeiro.es.gov.br:8080/ZimWeb/servlet/ZII?vudTipoDocum=3&vudNoDocum=5151 &debug=true&connection=producao&program=pwud001&template=%28vudTipoDocum%2CvudNoDocum%2CvudFinalidade%29&B1=Pesquisar',216064);
INSERT INTO hmprojetos.link_externo values (953,'IPTU  5152 ','http://www2.cachoeiro.es.gov.br:8080/ZimWeb/servlet/ZII?connection=producao&program=pwci001&vudTipoDocum=9&vudNoDocum= 5152 &vexercicio=2019',216064);
INSERT INTO hmprojetos.link_externo values (954,'CND  5152 ','http://www2.cachoeiro.es.gov.br:8080/ZimWeb/servlet/ZII?vudTipoDocum=3&vudNoDocum= 5152 &debug=true&connection=producao&program=pwud001&template=%28vudTipoDocum%2CvudNoDocum%2CvudFinalidade%29&B1=Pesquisar',216064);
INSERT INTO hmprojetos.link_externo values (955,'IPTU  5153 ','http://www2.cachoeiro.es.gov.br:8080/ZimWeb/servlet/ZII?connection=producao&program=pwci001&vudTipoDocum=9&vudNoDocum= 5153 &vexercicio=2019',216064);
INSERT INTO hmprojetos.link_externo values (956,'CND  5153 ','http://www2.cachoeiro.es.gov.br:8080/ZimWeb/servlet/ZII?vudTipoDocum=3&vudNoDocum= 5153 &debug=true&connection=producao&program=pwud001&template=%28vudTipoDocum%2CvudNoDocum%2CvudFinalidade%29&B1=Pesquisar',216064);
INSERT INTO hmprojetos.link_externo values (957,'IPTU  5154','http://www2.cachoeiro.es.gov.br:8080/ZimWeb/servlet/ZII?connection=producao&program=pwci001&vudTipoDocum=9&vudNoDocum= 5154&vexercicio=2019',216064);
INSERT INTO hmprojetos.link_externo values (958,'CND  5154','http://www2.cachoeiro.es.gov.br:8080/ZimWeb/servlet/ZII?vudTipoDocum=3&vudNoDocum= 5154&debug=true&connection=producao&program=pwud001&template=%28vudTipoDocum%2CvudNoDocum%2CvudFinalidade%29&B1=Pesquisar',216064);
INSERT INTO hmprojetos.codigo_prefeitura values (211,'28808','2016',216064);
INSERT INTO hmprojetos.servico values (217016,'ASS','ASS 2017.016','Processo de Substituição de Projeto','500','2x','Rodovia Cachoeiro x Alegre','Central parque','Cachoeiro de Itapemirim','ES','','2017-03-27',null,null,15456);
INSERT INTO hmprojetos.link_externo values (959,'IPTU 5181 ','http://www2.cachoeiro.es.gov.br:8080/ZimWeb/servlet/ZII?connection=producao&program=pwci001&vudTipoDocum=9&vudNoDocum=5181 &vexercicio=2019',217016);
INSERT INTO hmprojetos.link_externo values (960,'CND 5181 ','http://www2.cachoeiro.es.gov.br:8080/ZimWeb/servlet/ZII?vudTipoDocum=3&vudNoDocum=5181 &debug=true&connection=producao&program=pwud001&template=%28vudTipoDocum%2CvudNoDocum%2CvudFinalidade%29&B1=Pesquisar',217016);
INSERT INTO hmprojetos.link_externo values (961,'IPTU  5182','http://www2.cachoeiro.es.gov.br:8080/ZimWeb/servlet/ZII?connection=producao&program=pwci001&vudTipoDocum=9&vudNoDocum= 5182&vexercicio=2019',217016);
INSERT INTO hmprojetos.link_externo values (962,'CND  5182','http://www2.cachoeiro.es.gov.br:8080/ZimWeb/servlet/ZII?vudTipoDocum=3&vudNoDocum= 5182&debug=true&connection=producao&program=pwud001&template=%28vudTipoDocum%2CvudNoDocum%2CvudFinalidade%29&B1=Pesquisar',217016);
INSERT INTO hmprojetos.codigo_prefeitura values (212,'13892','2017',217016);
INSERT INTO hmprojetos.servico values (19003,'PAQ','PAQ 2019.003','Substituição de Projeto','1750','','Gelson Dias dos Santos - N° 170 ','Rui Pinto Bandeira','Cachoeiro de Itapemirim','ES','29315803','2019-01-03','2019-08-26',null,15658);
INSERT INTO hmprojetos.link_externo values (963,'IPTU 55176 ','http://www2.cachoeiro.es.gov.br:8080/ZimWeb/servlet/ZII?connection=producao&program=pwci001&vudTipoDocum=9&vudNoDocum=55176 &vexercicio=2019',19003);
INSERT INTO hmprojetos.link_externo values (964,'CND 55176 ','http://www2.cachoeiro.es.gov.br:8080/ZimWeb/servlet/ZII?vudTipoDocum=3&vudNoDocum=55176 &debug=true&connection=producao&program=pwud001&template=%28vudTipoDocum%2CvudNoDocum%2CvudFinalidade%29&B1=Pesquisar',19003);
INSERT INTO hmprojetos.link_externo values (965,'IPTU  76638','http://www2.cachoeiro.es.gov.br:8080/ZimWeb/servlet/ZII?connection=producao&program=pwci001&vudTipoDocum=9&vudNoDocum= 76638&vexercicio=2019',19003);
INSERT INTO hmprojetos.link_externo values (966,'CND  76638','http://www2.cachoeiro.es.gov.br:8080/ZimWeb/servlet/ZII?vudTipoDocum=3&vudNoDocum= 76638&debug=true&connection=producao&program=pwud001&template=%28vudTipoDocum%2CvudNoDocum%2CvudFinalidade%29&B1=Pesquisar',19003);
INSERT INTO hmprojetos.servico values (218052,'ASS','ASS 2018.052','Desmembramento de Área - Cartório','500','2x','Rua Doutor Osiris de Almeida Freitas, 58','Vila Rica','Cachoeiro de Itapemirim','ES','29301020','2018-05-18','2018-08-27',null,16023);
INSERT INTO hmprojetos.link_externo values (967,'IPTU 55575 ','http://www2.cachoeiro.es.gov.br:8080/ZimWeb/servlet/ZII?connection=producao&program=pwci001&vudTipoDocum=9&vudNoDocum=55575 &vexercicio=2019',218052);
INSERT INTO hmprojetos.link_externo values (968,'CND 55575 ','http://www2.cachoeiro.es.gov.br:8080/ZimWeb/servlet/ZII?vudTipoDocum=3&vudNoDocum=55575 &debug=true&connection=producao&program=pwud001&template=%28vudTipoDocum%2CvudNoDocum%2CvudFinalidade%29&B1=Pesquisar',218052);
INSERT INTO hmprojetos.link_externo values (969,'IPTU  57759 ','http://www2.cachoeiro.es.gov.br:8080/ZimWeb/servlet/ZII?connection=producao&program=pwci001&vudTipoDocum=9&vudNoDocum= 57759 &vexercicio=2019',218052);
INSERT INTO hmprojetos.link_externo values (970,'CND  57759 ','http://www2.cachoeiro.es.gov.br:8080/ZimWeb/servlet/ZII?vudTipoDocum=3&vudNoDocum= 57759 &debug=true&connection=producao&program=pwud001&template=%28vudTipoDocum%2CvudNoDocum%2CvudFinalidade%29&B1=Pesquisar',218052);
INSERT INTO hmprojetos.link_externo values (971,'IPTU  55576 ','http://www2.cachoeiro.es.gov.br:8080/ZimWeb/servlet/ZII?connection=producao&program=pwci001&vudTipoDocum=9&vudNoDocum= 55576 &vexercicio=2019',218052);
INSERT INTO hmprojetos.link_externo values (972,'CND  55576 ','http://www2.cachoeiro.es.gov.br:8080/ZimWeb/servlet/ZII?vudTipoDocum=3&vudNoDocum= 55576 &debug=true&connection=producao&program=pwud001&template=%28vudTipoDocum%2CvudNoDocum%2CvudFinalidade%29&B1=Pesquisar',218052);
INSERT INTO hmprojetos.link_externo values (973,'IPTU  9020','http://www2.cachoeiro.es.gov.br:8080/ZimWeb/servlet/ZII?connection=producao&program=pwci001&vudTipoDocum=9&vudNoDocum= 9020&vexercicio=2019',218052);
INSERT INTO hmprojetos.link_externo values (974,'CND  9020','http://www2.cachoeiro.es.gov.br:8080/ZimWeb/servlet/ZII?vudTipoDocum=3&vudNoDocum= 9020&debug=true&connection=producao&program=pwud001&template=%28vudTipoDocum%2CvudNoDocum%2CvudFinalidade%29&B1=Pesquisar',218052);
INSERT INTO hmprojetos.servico values (117002,'PRS','PRS 2017.002','Desmembramento de Área','1300','2x','Rua Doutor Osiris de Almeida Freitas, 58','Vila Rica','Cachoeiro de Itapemirim','ES','29301020','2017-01-23','2018-05-22',null,16023);
INSERT INTO hmprojetos.link_externo values (975,'IPTU 55575 ','http://www2.cachoeiro.es.gov.br:8080/ZimWeb/servlet/ZII?connection=producao&program=pwci001&vudTipoDocum=9&vudNoDocum=55575 &vexercicio=2019',117002);
INSERT INTO hmprojetos.link_externo values (976,'CND 55575 ','http://www2.cachoeiro.es.gov.br:8080/ZimWeb/servlet/ZII?vudTipoDocum=3&vudNoDocum=55575 &debug=true&connection=producao&program=pwud001&template=%28vudTipoDocum%2CvudNoDocum%2CvudFinalidade%29&B1=Pesquisar',117002);
INSERT INTO hmprojetos.link_externo values (977,'IPTU  57759 ','http://www2.cachoeiro.es.gov.br:8080/ZimWeb/servlet/ZII?connection=producao&program=pwci001&vudTipoDocum=9&vudNoDocum= 57759 &vexercicio=2019',117002);
INSERT INTO hmprojetos.link_externo values (978,'CND  57759 ','http://www2.cachoeiro.es.gov.br:8080/ZimWeb/servlet/ZII?vudTipoDocum=3&vudNoDocum= 57759 &debug=true&connection=producao&program=pwud001&template=%28vudTipoDocum%2CvudNoDocum%2CvudFinalidade%29&B1=Pesquisar',117002);
INSERT INTO hmprojetos.link_externo values (979,'IPTU  55576 ','http://www2.cachoeiro.es.gov.br:8080/ZimWeb/servlet/ZII?connection=producao&program=pwci001&vudTipoDocum=9&vudNoDocum= 55576 &vexercicio=2019',117002);
INSERT INTO hmprojetos.link_externo values (980,'CND  55576 ','http://www2.cachoeiro.es.gov.br:8080/ZimWeb/servlet/ZII?vudTipoDocum=3&vudNoDocum= 55576 &debug=true&connection=producao&program=pwud001&template=%28vudTipoDocum%2CvudNoDocum%2CvudFinalidade%29&B1=Pesquisar',117002);
INSERT INTO hmprojetos.link_externo values (981,'IPTU  9020','http://www2.cachoeiro.es.gov.br:8080/ZimWeb/servlet/ZII?connection=producao&program=pwci001&vudTipoDocum=9&vudNoDocum= 9020&vexercicio=2019',117002);
INSERT INTO hmprojetos.link_externo values (982,'CND  9020','http://www2.cachoeiro.es.gov.br:8080/ZimWeb/servlet/ZII?vudTipoDocum=3&vudNoDocum= 9020&debug=true&connection=producao&program=pwud001&template=%28vudTipoDocum%2CvudNoDocum%2CvudFinalidade%29&B1=Pesquisar',117002);
INSERT INTO hmprojetos.codigo_prefeitura values (213,'26826','2017',117002);
INSERT INTO hmprojetos.servico values (217079,'ASS','ASS 2017.079','Certidão Detalhada e Habite-se','900','3x','Rua José Rosa Machado, 274','Nossa senhora de Fatima','Cachoeiro de Itapemirim','ES','29308610','2017-10-07',null,null,17078);
INSERT INTO hmprojetos.link_externo values (983,'IPTU 56274 ','http://www2.cachoeiro.es.gov.br:8080/ZimWeb/servlet/ZII?connection=producao&program=pwci001&vudTipoDocum=9&vudNoDocum=56274 &vexercicio=2019',217079);
INSERT INTO hmprojetos.link_externo values (984,'CND 56274 ','http://www2.cachoeiro.es.gov.br:8080/ZimWeb/servlet/ZII?vudTipoDocum=3&vudNoDocum=56274 &debug=true&connection=producao&program=pwud001&template=%28vudTipoDocum%2CvudNoDocum%2CvudFinalidade%29&B1=Pesquisar',217079);
INSERT INTO hmprojetos.link_externo values (985,'IPTU  697 ','http://www2.cachoeiro.es.gov.br:8080/ZimWeb/servlet/ZII?connection=producao&program=pwci001&vudTipoDocum=9&vudNoDocum= 697 &vexercicio=2019',217079);
INSERT INTO hmprojetos.link_externo values (986,'CND  697 ','http://www2.cachoeiro.es.gov.br:8080/ZimWeb/servlet/ZII?vudTipoDocum=3&vudNoDocum= 697 &debug=true&connection=producao&program=pwud001&template=%28vudTipoDocum%2CvudNoDocum%2CvudFinalidade%29&B1=Pesquisar',217079);
INSERT INTO hmprojetos.link_externo values (987,'IPTU  698 ','http://www2.cachoeiro.es.gov.br:8080/ZimWeb/servlet/ZII?connection=producao&program=pwci001&vudTipoDocum=9&vudNoDocum= 698 &vexercicio=2019',217079);
INSERT INTO hmprojetos.link_externo values (988,'CND  698 ','http://www2.cachoeiro.es.gov.br:8080/ZimWeb/servlet/ZII?vudTipoDocum=3&vudNoDocum= 698 &debug=true&connection=producao&program=pwud001&template=%28vudTipoDocum%2CvudNoDocum%2CvudFinalidade%29&B1=Pesquisar',217079);
INSERT INTO hmprojetos.link_externo values (989,'IPTU  699 ','http://www2.cachoeiro.es.gov.br:8080/ZimWeb/servlet/ZII?connection=producao&program=pwci001&vudTipoDocum=9&vudNoDocum= 699 &vexercicio=2019',217079);
INSERT INTO hmprojetos.link_externo values (990,'CND  699 ','http://www2.cachoeiro.es.gov.br:8080/ZimWeb/servlet/ZII?vudTipoDocum=3&vudNoDocum= 699 &debug=true&connection=producao&program=pwud001&template=%28vudTipoDocum%2CvudNoDocum%2CvudFinalidade%29&B1=Pesquisar',217079);
INSERT INTO hmprojetos.link_externo values (991,'IPTU  67931 ','http://www2.cachoeiro.es.gov.br:8080/ZimWeb/servlet/ZII?connection=producao&program=pwci001&vudTipoDocum=9&vudNoDocum= 67931 &vexercicio=2019',217079);
INSERT INTO hmprojetos.link_externo values (992,'CND  67931 ','http://www2.cachoeiro.es.gov.br:8080/ZimWeb/servlet/ZII?vudTipoDocum=3&vudNoDocum= 67931 &debug=true&connection=producao&program=pwud001&template=%28vudTipoDocum%2CvudNoDocum%2CvudFinalidade%29&B1=Pesquisar',217079);
INSERT INTO hmprojetos.link_externo values (993,'IPTU  67929 ','http://www2.cachoeiro.es.gov.br:8080/ZimWeb/servlet/ZII?connection=producao&program=pwci001&vudTipoDocum=9&vudNoDocum= 67929 &vexercicio=2019',217079);
INSERT INTO hmprojetos.link_externo values (994,'CND  67929 ','http://www2.cachoeiro.es.gov.br:8080/ZimWeb/servlet/ZII?vudTipoDocum=3&vudNoDocum= 67929 &debug=true&connection=producao&program=pwud001&template=%28vudTipoDocum%2CvudNoDocum%2CvudFinalidade%29&B1=Pesquisar',217079);
INSERT INTO hmprojetos.link_externo values (995,'IPTU  67932','http://www2.cachoeiro.es.gov.br:8080/ZimWeb/servlet/ZII?connection=producao&program=pwci001&vudTipoDocum=9&vudNoDocum= 67932&vexercicio=2019',217079);
INSERT INTO hmprojetos.link_externo values (996,'CND  67932','http://www2.cachoeiro.es.gov.br:8080/ZimWeb/servlet/ZII?vudTipoDocum=3&vudNoDocum= 67932&debug=true&connection=producao&program=pwud001&template=%28vudTipoDocum%2CvudNoDocum%2CvudFinalidade%29&B1=Pesquisar',217079);
INSERT INTO hmprojetos.codigo_prefeitura values (214,'42002','2018',217079);
INSERT INTO hmprojetos.codigo_prefeitura values (215,'42008','2018',217079);
INSERT INTO hmprojetos.servico values (218076,'ASS','ASS 2018.076','Desmembramento de Área - Prefeitura','650','1x','Rua Jacinta Maria da Penha ','Alto Novo Parque','Cachoeiro de Itapemirim','ES','29309008','2018-07-18',null,null,18051);
INSERT INTO hmprojetos.link_externo values (997,'IPTU 56329 ','http://www2.cachoeiro.es.gov.br:8080/ZimWeb/servlet/ZII?connection=producao&program=pwci001&vudTipoDocum=9&vudNoDocum=56329 &vexercicio=2019',218076);
INSERT INTO hmprojetos.link_externo values (998,'CND 56329 ','http://www2.cachoeiro.es.gov.br:8080/ZimWeb/servlet/ZII?vudTipoDocum=3&vudNoDocum=56329 &debug=true&connection=producao&program=pwud001&template=%28vudTipoDocum%2CvudNoDocum%2CvudFinalidade%29&B1=Pesquisar',218076);
INSERT INTO hmprojetos.link_externo values (999,'IPTU  56327 ','http://www2.cachoeiro.es.gov.br:8080/ZimWeb/servlet/ZII?connection=producao&program=pwci001&vudTipoDocum=9&vudNoDocum= 56327 &vexercicio=2019',218076);
INSERT INTO hmprojetos.link_externo values (1000,'CND  56327 ','http://www2.cachoeiro.es.gov.br:8080/ZimWeb/servlet/ZII?vudTipoDocum=3&vudNoDocum= 56327 &debug=true&connection=producao&program=pwud001&template=%28vudTipoDocum%2CvudNoDocum%2CvudFinalidade%29&B1=Pesquisar',218076);
INSERT INTO hmprojetos.link_externo values (1001,'IPTU  56328','http://www2.cachoeiro.es.gov.br:8080/ZimWeb/servlet/ZII?connection=producao&program=pwci001&vudTipoDocum=9&vudNoDocum= 56328&vexercicio=2019',218076);
INSERT INTO hmprojetos.link_externo values (1002,'CND  56328','http://www2.cachoeiro.es.gov.br:8080/ZimWeb/servlet/ZII?vudTipoDocum=3&vudNoDocum= 56328&debug=true&connection=producao&program=pwud001&template=%28vudTipoDocum%2CvudNoDocum%2CvudFinalidade%29&B1=Pesquisar',218076);
INSERT INTO hmprojetos.codigo_prefeitura values (216,'14367','2019',218076);
INSERT INTO hmprojetos.servico values (217011,'ASS','ASS 2017.011','Transferência Titularidade IPTU','','','Rua Claudio Andrade, 20','Boa Vista','Cachoeiro de Itapemirim','ES','29315463','2017-03-02',null,null,15347);
INSERT INTO hmprojetos.link_externo values (1003,'IPTU 58576 ','http://www2.cachoeiro.es.gov.br:8080/ZimWeb/servlet/ZII?connection=producao&program=pwci001&vudTipoDocum=9&vudNoDocum=58576 &vexercicio=2019',217011);
INSERT INTO hmprojetos.link_externo values (1004,'CND 58576 ','http://www2.cachoeiro.es.gov.br:8080/ZimWeb/servlet/ZII?vudTipoDocum=3&vudNoDocum=58576 &debug=true&connection=producao&program=pwud001&template=%28vudTipoDocum%2CvudNoDocum%2CvudFinalidade%29&B1=Pesquisar',217011);
INSERT INTO hmprojetos.link_externo values (1005,'IPTU  58577 ','http://www2.cachoeiro.es.gov.br:8080/ZimWeb/servlet/ZII?connection=producao&program=pwci001&vudTipoDocum=9&vudNoDocum= 58577 &vexercicio=2019',217011);
INSERT INTO hmprojetos.link_externo values (1006,'CND  58577 ','http://www2.cachoeiro.es.gov.br:8080/ZimWeb/servlet/ZII?vudTipoDocum=3&vudNoDocum= 58577 &debug=true&connection=producao&program=pwud001&template=%28vudTipoDocum%2CvudNoDocum%2CvudFinalidade%29&B1=Pesquisar',217011);
INSERT INTO hmprojetos.link_externo values (1007,'IPTU  58678','http://www2.cachoeiro.es.gov.br:8080/ZimWeb/servlet/ZII?connection=producao&program=pwci001&vudTipoDocum=9&vudNoDocum= 58678&vexercicio=2019',217011);
INSERT INTO hmprojetos.link_externo values (1008,'CND  58678','http://www2.cachoeiro.es.gov.br:8080/ZimWeb/servlet/ZII?vudTipoDocum=3&vudNoDocum= 58678&debug=true&connection=producao&program=pwud001&template=%28vudTipoDocum%2CvudNoDocum%2CvudFinalidade%29&B1=Pesquisar',217011);
INSERT INTO hmprojetos.servico values (217077,'ASS','ASS 2017.077','CND - Receita Federal','','','Rua José Amaral, nº 98 ','Teixeira Leite','Cachoeiro de Itapemirim','ES','29,310280','2017-10-05','2017-11-16',null,17075);
INSERT INTO hmprojetos.link_externo values (1009,'IPTU 58625 ','http://www2.cachoeiro.es.gov.br:8080/ZimWeb/servlet/ZII?connection=producao&program=pwci001&vudTipoDocum=9&vudNoDocum=58625 &vexercicio=2019',217077);
INSERT INTO hmprojetos.link_externo values (1010,'CND 58625 ','http://www2.cachoeiro.es.gov.br:8080/ZimWeb/servlet/ZII?vudTipoDocum=3&vudNoDocum=58625 &debug=true&connection=producao&program=pwud001&template=%28vudTipoDocum%2CvudNoDocum%2CvudFinalidade%29&B1=Pesquisar',217077);
INSERT INTO hmprojetos.link_externo values (1011,'IPTU  2253','http://www2.cachoeiro.es.gov.br:8080/ZimWeb/servlet/ZII?connection=producao&program=pwci001&vudTipoDocum=9&vudNoDocum= 2253&vexercicio=2019',217077);
INSERT INTO hmprojetos.link_externo values (1012,'CND  2253','http://www2.cachoeiro.es.gov.br:8080/ZimWeb/servlet/ZII?vudTipoDocum=3&vudNoDocum= 2253&debug=true&connection=producao&program=pwud001&template=%28vudTipoDocum%2CvudNoDocum%2CvudFinalidade%29&B1=Pesquisar',217077);
INSERT INTO hmprojetos.servico values (18044,'PAQ','PAQ 2018.044','Croqui Arquitetônico - Condomínio','1200','2x','Rua Nello Vola Borelli - N° 74','Novo Parque','Cachoeiro de Itapemirim','ES','29309120','2018-09-20','2019-12-16',null,18064);
INSERT INTO hmprojetos.link_externo values (1013,'IPTU 58974 ','http://www2.cachoeiro.es.gov.br:8080/ZimWeb/servlet/ZII?connection=producao&program=pwci001&vudTipoDocum=9&vudNoDocum=58974 &vexercicio=2019',18044);
INSERT INTO hmprojetos.link_externo values (1014,'CND 58974 ','http://www2.cachoeiro.es.gov.br:8080/ZimWeb/servlet/ZII?vudTipoDocum=3&vudNoDocum=58974 &debug=true&connection=producao&program=pwud001&template=%28vudTipoDocum%2CvudNoDocum%2CvudFinalidade%29&B1=Pesquisar',18044);
INSERT INTO hmprojetos.link_externo values (1015,'IPTU  1230','http://www2.cachoeiro.es.gov.br:8080/ZimWeb/servlet/ZII?connection=producao&program=pwci001&vudTipoDocum=9&vudNoDocum= 1230&vexercicio=2019',18044);
INSERT INTO hmprojetos.link_externo values (1016,'CND  1230','http://www2.cachoeiro.es.gov.br:8080/ZimWeb/servlet/ZII?vudTipoDocum=3&vudNoDocum= 1230&debug=true&connection=producao&program=pwud001&template=%28vudTipoDocum%2CvudNoDocum%2CvudFinalidade%29&B1=Pesquisar',18044);
INSERT INTO hmprojetos.servico values (119007,'PRS','PRS 2019.007','Unificação de Área - Prefeitura','350','','Liane Avelar Rodrigues, 47','Novo Parque','Cachoeiro de Itapemirim','ES','29309006','2019-01-31','2019-12-10',null,15685);
INSERT INTO hmprojetos.link_externo values (1017,'IPTU 60754 ','http://www2.cachoeiro.es.gov.br:8080/ZimWeb/servlet/ZII?connection=producao&program=pwci001&vudTipoDocum=9&vudNoDocum=60754 &vexercicio=2019',119007);
INSERT INTO hmprojetos.link_externo values (1018,'CND 60754 ','http://www2.cachoeiro.es.gov.br:8080/ZimWeb/servlet/ZII?vudTipoDocum=3&vudNoDocum=60754 &debug=true&connection=producao&program=pwud001&template=%28vudTipoDocum%2CvudNoDocum%2CvudFinalidade%29&B1=Pesquisar',119007);
INSERT INTO hmprojetos.link_externo values (1019,'IPTU  63859','http://www2.cachoeiro.es.gov.br:8080/ZimWeb/servlet/ZII?connection=producao&program=pwci001&vudTipoDocum=9&vudNoDocum= 63859&vexercicio=2019',119007);
INSERT INTO hmprojetos.link_externo values (1020,'CND  63859','http://www2.cachoeiro.es.gov.br:8080/ZimWeb/servlet/ZII?vudTipoDocum=3&vudNoDocum= 63859&debug=true&connection=producao&program=pwud001&template=%28vudTipoDocum%2CvudNoDocum%2CvudFinalidade%29&B1=Pesquisar',119007);
INSERT INTO hmprojetos.servico values (218050,'ASS','ASS 2018.050','Averbação de Imóvel - Cartório','350',' ','Rua João Batista Calegário,86/92','Aeroporto','Cachoeiro de Itapemirim','ES','29314020','2018-05-15','2018-08-02',null,15671);
INSERT INTO hmprojetos.link_externo values (1021,'IPTU 60956 ','http://www2.cachoeiro.es.gov.br:8080/ZimWeb/servlet/ZII?connection=producao&program=pwci001&vudTipoDocum=9&vudNoDocum=60956 &vexercicio=2019',218050);
INSERT INTO hmprojetos.link_externo values (1022,'CND 60956 ','http://www2.cachoeiro.es.gov.br:8080/ZimWeb/servlet/ZII?vudTipoDocum=3&vudNoDocum=60956 &debug=true&connection=producao&program=pwud001&template=%28vudTipoDocum%2CvudNoDocum%2CvudFinalidade%29&B1=Pesquisar',218050);
INSERT INTO hmprojetos.link_externo values (1023,'IPTU  60955','http://www2.cachoeiro.es.gov.br:8080/ZimWeb/servlet/ZII?connection=producao&program=pwci001&vudTipoDocum=9&vudNoDocum= 60955&vexercicio=2019',218050);
INSERT INTO hmprojetos.link_externo values (1024,'CND  60955','http://www2.cachoeiro.es.gov.br:8080/ZimWeb/servlet/ZII?vudTipoDocum=3&vudNoDocum= 60955&debug=true&connection=producao&program=pwud001&template=%28vudTipoDocum%2CvudNoDocum%2CvudFinalidade%29&B1=Pesquisar',218050);
INSERT INTO hmprojetos.servico values (218066,'ASS','ASS 2018.066','Certidão Detalhada','800','2x','Rua Capitão José Vieira, Nº 83 à 85','Vila Rica','Cachoeiro de Itapemirim','ES','29301160','2018-06-08','2019-11-22',null,18037);
INSERT INTO hmprojetos.link_externo values (1025,'IPTU 62940 ','http://www2.cachoeiro.es.gov.br:8080/ZimWeb/servlet/ZII?connection=producao&program=pwci001&vudTipoDocum=9&vudNoDocum=62940 &vexercicio=2019',218066);
INSERT INTO hmprojetos.link_externo values (1026,'CND 62940 ','http://www2.cachoeiro.es.gov.br:8080/ZimWeb/servlet/ZII?vudTipoDocum=3&vudNoDocum=62940 &debug=true&connection=producao&program=pwud001&template=%28vudTipoDocum%2CvudNoDocum%2CvudFinalidade%29&B1=Pesquisar',218066);
INSERT INTO hmprojetos.link_externo values (1027,'IPTU  62938 ','http://www2.cachoeiro.es.gov.br:8080/ZimWeb/servlet/ZII?connection=producao&program=pwci001&vudTipoDocum=9&vudNoDocum= 62938 &vexercicio=2019',218066);
INSERT INTO hmprojetos.link_externo values (1028,'CND  62938 ','http://www2.cachoeiro.es.gov.br:8080/ZimWeb/servlet/ZII?vudTipoDocum=3&vudNoDocum= 62938 &debug=true&connection=producao&program=pwud001&template=%28vudTipoDocum%2CvudNoDocum%2CvudFinalidade%29&B1=Pesquisar',218066);
INSERT INTO hmprojetos.link_externo values (1029,'IPTU  9343','http://www2.cachoeiro.es.gov.br:8080/ZimWeb/servlet/ZII?connection=producao&program=pwci001&vudTipoDocum=9&vudNoDocum= 9343&vexercicio=2019',218066);
INSERT INTO hmprojetos.link_externo values (1030,'CND  9343','http://www2.cachoeiro.es.gov.br:8080/ZimWeb/servlet/ZII?vudTipoDocum=3&vudNoDocum= 9343&debug=true&connection=producao&program=pwud001&template=%28vudTipoDocum%2CvudNoDocum%2CvudFinalidade%29&B1=Pesquisar',218066);
INSERT INTO hmprojetos.codigo_prefeitura values (217,'29704','2018',218066);
INSERT INTO hmprojetos.servico values (18014,'PAQ','PAQ 2018.014','Croqui Arquitetônico','400','','Rua Rodolfo Fiório, 01/15','Indepêndencia','Cachoeiro de Itapemirim','ES','29306331','2018-04-03','2018-05-22',null,15661);
INSERT INTO hmprojetos.link_externo values (1031,'IPTU 63037 ','http://www2.cachoeiro.es.gov.br:8080/ZimWeb/servlet/ZII?connection=producao&program=pwci001&vudTipoDocum=9&vudNoDocum=63037 &vexercicio=2019',18014);
INSERT INTO hmprojetos.link_externo values (1032,'CND 63037 ','http://www2.cachoeiro.es.gov.br:8080/ZimWeb/servlet/ZII?vudTipoDocum=3&vudNoDocum=63037 &debug=true&connection=producao&program=pwud001&template=%28vudTipoDocum%2CvudNoDocum%2CvudFinalidade%29&B1=Pesquisar',18014);
INSERT INTO hmprojetos.link_externo values (1033,'IPTU  63035 ','http://www2.cachoeiro.es.gov.br:8080/ZimWeb/servlet/ZII?connection=producao&program=pwci001&vudTipoDocum=9&vudNoDocum= 63035 &vexercicio=2019',18014);
INSERT INTO hmprojetos.link_externo values (1034,'CND  63035 ','http://www2.cachoeiro.es.gov.br:8080/ZimWeb/servlet/ZII?vudTipoDocum=3&vudNoDocum= 63035 &debug=true&connection=producao&program=pwud001&template=%28vudTipoDocum%2CvudNoDocum%2CvudFinalidade%29&B1=Pesquisar',18014);
INSERT INTO hmprojetos.link_externo values (1035,'IPTU  63036','http://www2.cachoeiro.es.gov.br:8080/ZimWeb/servlet/ZII?connection=producao&program=pwci001&vudTipoDocum=9&vudNoDocum= 63036&vexercicio=2019',18014);
INSERT INTO hmprojetos.link_externo values (1036,'CND  63036','http://www2.cachoeiro.es.gov.br:8080/ZimWeb/servlet/ZII?vudTipoDocum=3&vudNoDocum= 63036&debug=true&connection=producao&program=pwud001&template=%28vudTipoDocum%2CvudNoDocum%2CvudFinalidade%29&B1=Pesquisar',18014);
INSERT INTO hmprojetos.servico values (218035,'ASS','ASS 2018.035','Unificação Salas - Prefeitura','400','2x','Rua Rodolfo Fiório, 01/15','Indepêndencia','Cachoeiro de Itapemirim','ES','29306331','2018-04-03','2018-04-19',null,15661);
INSERT INTO hmprojetos.link_externo values (1037,'IPTU 63037 ','http://www2.cachoeiro.es.gov.br:8080/ZimWeb/servlet/ZII?connection=producao&program=pwci001&vudTipoDocum=9&vudNoDocum=63037 &vexercicio=2019',218035);
INSERT INTO hmprojetos.link_externo values (1038,'CND 63037 ','http://www2.cachoeiro.es.gov.br:8080/ZimWeb/servlet/ZII?vudTipoDocum=3&vudNoDocum=63037 &debug=true&connection=producao&program=pwud001&template=%28vudTipoDocum%2CvudNoDocum%2CvudFinalidade%29&B1=Pesquisar',218035);
INSERT INTO hmprojetos.link_externo values (1039,'IPTU  63035 ','http://www2.cachoeiro.es.gov.br:8080/ZimWeb/servlet/ZII?connection=producao&program=pwci001&vudTipoDocum=9&vudNoDocum= 63035 &vexercicio=2019',218035);
INSERT INTO hmprojetos.link_externo values (1040,'CND  63035 ','http://www2.cachoeiro.es.gov.br:8080/ZimWeb/servlet/ZII?vudTipoDocum=3&vudNoDocum= 63035 &debug=true&connection=producao&program=pwud001&template=%28vudTipoDocum%2CvudNoDocum%2CvudFinalidade%29&B1=Pesquisar',218035);
INSERT INTO hmprojetos.link_externo values (1041,'IPTU  63036','http://www2.cachoeiro.es.gov.br:8080/ZimWeb/servlet/ZII?connection=producao&program=pwci001&vudTipoDocum=9&vudNoDocum= 63036&vexercicio=2019',218035);
INSERT INTO hmprojetos.link_externo values (1042,'CND  63036','http://www2.cachoeiro.es.gov.br:8080/ZimWeb/servlet/ZII?vudTipoDocum=3&vudNoDocum= 63036&debug=true&connection=producao&program=pwud001&template=%28vudTipoDocum%2CvudNoDocum%2CvudFinalidade%29&B1=Pesquisar',218035);
INSERT INTO hmprojetos.servico values (218034,'ASS','ASS 2018.034','Unificação matrículas - Cartório','500','2x','Rua Rodolfo Fiório, 01/15','Indepêndencia','Cachoeiro de Itapemirim','ES','29306331','2018-04-03','2018-04-19',null,15661);
INSERT INTO hmprojetos.link_externo values (1043,'IPTU 63037 ','http://www2.cachoeiro.es.gov.br:8080/ZimWeb/servlet/ZII?connection=producao&program=pwci001&vudTipoDocum=9&vudNoDocum=63037 &vexercicio=2019',218034);
INSERT INTO hmprojetos.link_externo values (1044,'CND 63037 ','http://www2.cachoeiro.es.gov.br:8080/ZimWeb/servlet/ZII?vudTipoDocum=3&vudNoDocum=63037 &debug=true&connection=producao&program=pwud001&template=%28vudTipoDocum%2CvudNoDocum%2CvudFinalidade%29&B1=Pesquisar',218034);
INSERT INTO hmprojetos.link_externo values (1045,'IPTU  63035 ','http://www2.cachoeiro.es.gov.br:8080/ZimWeb/servlet/ZII?connection=producao&program=pwci001&vudTipoDocum=9&vudNoDocum= 63035 &vexercicio=2019',218034);
INSERT INTO hmprojetos.link_externo values (1046,'CND  63035 ','http://www2.cachoeiro.es.gov.br:8080/ZimWeb/servlet/ZII?vudTipoDocum=3&vudNoDocum= 63035 &debug=true&connection=producao&program=pwud001&template=%28vudTipoDocum%2CvudNoDocum%2CvudFinalidade%29&B1=Pesquisar',218034);
INSERT INTO hmprojetos.link_externo values (1047,'IPTU  63036','http://www2.cachoeiro.es.gov.br:8080/ZimWeb/servlet/ZII?connection=producao&program=pwci001&vudTipoDocum=9&vudNoDocum= 63036&vexercicio=2019',218034);
INSERT INTO hmprojetos.link_externo values (1048,'CND  63036','http://www2.cachoeiro.es.gov.br:8080/ZimWeb/servlet/ZII?vudTipoDocum=3&vudNoDocum= 63036&debug=true&connection=producao&program=pwud001&template=%28vudTipoDocum%2CvudNoDocum%2CvudFinalidade%29&B1=Pesquisar',218034);
INSERT INTO hmprojetos.servico values (14027,'PAQ','PAQ 2014.027','Regularização Residencial','1200','3x','Rua Raul Luiz de Souza, nº 16 a 18','Monte Cristo','Cachoeiro de Itapemirim','ES','29312095','2014-03-27','2019-08-10',null,15298);
INSERT INTO hmprojetos.link_externo values (1049,'IPTU 63890 ','http://www2.cachoeiro.es.gov.br:8080/ZimWeb/servlet/ZII?connection=producao&program=pwci001&vudTipoDocum=9&vudNoDocum=63890 &vexercicio=2019',14027);
INSERT INTO hmprojetos.link_externo values (1050,'CND 63890 ','http://www2.cachoeiro.es.gov.br:8080/ZimWeb/servlet/ZII?vudTipoDocum=3&vudNoDocum=63890 &debug=true&connection=producao&program=pwud001&template=%28vudTipoDocum%2CvudNoDocum%2CvudFinalidade%29&B1=Pesquisar',14027);
INSERT INTO hmprojetos.link_externo values (1051,'IPTU  63891 ','http://www2.cachoeiro.es.gov.br:8080/ZimWeb/servlet/ZII?connection=producao&program=pwci001&vudTipoDocum=9&vudNoDocum= 63891 &vexercicio=2019',14027);
INSERT INTO hmprojetos.link_externo values (1052,'CND  63891 ','http://www2.cachoeiro.es.gov.br:8080/ZimWeb/servlet/ZII?vudTipoDocum=3&vudNoDocum= 63891 &debug=true&connection=producao&program=pwud001&template=%28vudTipoDocum%2CvudNoDocum%2CvudFinalidade%29&B1=Pesquisar',14027);
INSERT INTO hmprojetos.link_externo values (1053,'IPTU  50461','http://www2.cachoeiro.es.gov.br:8080/ZimWeb/servlet/ZII?connection=producao&program=pwci001&vudTipoDocum=9&vudNoDocum= 50461&vexercicio=2019',14027);
INSERT INTO hmprojetos.link_externo values (1054,'CND  50461','http://www2.cachoeiro.es.gov.br:8080/ZimWeb/servlet/ZII?vudTipoDocum=3&vudNoDocum= 50461&debug=true&connection=producao&program=pwud001&template=%28vudTipoDocum%2CvudNoDocum%2CvudFinalidade%29&B1=Pesquisar',14027);
INSERT INTO hmprojetos.servico values (215066,'ASS','ASS 2015.066','Regularização INSS - Comercial/Residencial','350','','Rua João Batista Calegário, nº 86 a 92','Aeroporto','Cachoeiro de Itapemirim','ES','29314020','2015-06-15','2017-07-31',null,15671);
INSERT INTO hmprojetos.link_externo values (1055,'IPTU 6420 ','http://www2.cachoeiro.es.gov.br:8080/ZimWeb/servlet/ZII?connection=producao&program=pwci001&vudTipoDocum=9&vudNoDocum=6420 &vexercicio=2019',215066);
INSERT INTO hmprojetos.link_externo values (1056,'CND 6420 ','http://www2.cachoeiro.es.gov.br:8080/ZimWeb/servlet/ZII?vudTipoDocum=3&vudNoDocum=6420 &debug=true&connection=producao&program=pwud001&template=%28vudTipoDocum%2CvudNoDocum%2CvudFinalidade%29&B1=Pesquisar',215066);
INSERT INTO hmprojetos.link_externo values (1057,'IPTU  6421 ','http://www2.cachoeiro.es.gov.br:8080/ZimWeb/servlet/ZII?connection=producao&program=pwci001&vudTipoDocum=9&vudNoDocum= 6421 &vexercicio=2019',215066);
INSERT INTO hmprojetos.link_externo values (1058,'CND  6421 ','http://www2.cachoeiro.es.gov.br:8080/ZimWeb/servlet/ZII?vudTipoDocum=3&vudNoDocum= 6421 &debug=true&connection=producao&program=pwud001&template=%28vudTipoDocum%2CvudNoDocum%2CvudFinalidade%29&B1=Pesquisar',215066);
INSERT INTO hmprojetos.link_externo values (1059,'IPTU  6422','http://www2.cachoeiro.es.gov.br:8080/ZimWeb/servlet/ZII?connection=producao&program=pwci001&vudTipoDocum=9&vudNoDocum= 6422&vexercicio=2019',215066);
INSERT INTO hmprojetos.link_externo values (1060,'CND  6422','http://www2.cachoeiro.es.gov.br:8080/ZimWeb/servlet/ZII?vudTipoDocum=3&vudNoDocum= 6422&debug=true&connection=producao&program=pwud001&template=%28vudTipoDocum%2CvudNoDocum%2CvudFinalidade%29&B1=Pesquisar',215066);
INSERT INTO hmprojetos.servico values (216083,'ASS','ASS 2016.083','Fracionamento de IPTU','','','Rua Marechal Mascarenhas de Morais, 15 a 19','Santo Antônio','Cachoeiro de Itapemirim','ES','29300530','2016-09-27','2016-10-04',null,15442);
INSERT INTO hmprojetos.link_externo values (1061,'IPTU 64537 ','http://www2.cachoeiro.es.gov.br:8080/ZimWeb/servlet/ZII?connection=producao&program=pwci001&vudTipoDocum=9&vudNoDocum=64537 &vexercicio=2019',216083);
INSERT INTO hmprojetos.link_externo values (1062,'CND 64537 ','http://www2.cachoeiro.es.gov.br:8080/ZimWeb/servlet/ZII?vudTipoDocum=3&vudNoDocum=64537 &debug=true&connection=producao&program=pwud001&template=%28vudTipoDocum%2CvudNoDocum%2CvudFinalidade%29&B1=Pesquisar',216083);
INSERT INTO hmprojetos.link_externo values (1063,'IPTU  64538 ','http://www2.cachoeiro.es.gov.br:8080/ZimWeb/servlet/ZII?connection=producao&program=pwci001&vudTipoDocum=9&vudNoDocum= 64538 &vexercicio=2019',216083);
INSERT INTO hmprojetos.link_externo values (1064,'CND  64538 ','http://www2.cachoeiro.es.gov.br:8080/ZimWeb/servlet/ZII?vudTipoDocum=3&vudNoDocum= 64538 &debug=true&connection=producao&program=pwud001&template=%28vudTipoDocum%2CvudNoDocum%2CvudFinalidade%29&B1=Pesquisar',216083);
INSERT INTO hmprojetos.link_externo values (1065,'IPTU  14654','http://www2.cachoeiro.es.gov.br:8080/ZimWeb/servlet/ZII?connection=producao&program=pwci001&vudTipoDocum=9&vudNoDocum= 14654&vexercicio=2019',216083);
INSERT INTO hmprojetos.link_externo values (1066,'CND  14654','http://www2.cachoeiro.es.gov.br:8080/ZimWeb/servlet/ZII?vudTipoDocum=3&vudNoDocum= 14654&debug=true&connection=producao&program=pwud001&template=%28vudTipoDocum%2CvudNoDocum%2CvudFinalidade%29&B1=Pesquisar',216083);
INSERT INTO hmprojetos.servico values (17043,'PAQ','PAQ 2017.043','Construção Comercial','2050','3x','Rua Guido Carletti, 154 a 162','Teixeira Leite','Cachoeiro de Itapemirim','ES','29310265','2017-09-29','2017-11-10',null,17074);
INSERT INTO hmprojetos.link_externo values (1067,'IPTU 69868 ','http://www2.cachoeiro.es.gov.br:8080/ZimWeb/servlet/ZII?connection=producao&program=pwci001&vudTipoDocum=9&vudNoDocum=69868 &vexercicio=2019',17043);
INSERT INTO hmprojetos.link_externo values (1068,'CND 69868 ','http://www2.cachoeiro.es.gov.br:8080/ZimWeb/servlet/ZII?vudTipoDocum=3&vudNoDocum=69868 &debug=true&connection=producao&program=pwud001&template=%28vudTipoDocum%2CvudNoDocum%2CvudFinalidade%29&B1=Pesquisar',17043);
INSERT INTO hmprojetos.link_externo values (1069,'IPTU  69869 ','http://www2.cachoeiro.es.gov.br:8080/ZimWeb/servlet/ZII?connection=producao&program=pwci001&vudTipoDocum=9&vudNoDocum= 69869 &vexercicio=2019',17043);
INSERT INTO hmprojetos.link_externo values (1070,'CND  69869 ','http://www2.cachoeiro.es.gov.br:8080/ZimWeb/servlet/ZII?vudTipoDocum=3&vudNoDocum= 69869 &debug=true&connection=producao&program=pwud001&template=%28vudTipoDocum%2CvudNoDocum%2CvudFinalidade%29&B1=Pesquisar',17043);
INSERT INTO hmprojetos.link_externo values (1071,'IPTU  69870','http://www2.cachoeiro.es.gov.br:8080/ZimWeb/servlet/ZII?connection=producao&program=pwci001&vudTipoDocum=9&vudNoDocum= 69870&vexercicio=2019',17043);
INSERT INTO hmprojetos.link_externo values (1072,'CND  69870','http://www2.cachoeiro.es.gov.br:8080/ZimWeb/servlet/ZII?vudTipoDocum=3&vudNoDocum= 69870&debug=true&connection=producao&program=pwud001&template=%28vudTipoDocum%2CvudNoDocum%2CvudFinalidade%29&B1=Pesquisar',17043);
INSERT INTO hmprojetos.servico values (12128,'PAQ','PAQ 2012.128','Regularização de Substituição Residencial','765','4x','Rua Regina Lachini, 1','Boa Vista','Cachoeiro de Itapemirim','ES','','2012-12-07','2017-12-11',null,15771);
INSERT INTO hmprojetos.link_externo values (1073,'IPTU 7118 ','http://www2.cachoeiro.es.gov.br:8080/ZimWeb/servlet/ZII?connection=producao&program=pwci001&vudTipoDocum=9&vudNoDocum=7118 &vexercicio=2019',12128);
INSERT INTO hmprojetos.link_externo values (1074,'CND 7118 ','http://www2.cachoeiro.es.gov.br:8080/ZimWeb/servlet/ZII?vudTipoDocum=3&vudNoDocum=7118 &debug=true&connection=producao&program=pwud001&template=%28vudTipoDocum%2CvudNoDocum%2CvudFinalidade%29&B1=Pesquisar',12128);
INSERT INTO hmprojetos.link_externo values (1075,'IPTU  7119','http://www2.cachoeiro.es.gov.br:8080/ZimWeb/servlet/ZII?connection=producao&program=pwci001&vudTipoDocum=9&vudNoDocum= 7119&vexercicio=2019',12128);
INSERT INTO hmprojetos.link_externo values (1076,'CND  7119','http://www2.cachoeiro.es.gov.br:8080/ZimWeb/servlet/ZII?vudTipoDocum=3&vudNoDocum= 7119&debug=true&connection=producao&program=pwud001&template=%28vudTipoDocum%2CvudNoDocum%2CvudFinalidade%29&B1=Pesquisar',12128);
INSERT INTO hmprojetos.servico values (217094,'ASS','ASS 2017.094','Alvará de Construção','600','','Rodovia Ricardo Barbieri ES 489, 19 a 25  - Cachoeiro x Atilio Vivacqua','Boa Vista','Cachoeiro de Itapemirim','ES','29315442','2017-12-15','2019-01-28',null,15340);
INSERT INTO hmprojetos.link_externo values (1077,'IPTU 71807 ','http://www2.cachoeiro.es.gov.br:8080/ZimWeb/servlet/ZII?connection=producao&program=pwci001&vudTipoDocum=9&vudNoDocum=71807 &vexercicio=2019',217094);
INSERT INTO hmprojetos.link_externo values (1078,'CND 71807 ','http://www2.cachoeiro.es.gov.br:8080/ZimWeb/servlet/ZII?vudTipoDocum=3&vudNoDocum=71807 &debug=true&connection=producao&program=pwud001&template=%28vudTipoDocum%2CvudNoDocum%2CvudFinalidade%29&B1=Pesquisar',217094);
INSERT INTO hmprojetos.link_externo values (1079,'IPTU  68651','http://www2.cachoeiro.es.gov.br:8080/ZimWeb/servlet/ZII?connection=producao&program=pwci001&vudTipoDocum=9&vudNoDocum= 68651&vexercicio=2019',217094);
INSERT INTO hmprojetos.link_externo values (1080,'CND  68651','http://www2.cachoeiro.es.gov.br:8080/ZimWeb/servlet/ZII?vudTipoDocum=3&vudNoDocum= 68651&debug=true&connection=producao&program=pwud001&template=%28vudTipoDocum%2CvudNoDocum%2CvudFinalidade%29&B1=Pesquisar',217094);
INSERT INTO hmprojetos.codigo_prefeitura values (218,'44536','2017',217094);
INSERT INTO hmprojetos.servico values (14079,'PAQ','PAQ 2014.079','Construção Residencial','2100','2x','Rodovia Ricardo Barbieri ES 489, 19 a 25  - Cachoeiro x Atilio Vivacqua','Boa Vista','Cachoeiro de Itapemirim','ES','29315442','2014-12-03','2017-12-15',null,15340);
INSERT INTO hmprojetos.link_externo values (1081,'IPTU 71807 ','http://www2.cachoeiro.es.gov.br:8080/ZimWeb/servlet/ZII?connection=producao&program=pwci001&vudTipoDocum=9&vudNoDocum=71807 &vexercicio=2019',14079);
INSERT INTO hmprojetos.link_externo values (1082,'CND 71807 ','http://www2.cachoeiro.es.gov.br:8080/ZimWeb/servlet/ZII?vudTipoDocum=3&vudNoDocum=71807 &debug=true&connection=producao&program=pwud001&template=%28vudTipoDocum%2CvudNoDocum%2CvudFinalidade%29&B1=Pesquisar',14079);
INSERT INTO hmprojetos.link_externo values (1083,'IPTU  68651','http://www2.cachoeiro.es.gov.br:8080/ZimWeb/servlet/ZII?connection=producao&program=pwci001&vudTipoDocum=9&vudNoDocum= 68651&vexercicio=2019',14079);
INSERT INTO hmprojetos.link_externo values (1084,'CND  68651','http://www2.cachoeiro.es.gov.br:8080/ZimWeb/servlet/ZII?vudTipoDocum=3&vudNoDocum= 68651&debug=true&connection=producao&program=pwud001&template=%28vudTipoDocum%2CvudNoDocum%2CvudFinalidade%29&B1=Pesquisar',14079);
INSERT INTO hmprojetos.servico values (218049,'ASS','ASS 2018.049','Retificação de Área - Prefeitura','500','2x','Rua Alvaro Ramos','Recanto','Cachoeiro de Itapemirim','ES','29303040','2018-05-14',null,null,15446);
INSERT INTO hmprojetos.link_externo values (1085,'IPTU 73650 ','http://www2.cachoeiro.es.gov.br:8080/ZimWeb/servlet/ZII?connection=producao&program=pwci001&vudTipoDocum=9&vudNoDocum=73650 &vexercicio=2019',218049);
INSERT INTO hmprojetos.link_externo values (1086,'CND 73650 ','http://www2.cachoeiro.es.gov.br:8080/ZimWeb/servlet/ZII?vudTipoDocum=3&vudNoDocum=73650 &debug=true&connection=producao&program=pwud001&template=%28vudTipoDocum%2CvudNoDocum%2CvudFinalidade%29&B1=Pesquisar',218049);
INSERT INTO hmprojetos.link_externo values (1087,'IPTU  51632 ','http://www2.cachoeiro.es.gov.br:8080/ZimWeb/servlet/ZII?connection=producao&program=pwci001&vudTipoDocum=9&vudNoDocum= 51632 &vexercicio=2019',218049);
INSERT INTO hmprojetos.link_externo values (1088,'CND  51632 ','http://www2.cachoeiro.es.gov.br:8080/ZimWeb/servlet/ZII?vudTipoDocum=3&vudNoDocum= 51632 &debug=true&connection=producao&program=pwud001&template=%28vudTipoDocum%2CvudNoDocum%2CvudFinalidade%29&B1=Pesquisar',218049);
INSERT INTO hmprojetos.link_externo values (1089,'IPTU  73651','http://www2.cachoeiro.es.gov.br:8080/ZimWeb/servlet/ZII?connection=producao&program=pwci001&vudTipoDocum=9&vudNoDocum= 73651&vexercicio=2019',218049);
INSERT INTO hmprojetos.link_externo values (1090,'CND  73651','http://www2.cachoeiro.es.gov.br:8080/ZimWeb/servlet/ZII?vudTipoDocum=3&vudNoDocum= 73651&debug=true&connection=producao&program=pwud001&template=%28vudTipoDocum%2CvudNoDocum%2CvudFinalidade%29&B1=Pesquisar',218049);
INSERT INTO hmprojetos.codigo_prefeitura values (219,'23280','2018',218049);
INSERT INTO hmprojetos.servico values (117016,'PRS','PRS 2017.016','Retificação de Área','300','2x','Rua Alvaro Ramos','Recanto','Cachoeiro de Itapemirim','ES','29303040','2017-07-18','2018-09-03',null,15446);
INSERT INTO hmprojetos.link_externo values (1091,'IPTU 73650 ','http://www2.cachoeiro.es.gov.br:8080/ZimWeb/servlet/ZII?connection=producao&program=pwci001&vudTipoDocum=9&vudNoDocum=73650 &vexercicio=2019',117016);
INSERT INTO hmprojetos.link_externo values (1092,'CND 73650 ','http://www2.cachoeiro.es.gov.br:8080/ZimWeb/servlet/ZII?vudTipoDocum=3&vudNoDocum=73650 &debug=true&connection=producao&program=pwud001&template=%28vudTipoDocum%2CvudNoDocum%2CvudFinalidade%29&B1=Pesquisar',117016);
INSERT INTO hmprojetos.link_externo values (1093,'IPTU  51632 ','http://www2.cachoeiro.es.gov.br:8080/ZimWeb/servlet/ZII?connection=producao&program=pwci001&vudTipoDocum=9&vudNoDocum= 51632 &vexercicio=2019',117016);
INSERT INTO hmprojetos.link_externo values (1094,'CND  51632 ','http://www2.cachoeiro.es.gov.br:8080/ZimWeb/servlet/ZII?vudTipoDocum=3&vudNoDocum= 51632 &debug=true&connection=producao&program=pwud001&template=%28vudTipoDocum%2CvudNoDocum%2CvudFinalidade%29&B1=Pesquisar',117016);
INSERT INTO hmprojetos.link_externo values (1095,'IPTU  73651','http://www2.cachoeiro.es.gov.br:8080/ZimWeb/servlet/ZII?connection=producao&program=pwci001&vudTipoDocum=9&vudNoDocum= 73651&vexercicio=2019',117016);
INSERT INTO hmprojetos.link_externo values (1096,'CND  73651','http://www2.cachoeiro.es.gov.br:8080/ZimWeb/servlet/ZII?vudTipoDocum=3&vudNoDocum= 73651&debug=true&connection=producao&program=pwud001&template=%28vudTipoDocum%2CvudNoDocum%2CvudFinalidade%29&B1=Pesquisar',117016);
INSERT INTO hmprojetos.servico values (216090,'ASS','ASS 2016.090','Regularização INCRA','400','2x','Rua Silvestre Silva, s/nº - Chácara  Alvinegra','Distrito de Coutinho','Cachoeiro de Itapemirim','ES','29322100','2016-11-17','2020-01-03',null,16079);
INSERT INTO hmprojetos.link_externo values (1097,'IPTU 78705 ','http://www2.cachoeiro.es.gov.br:8080/ZimWeb/servlet/ZII?connection=producao&program=pwci001&vudTipoDocum=9&vudNoDocum=78705 &vexercicio=2019',216090);
INSERT INTO hmprojetos.link_externo values (1098,'CND 78705 ','http://www2.cachoeiro.es.gov.br:8080/ZimWeb/servlet/ZII?vudTipoDocum=3&vudNoDocum=78705 &debug=true&connection=producao&program=pwud001&template=%28vudTipoDocum%2CvudNoDocum%2CvudFinalidade%29&B1=Pesquisar',216090);
INSERT INTO hmprojetos.link_externo values (1099,'IPTU  78706','http://www2.cachoeiro.es.gov.br:8080/ZimWeb/servlet/ZII?connection=producao&program=pwci001&vudTipoDocum=9&vudNoDocum= 78706&vexercicio=2019',216090);
INSERT INTO hmprojetos.link_externo values (1100,'CND  78706','http://www2.cachoeiro.es.gov.br:8080/ZimWeb/servlet/ZII?vudTipoDocum=3&vudNoDocum= 78706&debug=true&connection=producao&program=pwud001&template=%28vudTipoDocum%2CvudNoDocum%2CvudFinalidade%29&B1=Pesquisar',216090);
INSERT INTO hmprojetos.codigo_prefeitura values (220,'39087','2016',216090);
INSERT INTO hmprojetos.servico values (219013,'ASS','ASS 2019.013','Alvará de Construção - Muro','400','2x','Omária Fosse Ferreira, 9','IBC','Cachoeiro de Itapemirim','ES','29315330','2019-03-12',null,null,15511);
INSERT INTO hmprojetos.link_externo values (1101,'IPTU 82788 ','http://www2.cachoeiro.es.gov.br:8080/ZimWeb/servlet/ZII?connection=producao&program=pwci001&vudTipoDocum=9&vudNoDocum=82788 &vexercicio=2019',219013);
INSERT INTO hmprojetos.link_externo values (1102,'CND 82788 ','http://www2.cachoeiro.es.gov.br:8080/ZimWeb/servlet/ZII?vudTipoDocum=3&vudNoDocum=82788 &debug=true&connection=producao&program=pwud001&template=%28vudTipoDocum%2CvudNoDocum%2CvudFinalidade%29&B1=Pesquisar',219013);
INSERT INTO hmprojetos.link_externo values (1103,'IPTU  82789 ','http://www2.cachoeiro.es.gov.br:8080/ZimWeb/servlet/ZII?connection=producao&program=pwci001&vudTipoDocum=9&vudNoDocum= 82789 &vexercicio=2019',219013);
INSERT INTO hmprojetos.link_externo values (1104,'CND  82789 ','http://www2.cachoeiro.es.gov.br:8080/ZimWeb/servlet/ZII?vudTipoDocum=3&vudNoDocum= 82789 &debug=true&connection=producao&program=pwud001&template=%28vudTipoDocum%2CvudNoDocum%2CvudFinalidade%29&B1=Pesquisar',219013);
INSERT INTO hmprojetos.link_externo values (1105,'IPTU  82790','http://www2.cachoeiro.es.gov.br:8080/ZimWeb/servlet/ZII?connection=producao&program=pwci001&vudTipoDocum=9&vudNoDocum= 82790&vexercicio=2019',219013);
INSERT INTO hmprojetos.link_externo values (1106,'CND  82790','http://www2.cachoeiro.es.gov.br:8080/ZimWeb/servlet/ZII?vudTipoDocum=3&vudNoDocum= 82790&debug=true&connection=producao&program=pwud001&template=%28vudTipoDocum%2CvudNoDocum%2CvudFinalidade%29&B1=Pesquisar',219013);
INSERT INTO hmprojetos.codigo_prefeitura values (221,'10057','2019',219013);
INSERT INTO hmprojetos.servico values (216067,'ASS','ASS 2016.067','Construção Mármores','500','','Rua Projetada','Morro Grande','Cachoeiro de Itapemirim','ES','29312515','2016-07-21','2017-10-16',null,16046);
INSERT INTO hmprojetos.link_externo values (1107,'IPTU 87913 ','http://www2.cachoeiro.es.gov.br:8080/ZimWeb/servlet/ZII?connection=producao&program=pwci001&vudTipoDocum=9&vudNoDocum=87913 &vexercicio=2019',216067);
INSERT INTO hmprojetos.link_externo values (1108,'CND 87913 ','http://www2.cachoeiro.es.gov.br:8080/ZimWeb/servlet/ZII?vudTipoDocum=3&vudNoDocum=87913 &debug=true&connection=producao&program=pwud001&template=%28vudTipoDocum%2CvudNoDocum%2CvudFinalidade%29&B1=Pesquisar',216067);
INSERT INTO hmprojetos.link_externo values (1109,'IPTU  87915','http://www2.cachoeiro.es.gov.br:8080/ZimWeb/servlet/ZII?connection=producao&program=pwci001&vudTipoDocum=9&vudNoDocum= 87915&vexercicio=2019',216067);
INSERT INTO hmprojetos.link_externo values (1110,'CND  87915','http://www2.cachoeiro.es.gov.br:8080/ZimWeb/servlet/ZII?vudTipoDocum=3&vudNoDocum= 87915&debug=true&connection=producao&program=pwud001&template=%28vudTipoDocum%2CvudNoDocum%2CvudFinalidade%29&B1=Pesquisar',216067);
INSERT INTO hmprojetos.codigo_prefeitura values (222,'1826','2017',216067);
INSERT INTO hmprojetos.servico values (216050,'ASS','ASS 2016.050','Certidão Detalhada - Retificadora','200','2x','Rua Antônio Pedro Carleto, n°52 a 54','Vila Rica','Cachoeiro de Itapemirim','ES','29301200','2016-05-17',null,null,15734);
INSERT INTO hmprojetos.link_externo values (1111,'IPTU 9.902 ','http://www2.cachoeiro.es.gov.br:8080/ZimWeb/servlet/ZII?connection=producao&program=pwci001&vudTipoDocum=9&vudNoDocum=9.902 &vexercicio=2019',216050);
INSERT INTO hmprojetos.link_externo values (1112,'CND 9.902 ','http://www2.cachoeiro.es.gov.br:8080/ZimWeb/servlet/ZII?vudTipoDocum=3&vudNoDocum=9.902 &debug=true&connection=producao&program=pwud001&template=%28vudTipoDocum%2CvudNoDocum%2CvudFinalidade%29&B1=Pesquisar',216050);
INSERT INTO hmprojetos.link_externo values (1113,'IPTU  75.471','http://www2.cachoeiro.es.gov.br:8080/ZimWeb/servlet/ZII?connection=producao&program=pwci001&vudTipoDocum=9&vudNoDocum= 75.471&vexercicio=2019',216050);
INSERT INTO hmprojetos.link_externo values (1114,'CND  75.471','http://www2.cachoeiro.es.gov.br:8080/ZimWeb/servlet/ZII?vudTipoDocum=3&vudNoDocum= 75.471&debug=true&connection=producao&program=pwud001&template=%28vudTipoDocum%2CvudNoDocum%2CvudFinalidade%29&B1=Pesquisar',216050);
INSERT INTO hmprojetos.codigo_prefeitura values (223,'31726','2016',216050);
INSERT INTO hmprojetos.servico values (119024,'PRS','PRS 2019.024','Croqui de Situação','300','','Rua Projetada - S/N°','Otílio Roncete','Cachoeiro de Itapemirim','ES','','2019-07-01','2019-09-18',null,19039);
INSERT INTO hmprojetos.servico values (119022,'PRS','PRS 2019.022','Planta para Usucapião','500','2x','Rua Projetada IX A','Boa Vista','Cachoeiro de Itapemirim','ES','','2019-06-21','2019-08-05',null,15207);
INSERT INTO hmprojetos.servico values (219045,'ASS','ASS 2019.045','Acompanhamento de Processo - IPTU','300','','Rodovia BR 482','Marbrasa','Cachoeiro de Itapemirim','ES','','2019-06-25',null,null,19026);
INSERT INTO hmprojetos.link_externo values (1115,'IPTU 92979','http://www2.cachoeiro.es.gov.br:8080/ZimWeb/servlet/ZII?connection=producao&program=pwci001&vudTipoDocum=9&vudNoDocum=92979&vexercicio=2019',219045);
INSERT INTO hmprojetos.link_externo values (1116,'CND 92979','http://www2.cachoeiro.es.gov.br:8080/ZimWeb/servlet/ZII?vudTipoDocum=3&vudNoDocum=92979&debug=true&connection=producao&program=pwud001&template=%28vudTipoDocum%2CvudNoDocum%2CvudFinalidade%29&B1=Pesquisar',219045);
INSERT INTO hmprojetos.codigo_prefeitura values (224,'1236','2019',219045);
INSERT INTO hmprojetos.servico values (119021,'PRS','PRS 2019.021','Planta para Usucapião','500','2x','Rua Projetada IX A','Boa Vista','Cachoeiro de Itapemirim','ES','','2019-06-21','2019-08-05',null,19036);
INSERT INTO hmprojetos.codigo_prefeitura values (225,'8582','2015',119021);
INSERT INTO hmprojetos.servico values (219044,'ASS','ASS 2019.044','Certidão Detalhada e Habite-se','300','2x','Rua Ernandes Duarte da Fonseca - N° 91','Agostinho Simonato','Cachoeiro de Itapemirim','ES','29311737','2019-06-18','2019-12-30',null,19002);
INSERT INTO hmprojetos.link_externo values (1117,'IPTU 56952','http://www2.cachoeiro.es.gov.br:8080/ZimWeb/servlet/ZII?connection=producao&program=pwci001&vudTipoDocum=9&vudNoDocum=56952&vexercicio=2019',219044);
INSERT INTO hmprojetos.link_externo values (1118,'CND 56952','http://www2.cachoeiro.es.gov.br:8080/ZimWeb/servlet/ZII?vudTipoDocum=3&vudNoDocum=56952&debug=true&connection=producao&program=pwud001&template=%28vudTipoDocum%2CvudNoDocum%2CvudFinalidade%29&B1=Pesquisar',219044);
INSERT INTO hmprojetos.codigo_prefeitura values (226,'24733','2019',219044);
INSERT INTO hmprojetos.codigo_prefeitura values (227,'24733','2019',219044);
INSERT INTO hmprojetos.servico values (119020,'PRS','PRS 2019.020','Retificação de Área - Lote 37 quadra 35','','','Rua Agostinho Madureira - lote 37quadra 35','Gilberto Machado','Cachoeiro de Itapemirim','ES','29303239','2019-06-13',null,null,16070);
INSERT INTO hmprojetos.link_externo values (1119,'IPTU 90989','http://www2.cachoeiro.es.gov.br:8080/ZimWeb/servlet/ZII?connection=producao&program=pwci001&vudTipoDocum=9&vudNoDocum=90989&vexercicio=2019',119020);
INSERT INTO hmprojetos.link_externo values (1120,'CND 90989','http://www2.cachoeiro.es.gov.br:8080/ZimWeb/servlet/ZII?vudTipoDocum=3&vudNoDocum=90989&debug=true&connection=producao&program=pwud001&template=%28vudTipoDocum%2CvudNoDocum%2CvudFinalidade%29&B1=Pesquisar',119020);
INSERT INTO hmprojetos.servico values (219043,'ASS','ASS 2019.043','Averbação de Imóvel - Cartório','400','2x','Rua Apóstolo Tiago Menor, 26/28','Rui Pinto Bandeira','Cachoeiro de Itapemirim','ES','29315794','2019-06-13','2019-07-13',null,15413);
INSERT INTO hmprojetos.servico values (119019,'PRS','PRS 2019.019','Retificação de Área','700','2x','Rua Francisco Pereira Basilio, s/nº','Distrito de Pacotuba','Cachoeiro de Itapemirim','ES','','2019-06-12',null,null,15200);
INSERT INTO hmprojetos.codigo_prefeitura values (228,'17671','2016',119019);
INSERT INTO hmprojetos.servico values (219042,'ASS','ASS 2019.042','Desarquivamento de Processo','200','','Rua São Sebastião - S/N°','Aeroporto ','Cachoeiro de Itapemirim','ES','29314110','2019-06-03','2019-08-03',null,19035);
INSERT INTO hmprojetos.codigo_prefeitura values (229,'21503','2019',219042);
INSERT INTO hmprojetos.servico values (19023,'PAQ','PAQ 2019.023','Construção Comercial','1600','','Rua José Rosa Machado, 194','Nossa Senhora de Fátima','Cachoeiro de Itapemirim','ES','29308610','2019-05-30','2019-08-20',null,19034);
INSERT INTO hmprojetos.link_externo values (1121,'IPTU 733','http://www2.cachoeiro.es.gov.br:8080/ZimWeb/servlet/ZII?connection=producao&program=pwci001&vudTipoDocum=9&vudNoDocum=733&vexercicio=2019',19023);
INSERT INTO hmprojetos.link_externo values (1122,'CND 733','http://www2.cachoeiro.es.gov.br:8080/ZimWeb/servlet/ZII?vudTipoDocum=3&vudNoDocum=733&debug=true&connection=producao&program=pwud001&template=%28vudTipoDocum%2CvudNoDocum%2CvudFinalidade%29&B1=Pesquisar',19023);
INSERT INTO hmprojetos.servico values (219041,'ASS','ASS 2019.041','Cadastramento de IPTU','250','2x','Rua Projetada s/nº','Distrito de Gironda','Cachoeiro de Itapemirim','ES','','2019-05-28','2019-07-09',null,18083);
INSERT INTO hmprojetos.link_externo values (1123,'IPTU 82759','http://www2.cachoeiro.es.gov.br:8080/ZimWeb/servlet/ZII?connection=producao&program=pwci001&vudTipoDocum=9&vudNoDocum=82759&vexercicio=2019',219041);
INSERT INTO hmprojetos.link_externo values (1124,'CND 82759','http://www2.cachoeiro.es.gov.br:8080/ZimWeb/servlet/ZII?vudTipoDocum=3&vudNoDocum=82759&debug=true&connection=producao&program=pwud001&template=%28vudTipoDocum%2CvudNoDocum%2CvudFinalidade%29&B1=Pesquisar',219041);
INSERT INTO hmprojetos.servico values (19022,'PAQ','PAQ 2019.022','Regularização Residencial','600','2x','Rua Fotógrafo Guilherme, 153','Coramara','Cachoeiro de Itapemirim','ES','29313357','2019-05-27','2019-08-02',null,19033);
INSERT INTO hmprojetos.codigo_prefeitura values (230,'21344','2012',19022);
INSERT INTO hmprojetos.servico values (19020,'PAQ','PAQ 2019.020','Construção Religiosa','','','Rua Santa Catarina','Por do sol','Cachoeiro de Itapemirim','ES','29315826','2019-05-11',null,null,19031);
INSERT INTO hmprojetos.servico values (119018,'PRS','PRS 2019.018','Desmembramento de Área','400','2x','Rodovia do Contorno','Centro','Atílio Vivacqua','ES','','2019-05-14',null,null,19030);
INSERT INTO hmprojetos.servico values (219037,'ASS','ASS 2019.037','Renovação de Alvará','160','2x','Rua Eduardo Gomes - N° 46/52','Ibitiquara','Cachoeiro de Itapemirim','ES','29307230','2019-05-08','2019-07-16',null,15133);
INSERT INTO hmprojetos.codigo_prefeitura values (231,'18708','2019',219037);
INSERT INTO hmprojetos.servico values (19017,'PAQ','PAQ 2019.017','Projeto Muro de  Arrimo','1500','','Dr. Ubaldo Caetano Gonçalves','Nossa Senhora Aparecida','Cachoeiro de Itapemirim','ES','29306747','2019-04-16','2019-08-30',null,19027);
INSERT INTO hmprojetos.servico values (119015,'PRS','PRS 2019.015','Retificação de Área','1200','','Rua Alípio Paulo','Centro','Piúma','ES','','2019-04-22',null,null,18082);
INSERT INTO hmprojetos.servico values (19016,'PAQ','PAQ 2019.016','','','','','','','','',null,null,null,18026);
INSERT INTO hmprojetos.servico values (219034,'ASS','ASS 2019.034','Declaração de Área do Terreno','200','','Rodovia BR 482 ','Marbrasa','Cachoeiro de Itapemirim','ES','','2019-04-11','2019-06-25',null,19026);
INSERT INTO hmprojetos.codigo_prefeitura values (232,'1826','2018',219034);
INSERT INTO hmprojetos.servico values (219029,'ASS','ASS 2019.029','Elaboração de Escritura','','','Loteamento Vila Anchieta','Gilberto Machado','Cachoeiro de Itapemirim','ES','','2019-04-05',null,null,19023);
INSERT INTO hmprojetos.codigo_prefeitura values (233,'20047','2019',219029);
INSERT INTO hmprojetos.servico values (119014,'PRS','PRS 2019.014','Planta para Usucapião','','','Rua Ernandes duarte da Fonseca','Agostinho Simonato','Cachoeiro de Itapemirim','ES','','2019-03-22',null,null,16052);
INSERT INTO hmprojetos.servico values (119013,'PRS','PRS 2019.013','Planta para Usucapião','250','1x','Rua Feliciano Marinato','São Geraldo','Cachoeiro de Itapemirim','ES','29314660','2019-04-10','2019-05-14',null,18070);
INSERT INTO hmprojetos.servico values (19015,'PAQ','PAQ 2019.015','Croqui Arquitetônico','50','1x','Rua Pref. Epaminondas de Almeida, 181','Parque da Areia Preta','Guarapari','ES','','2019-04-07','2019-04-12',null,18056);
INSERT INTO hmprojetos.servico values (19014,'PAQ','PAQ 2019.014','Regularização - Clube de Lazer','7350','3x','Rodovia Cachoeiro x Frade Km 9 - ES 488','Poço Dantas','Cachoeiro de Itapemirim','ES','','2019-02-26',null,null,19021);
INSERT INTO hmprojetos.servico values (19013,'PAQ','PAQ 2019.013','Construção Religiosa - Torre','450','2x','Rua Paulina Simonato, 98','Agostinho Simonato','Cachoeiro de Itapemirim','ES','','2018-10-19',null,null,05003);
INSERT INTO hmprojetos.servico values (219022,'ASS','ASS 2019.022','2ª via Certidão Detalhada e Habite-se','500','2x','Escadaria José Mote de Lima, 23 a 31','Amaral','Cachoeiro de Itapemirim','ES','29305140','2019-04-01',null,null,15088);
INSERT INTO hmprojetos.servico values (219020,'ASS','ASS 2019.020','Localização IPTU e Outros','400','','Rua Jeronimo Ribeiro, nº 81','Amarelo','Cachoeiro de Itapemirim','ES','29304632','2019-03-27',null,null,15862);
INSERT INTO hmprojetos.servico values (219018,'ASS','ASS 2019.018','Elaborar ART','','','Rua Siqueira Campos','Ibitiquara','Cachoeiro de Itapemirim','ES','','2019-03-21','2019-04-30',null,19008);
INSERT INTO hmprojetos.servico values (19012,'PAQ','PAQ 2019.012','Construção Residencial','2000','5x','Rua projetada','Menino Jesus','Muniz Freire','ES','','2019-03-07',null,null,19018);
INSERT INTO hmprojetos.servico values (219017,'ASS','ASS 2019.017','CND - Receita Federal','500','2x','Rua Alziro Viana, 170','Aquidaban','Cachoeiro de Itapemirim','ES','29308110','2019-03-21',null,null,19017);
INSERT INTO hmprojetos.servico values (219015,'ASS','ASS 2019.015','Restituição de ITIBI','500','2x',' Fazenda Amaral','Zona Rural','Cachoeiro de Itapemirim','ES','','2019-03-11',null,null,18075);
INSERT INTO hmprojetos.servico values (19011,'PAQ','PAQ 2019.011','Construção Residencial','1200','4x','Rua Leontina Sedano da Costa','São Francisco de Assis','Cachoeiro de Itapemirim','ES','29317445','2019-03-12','2019-05-08',null,19016);
INSERT INTO hmprojetos.servico values (119012,'PRS','PRS 2019.012','Planta para Usucapião','400','2x','Beco José Barbosa de Sá  Filho','Aeroporto','Cachoeiro de Itapemirim','ES','29314003','2019-02-10','2019-07-05',null,19015);
INSERT INTO hmprojetos.servico values (119011,'PRS','PRS 2019.011','Croqui de Situação','800','','Rua Julio Facini, s/nº','Aeroporto','Cachoeiro de Itapemirim','ES','','2019-02-05','2019-05-25',null,15256);
INSERT INTO hmprojetos.servico values (219011,'ASS','ASS 2019.011','Alvará de Regularização','500','2x','Rua Projetada s/nº','Distrito de Gironda','Cachoeiro de Itapemirim','ES','29326000','2019-03-01',null,null,18083);
INSERT INTO hmprojetos.link_externo values (1125,'IPTU 82759','http://www2.cachoeiro.es.gov.br:8080/ZimWeb/servlet/ZII?connection=producao&program=pwci001&vudTipoDocum=9&vudNoDocum=82759&vexercicio=2019',219011);
INSERT INTO hmprojetos.link_externo values (1126,'CND 82759','http://www2.cachoeiro.es.gov.br:8080/ZimWeb/servlet/ZII?vudTipoDocum=3&vudNoDocum=82759&debug=true&connection=producao&program=pwud001&template=%28vudTipoDocum%2CvudNoDocum%2CvudFinalidade%29&B1=Pesquisar',219011);
INSERT INTO hmprojetos.codigo_prefeitura values (234,'20266','2019',219011);
INSERT INTO hmprojetos.servico values (119010,'PRS','PRS 2019.010','Levantamento Planialtimétrico','1200','','Rua Padre Mello, 25','Independência','Cachoeiro de Itapemirim','ES','29306340','2019-02-15','2019-06-25',null,18082);
INSERT INTO hmprojetos.servico values (19010,'PAQ','PAQ 2019.010','Construção Residencial','2000','5x','Rua Alberto Borelli, 120','Caiçara','Cachoeiro de Itapemirim','ES','29310313','2019-01-29','2019-10-21',null,19012);
INSERT INTO hmprojetos.codigo_prefeitura values (235,'17642','2019',19010);
INSERT INTO hmprojetos.servico values (19009,'PAQ','PAQ 2019.009','Construção Residencial','800','2x','BR 101','São José','Atilio Vivacqua','ES','','2019-02-14','2019-06-11',null,15138);
INSERT INTO hmprojetos.servico values (119009,'PRS','PRS 2019.009','Levantamento Topográfico','3500','3x','Estrada Córrego do Macaco','Distrito de Itaoca','Cachoeiro de Itapemirim','ES','','2019-02-06','2019-04-12',null,19010);
INSERT INTO hmprojetos.servico values (19008,'PAQ','PAQ 2019.008','Construção Residencial','1800','2x','Rua Áurea Cabral França - N° 12','Coramara','Cachoeiro de Itapemirim','ES','29313345','2019-02-08','2019-05-15',null,18074);
INSERT INTO hmprojetos.servico values (19007,'PAQ','PAQ 2019.007','Construção Residencial / Comercial','','','Rua: João Ribeiro dos Reis n°78','São Francisco de Assis','Cachoeiro de Itapemirim','ES','29317476','2019-02-11',null,null,17029);
INSERT INTO hmprojetos.servico values (219008,'ASS','ASS 2019.008','Confecção de Recibo','50','','Rua Isaac Aguiar ','São Lucas','Cachoeiro de Itapemirim','ES','29313716','2019-02-11','2019-02-14',null,19009);
INSERT INTO hmprojetos.servico values (219007,'ASS','ASS 2019.007','Alvará de Construção','500','2x','Rua Siqueira Campos, 15','Ibitiquara','Cachoeiro de Itapemirim','ES','29307220','2019-02-09',null,null,19008);
INSERT INTO hmprojetos.codigo_prefeitura values (236,'1744','2019',219007);
INSERT INTO hmprojetos.servico values (219006,'ASS','ASS 2019.006','CND - Receita Federal','400','2x','Rua Apóstolo Tiago Menor, 26/28','Rui Pinto Bandeira','Cachoeiro de Itapemirim','ES','29315794','2019-01-29','2019-06-14',null,15413);
INSERT INTO hmprojetos.servico values (119006,'PRS','PRS 2019.006','Planta para Usucapião','500','2x','Rua Maria Jorge Viana, 32','Areias Negras','Marataízes','ES','29345000','2019-01-30','2019-04-30',null,19005);
INSERT INTO hmprojetos.servico values (119005,'PRS','PRS 2019.005','Croqui de Situação','1200','2x','Rodovia do Contorno','Centro','Atílio Vivacqua','ES','','2019-01-23',null,null,19003);
INSERT INTO hmprojetos.servico values (19005,'PAQ','PAQ 2019.005','Muro de Arrimo','3000','4x','Omária Fosse Ferreira - N° 9','IBC','Cachoeiro de Itapemirim','ES','29315330','2019-01-07','2019-03-12',null,15511);
INSERT INTO hmprojetos.servico values (19004,'PAQ','PAQ 2019.004','Construção Residencial - Lazer','300','','Rua Márcio Vítor Moura Souza - N° 14','Doutor Gilberto Machado','Cachoeiro de Itapemirim','ES','29303217','2018-11-20','2019-08-01',null,17061);
INSERT INTO hmprojetos.servico values (219004,'ASS','ASS 2019.004','Acompanhamento de Usucapião','4800','6x','Rua Feliciano Marinato','São Geraldo','Cachoeiro de Itapemirim','ES','29314660','2018-12-28',null,null,18070);
INSERT INTO hmprojetos.servico values (119004,'PRS','PRS 2019.004','Planta para Usucapião','500','','Rua Feliciano Marinato','São Geraldo','Cachoeiro de Itapemirim','ES','29314660','2018-12-28','2019-01-28',null,18070);
INSERT INTO hmprojetos.servico values (19002,'PAQ','PAQ 2019.002','Construção Residencial','1500','1x','','Alto Eucalipto','Cachoeiro de Itapemirim','ES','','1900-01-11','2019-03-01',null,15290);
INSERT INTO hmprojetos.codigo_prefeitura values (237,'7639','2019',19002);
INSERT INTO hmprojetos.servico values (219003,'ASS','ASS 2019.003','Alvará de Regularização','600','1x','Rodovia Ricardo Barbieri, 94','Boa Vista','Cachoeiro de Itapemirim','ES','29315442','2019-01-14','2019-12-26',null,18079);
INSERT INTO hmprojetos.link_externo values (1127,'IPTU 6650','http://www2.cachoeiro.es.gov.br:8080/ZimWeb/servlet/ZII?connection=producao&program=pwci001&vudTipoDocum=9&vudNoDocum=6650&vexercicio=2019',219003);
INSERT INTO hmprojetos.link_externo values (1128,'CND 6650','http://www2.cachoeiro.es.gov.br:8080/ZimWeb/servlet/ZII?vudTipoDocum=3&vudNoDocum=6650&debug=true&connection=producao&program=pwud001&template=%28vudTipoDocum%2CvudNoDocum%2CvudFinalidade%29&B1=Pesquisar',219003);
INSERT INTO hmprojetos.codigo_prefeitura values (238,'2048','2019',219003);
INSERT INTO hmprojetos.servico values (119003,'PRS','PRS 2019.003','Croqui de Situação - Área Luiz','350','','Sapecado','Distrito de Condurú','Cachoeiro de Itapemirim','ES','','2019-01-10','2019-02-25',null,18088);
INSERT INTO hmprojetos.servico values (119002,'PRS','PRS 2019.002','Croqui de Situação','1600','3x','Zona Rural','Sapecado - Conduru','Cachoeiro de Itapemirim','ES','','2019-01-05','2019-03-13',null,15172);
INSERT INTO hmprojetos.servico values (219001,'ASS','ASS 2019.001','Acompanhamento de Usucapião','3600','6x','Rua Deca Correia','Nossa Senhora da Glória','Cachoeiro de Itapemirim','ES','29303700','2019-01-03',null,null,17068);
INSERT INTO hmprojetos.servico values (118038,'PRS','PRS 2018.038','Retificação de Área','800','2x','Avenida Dr. Aristídes Campos, 583 ( Lote 21 Quadra 36 )','Gilberto Machado','Cachoeiro de Itapemirim','ES','29303377','2018-08-22','2019-09-17',null,18089);
INSERT INTO hmprojetos.link_externo values (1129,'IPTU 15204','http://www2.cachoeiro.es.gov.br:8080/ZimWeb/servlet/ZII?connection=producao&program=pwci001&vudTipoDocum=9&vudNoDocum=15204&vexercicio=2019',118038);
INSERT INTO hmprojetos.link_externo values (1130,'CND 15204','http://www2.cachoeiro.es.gov.br:8080/ZimWeb/servlet/ZII?vudTipoDocum=3&vudNoDocum=15204&debug=true&connection=producao&program=pwud001&template=%28vudTipoDocum%2CvudNoDocum%2CvudFinalidade%29&B1=Pesquisar',118038);
INSERT INTO hmprojetos.servico values (118037,'PRS','PRS 2018.037','Croqui de Situação','1200','2x','Zona  Rural','Sapecado','Cachoeiro de Itapemirim','ES','','2018-12-22','2019-01-10',null,18088);
INSERT INTO hmprojetos.servico values (18062,'PAQ','PAQ 2018.062','Substituição de Projeto','1280','3x','Rua Jessé de Freitas Tristão - N° 02','Abelardo Ferreira Machado','Cachoeiro de Itapemirim','ES','29309254','2018-12-17',null,null,18087);
INSERT INTO hmprojetos.servico values (18061,'PAQ','PAQ 2018.061','Regularização Residencial','3110','3x','Rua João Mucelini, 151','Maria Ortiz','Cachoeiro de Itapemirim','ES','29301480','2018-08-10',null,null,18086);
INSERT INTO hmprojetos.link_externo values (1131,'IPTU 10473 - 10474 - 10475','http://www2.cachoeiro.es.gov.br:8080/ZimWeb/servlet/ZII?connection=producao&program=pwci001&vudTipoDocum=9&vudNoDocum=10473 - 10474 - 10475&vexercicio=2019',18061);
INSERT INTO hmprojetos.link_externo values (1132,'CND 10473 - 10474 - 10475','http://www2.cachoeiro.es.gov.br:8080/ZimWeb/servlet/ZII?vudTipoDocum=3&vudNoDocum=10473 - 10474 - 10475&debug=true&connection=producao&program=pwud001&template=%28vudTipoDocum%2CvudNoDocum%2CvudFinalidade%29&B1=Pesquisar',18061);
INSERT INTO hmprojetos.servico values (218126,'ASS','ASS 2018.126','Alvará de Regularização','400','2x','Rodovia Eng. Fabiano Vivácqua - BR 482 , N° 1791','Lambari','Cachoeiro de Itapemirim','ES','29320899','2018-12-13',null,null,18053);
INSERT INTO hmprojetos.link_externo values (1133,'IPTU 84835','http://www2.cachoeiro.es.gov.br:8080/ZimWeb/servlet/ZII?connection=producao&program=pwci001&vudTipoDocum=9&vudNoDocum=84835&vexercicio=2019',218126);
INSERT INTO hmprojetos.link_externo values (1134,'CND 84835','http://www2.cachoeiro.es.gov.br:8080/ZimWeb/servlet/ZII?vudTipoDocum=3&vudNoDocum=84835&debug=true&connection=producao&program=pwud001&template=%28vudTipoDocum%2CvudNoDocum%2CvudFinalidade%29&B1=Pesquisar',218126);
INSERT INTO hmprojetos.codigo_prefeitura values (239,'111','2019',218126);
INSERT INTO hmprojetos.servico values (118036,'PRS','PRS 2018.036','Retificação de Área (Anderson)','2000','5x','Rodovia BR 101','Zona Rural','Atílio Vivacqua','ES','','2018-12-12','2020-01-03',null,15380);
INSERT INTO hmprojetos.servico values (118035,'PRS','PRS 2018.035','Retificação de Área (Anderson)','2000','5x','Rodovia BR 101','Zona Rural','Atílio Vivacqua','ES','','2018-12-12',null,null,15380);
INSERT INTO hmprojetos.servico values (18060,'PAQ','PAQ 2018.060','Construção Residencial','','','Rua Nilton Fardin Perin, nº 63a65','Vila Rica ','Cachoeiro de Itapemirim','ES','29301017','2018-12-07',null,null,17063);
INSERT INTO hmprojetos.servico values (218123,'ASS','ASS 2018.123','Alvará de Regularização','700','2x','Rua João Natali - N° 08','Gilson Carone','Cachoeiro de Itapemirim','ES','29310513','2018-12-03','2019-09-06',null,18049);
INSERT INTO hmprojetos.link_externo values (1135,'IPTU 52689','http://www2.cachoeiro.es.gov.br:8080/ZimWeb/servlet/ZII?connection=producao&program=pwci001&vudTipoDocum=9&vudNoDocum=52689&vexercicio=2019',218123);
INSERT INTO hmprojetos.link_externo values (1136,'CND 52689','http://www2.cachoeiro.es.gov.br:8080/ZimWeb/servlet/ZII?vudTipoDocum=3&vudNoDocum=52689&debug=true&connection=producao&program=pwud001&template=%28vudTipoDocum%2CvudNoDocum%2CvudFinalidade%29&B1=Pesquisar',218123);
INSERT INTO hmprojetos.codigo_prefeitura values (240,'1467','2019',218123);
INSERT INTO hmprojetos.servico values (218122,'ASS','ASS 2018.122','Alvará de Regularização','500','2x','Rua Jaoa Bolognini, 13/17','Agostinho Simonato','Cachoeiro de Itapemirim','ES','29311751','2018-11-29',null,null,18052);
INSERT INTO hmprojetos.codigo_prefeitura values (241,'49522','2018',218122);
INSERT INTO hmprojetos.servico values (18059,'PAQ','PAQ 2018.059','Reforma Religiosa','','','Rua Nazira Ginaid Felipe - S/N','Boa Esperança','Cachoeiro de Itapemirim','ES','29312462','2018-11-24','2019-03-07',null,15192);
INSERT INTO hmprojetos.servico values (18058,'PAQ','PAQ 2018.058','Regularização Religiosa','3500','7x','Rua Projetada s/nº','Distrito de Gironda','Cachoeiro de Itapemirim','ES','','2018-11-13','2019-03-01',null,18083);
INSERT INTO hmprojetos.servico values (18057,'PAQ','PAQ 2018.057','Construção Residencial - 2º Pavimento','250','','Rodovia Ricardo Barbieri ES 489, 19 a 25  - Cachoeiro x Atilio Vivacqua','Boa Vista','Cachoeiro de Itapemirim','ES','29315442','2018-11-23','2019-01-30',null,15340);
INSERT INTO hmprojetos.servico values (18056,'PAQ','PAQ 2018.056','Reforma Religiosa','1800','4x','Rua Maria de Assis Fagundes, 58','Boa Esperança','Cachoeiro de Itapemirim','ES','29312451','2018-11-23',null,null,15192);
INSERT INTO hmprojetos.link_externo values (1137,'IPTU 89608','http://www2.cachoeiro.es.gov.br:8080/ZimWeb/servlet/ZII?connection=producao&program=pwci001&vudTipoDocum=9&vudNoDocum=89608&vexercicio=2019',18056);
INSERT INTO hmprojetos.link_externo values (1138,'CND 89608','http://www2.cachoeiro.es.gov.br:8080/ZimWeb/servlet/ZII?vudTipoDocum=3&vudNoDocum=89608&debug=true&connection=producao&program=pwud001&template=%28vudTipoDocum%2CvudNoDocum%2CvudFinalidade%29&B1=Pesquisar',18056);
INSERT INTO hmprojetos.servico values (218119,'ASS','ASS 2018.119','','','','','','','','',null,null,null,15088);
INSERT INTO hmprojetos.servico values (218118,'ASS','ASS 2018.118','Acompanhamento de Processo','','','Basílio Pimenta','Basiléia','Cachoeiro de Itapemirim','ES','29302813','2018-09-29',null,null,18082);
INSERT INTO hmprojetos.codigo_prefeitura values (242,'30706','2016',218118);
INSERT INTO hmprojetos.servico values (218117,'ASS','ASS 2018.117','CND Demolição - Receita Federal','300','2x','Rua Lauro Lima, nº 169 a 171','Amaral','Cachoeiro de Itapemirim','ES','29305120','2018-11-20','2019-05-28',null,15427);
INSERT INTO hmprojetos.servico values (218116,'ASS','ASS 2018.116','Cadastramento de Imóvel','300','2x','Rua Agapito Cola, 32','Caiçara','Cachoeiro de Itapemirim','ES','','2018-11-20',null,null,15006);
INSERT INTO hmprojetos.codigo_prefeitura values (243,'45646','2018',218116);
INSERT INTO hmprojetos.codigo_prefeitura values (244,'49532','2018',218116);
INSERT INTO hmprojetos.servico values (218115,'ASS','ASS 2018.115','Contrato Compra e Venda','400','','Rua Jerônimo Ribeiro - 392','Alto Amarelo','Cachoeiro de Itapemirim','ES','','2018-11-19',null,null,18073);
INSERT INTO hmprojetos.servico values (218114,'ASS','ASS 2018.114','','','','','','','','',null,null,null,17063);
INSERT INTO hmprojetos.servico values (218113,'ASS','ASS 2018.113','Pesquisa de áreas','300','1x','','Teixeira Leite / Coramara / Aeroporto','Cachoeiro de Itapemirim','ES','','2018-11-19','2019-05-06',null,18080);
INSERT INTO hmprojetos.servico values (218112,'ASS','ASS 2018.112','Transferência de Titularidade de Projeto','300','2x','Rua Jerônimo Ribeiro - N° 392','Alto Amarelo','Cachoeiro de Itapemirim','ES','29304377','2018-11-19',null,null,18073);
INSERT INTO hmprojetos.servico values (18053,'PAQ','PAQ 2018.053','Regularização Residencial - 3° Pavimento','1500','3x','Rua Capitão José Vieira, Nº 83 à 85','Vila Rica','Cachoeiro de Itapemirim','ES','','2018-11-01','2018-12-21',null,18037);
INSERT INTO hmprojetos.servico values (18052,'PAQ','PAQ 2018.052','Regularização Residencial','1300','2x','Rua Validoro Giro, Nº 11 à 13','São Geraldo','Cachoeiro de Itapemirim','ES','29314680','2018-11-10','2019-10-04',null,18009);
INSERT INTO hmprojetos.servico values (18050,'PAQ','PAQ 2018.050','Construção Apoio Religioso','','','Zona Rural','Corrégo da Fama','Atílio Vivácqua','ES','29490000','2018-10-30','2019-11-14',null,18078);
INSERT INTO hmprojetos.servico values (218110,'ASS','ASS 2018.110','Certidão Detalhada e Habite-se','3200','4x','Randolpho Saturnino de Freitas - N° 52','Santo Antônio','Cachoeiro de Itapemirim','ES','29300480','2018-11-05','2019-10-21',null,18076);
INSERT INTO hmprojetos.servico values (218109,'ASS','ASS 2018.109','Solicitar Assinatura','400','2x','Rua Moreira - N° 370 / 376','Coronel Borges','Cachoeiro de Itapemirim','ES','29306014','2018-11-01','2019-07-18',null,16035);
INSERT INTO hmprojetos.servico values (218108,'ASS','ASS 2018.108','CND - Receita Federal','300','2x','Rua Florcinda leal, 36','Centro','Atílio Vivacqua','ES','29490000','2018-10-30','2019-02-27',null,18046);
INSERT INTO hmprojetos.servico values (118032,'PRS','PRS 2018.032','Planta para Usucapião - Extrajudicial','800','2x','Av. José Carone, 552','Praia de Iriri','Anchieta','ES','','2018-10-02',null,null,18057);
INSERT INTO hmprojetos.servico values (218105,'ASS','ASS 2018.105','Acompanhamento de Usucapião','4100','5X',' Fazenda Amaral','Zona Rural','Cachoeiro de Itapemirim','ES','','2018-09-14',null,null,18075);
INSERT INTO hmprojetos.servico values (218103,'ASS','ASS 2018.103','Acompanhamento de Processo','400','2x','Rua Áurea Cabral França - N° 12','Coramara','Cachoeiro de Itapemirim','ES','29313345','2018-10-24',null,null,18074);
INSERT INTO hmprojetos.codigo_prefeitura values (245,'42061','2015',218103);
INSERT INTO hmprojetos.codigo_prefeitura values (246,'6950','2015',218103);
INSERT INTO hmprojetos.servico values (218100,'ASS','ASS 2018.100','Licença para Construção','','','Rua Nazira Ginaíd Felipe, S/N ','Boa Esperança','Cachoeiro de Itapemirim','ES','29312462','2018-10-22','2018-10-31',null,15192);
INSERT INTO hmprojetos.servico values (218099,'ASS','ASS 2018.099','Licença para Substituição','700','2x','Rua Álvaro Ramos - N° 212/214','Recanto','Cachoeiro de Itapemirim','ES','29303040','2018-10-24','2019-07-02',null,15712);
INSERT INTO hmprojetos.codigo_prefeitura values (247,'49520','2018',218099);
INSERT INTO hmprojetos.servico values (18048,'PAQ','PAQ 2018.048','Croqui Arquitetônico','200','','Rod. Safra x Cachoeiro - KM 482, s/nº','Tijuca','Cachoeiro de Itapemirim','ES','','2018-10-23','2018-11-01',null,15042);
INSERT INTO hmprojetos.servico values (218098,'ASS','ASS 2018.098','Revisão de Valores e Inclusão Número de Apartamentos','300','','Rua Espirito Santo, nº 135','Amarelo','Cachoeiro de Itapemirim','ES','29314715','2018-10-16','2019-08-20',null,15840);
INSERT INTO hmprojetos.codigo_prefeitura values (248,'40856','2018',218098);
INSERT INTO hmprojetos.servico values (218096,'ASS','ASS 2018.096','Alvará de Construção - Lia e Paulo Sérgio','400','2x','Rua Angelo Rigo - lote 03 - Quada D','IBC','Cachoeiro de Itapemirim','ES','','2018-10-16','2019-12-16',null,15166);
INSERT INTO hmprojetos.codigo_prefeitura values (249,'24419','2017',218096);
INSERT INTO hmprojetos.servico values (218095,'ASS','ASS 2018.095','Alvará de Construção - Muro','400','2x','Av. Cristiano Dias Lopes, 34','Gilberto Machado','Cachoeiro de Itapemirim','ES','29303320','2018-10-16','2019-02-26',null,18071);
INSERT INTO hmprojetos.codigo_prefeitura values (250,'40935','2018',218095);
INSERT INTO hmprojetos.servico values (118031,'PRS','PRS 2018.031','Croqui de Situação','300','','Rua Feliciano Marinato','São Geraldo','Cachoeiro de Itapemirim','ES','29314660','2018-10-08','2019-01-02',null,18070);
INSERT INTO hmprojetos.servico values (18046,'PAQ','PAQ 2018.046','Regularização Comercial','500','2x','Rua Benedito Viana, 8','Nossa Senhora de Fátima','Cachoeiro de Itapemirim','ES','','2018-10-09','2019-01-22',null,18068);
INSERT INTO hmprojetos.servico values (18045,'PAQ','PAQ 2018.045','Construção Comercial','500','','','','Cachoeiro de Itapemirim','ES','','2018-10-08','2018-10-09',null,18067);
INSERT INTO hmprojetos.servico values (18041,'PAQ','PAQ 2018.041','Regularização Residencial e Comercial','6000','6x','Rod. Gumercindo Moura Nunes - KM 10','Soturno','Cachoeiro de Itapemirim','ES','29300000','2018-10-03','2019-04-02',null,18061);
INSERT INTO hmprojetos.servico values (18040,'PAQ','PAQ 2018.040','Regularização Comercial','2700','3x','Rodovia Gumercino Moura Nunes - KM 11','Sambra ','Cachoeiro de Itapemirim','ES','','2018-09-18','2019-01-15',null,18060);
INSERT INTO hmprojetos.servico values (18039,'PAQ','PAQ 2018.039','Reforma Comercial','1000','2x','Avenida Monte Castelo, 9','Independência','Cachoeiro de Itapemirim','ES','29306500','2018-09-24','2018-12-11',null,18055);
INSERT INTO hmprojetos.servico values (218093,'ASS','ASS 2018.093','Alvará / Habite-se / Certidão Detalhada','500','2x','Rua Florcinda leal, 36','Centro','Atílio Vivacqua','ES','29490000','2018-09-27','2018-10-30',null,18046);
INSERT INTO hmprojetos.servico values (18038,'PAQ','PAQ 2018.038','Construção Residencial','4200','4x','Rua Venceslau Braz, 09','Alto Independência','Cachoeiro de Itapemirim','ES','',null,null,null,18059);
INSERT INTO hmprojetos.servico values (218092,'ASS','ASS 2018.092','Divisão amigável - Cartório','4500','6x','Rodovia Eng. Fabiano Vivacqua, BR 482 - km 08','Lambari','Cachoeiro de Itapemirim','ES','','2018-09-24',null,null,17035);
INSERT INTO hmprojetos.servico values (218091,'ASS','ASS 2018.091','Unificação - Cartório','300','2X','Rua coelho Mello,n°27','Independência','Cachoeiro de Itapemirim','ES','','2018-09-24','2018-11-28',null,15178);
INSERT INTO hmprojetos.servico values (18037,'PAQ','PAQ 2018.037','Substituição de Projeto','1300','2x','Rodovia Ricardo Barbieri, KM 489 - N° 187  ','Rui Pinto Bandeira','Cachoeiro de Itapemirim','ES','29314195','2018-08-17','2019-03-13',null,18058);
INSERT INTO hmprojetos.servico values (218089,'ASS','ASS 2018.089','Acompanhamento de Usucapião - Extrajudicial','3500','3x','Av. José Carone, 552','Praia de Iriri','Anchieta','ES','','2018-08-28',null,null,18057);
INSERT INTO hmprojetos.servico values (18036,'PAQ','PAQ 2018.036','Croqui Arquitetônico','50','','Rua: Reinaldo Machado, 112 - 2 andar','Recanto','Cachoeiro de Itapemirim','ES','','2018-09-13','2018-09-14',null,18056);
INSERT INTO hmprojetos.servico values (218087,'ASS','ASS 2018.087','Retificação de Área - Cartório','1500','3x','Rua Diogenes Costa, 429','Iriri','Anchieta','ES','29230000','2018-08-29',null,null,18054);
INSERT INTO hmprojetos.servico values (218084,'ASS','ASS 2018.084','Averbação de Imóvel - Cartório','800','2x','Rua Lucínia Braga Machado - N° 157/159','Abelardo Ferreira Machado','Cachoeiro de Itapemirim','ES','29309285','2018-09-11','2018-10-19',null,09004);
INSERT INTO hmprojetos.servico values (218083,'ASS','ASS 2018.083','Alvará de Construção - Muro','400','2x','Rodovia Eng. Fabiano Vivácqua - BR 482 , 1791','Lambari','Cachoeiro de Itapemirim','ES','29320899','2018-09-11',null,null,18053);
INSERT INTO hmprojetos.link_externo values (1139,'IPTU 84835','http://www2.cachoeiro.es.gov.br:8080/ZimWeb/servlet/ZII?connection=producao&program=pwci001&vudTipoDocum=9&vudNoDocum=84835&vexercicio=2019',218083);
INSERT INTO hmprojetos.link_externo values (1140,'CND 84835','http://www2.cachoeiro.es.gov.br:8080/ZimWeb/servlet/ZII?vudTipoDocum=3&vudNoDocum=84835&debug=true&connection=producao&program=pwud001&template=%28vudTipoDocum%2CvudNoDocum%2CvudFinalidade%29&B1=Pesquisar',218083);
INSERT INTO hmprojetos.codigo_prefeitura values (251,'46300','2018',218083);
INSERT INTO hmprojetos.servico values (18034,'PAQ','PAQ 2018.034','Regularização Comercial','400',' ','Rodovia Eng. Fabiano Vivácqua - BR 482 , 1791','Lambari','Cachoeiro de Itapemirim','ES','29320899','2018-09-06','2019-01-18',null,18053);
INSERT INTO hmprojetos.link_externo values (1141,'IPTU 84835','http://www2.cachoeiro.es.gov.br:8080/ZimWeb/servlet/ZII?connection=producao&program=pwci001&vudTipoDocum=9&vudNoDocum=84835&vexercicio=2019',18034);
INSERT INTO hmprojetos.link_externo values (1142,'CND 84835','http://www2.cachoeiro.es.gov.br:8080/ZimWeb/servlet/ZII?vudTipoDocum=3&vudNoDocum=84835&debug=true&connection=producao&program=pwud001&template=%28vudTipoDocum%2CvudNoDocum%2CvudFinalidade%29&B1=Pesquisar',18034);
INSERT INTO hmprojetos.servico values (10144,'PAQ','PAQ 2010.144','Construção Residencial - Dois Pavimentos','','','Rua Projetada 01','São Geraldo','Cachoeiro de Itapemirim','ES','','2010-11-26','2011-05-16',null,15618);
INSERT INTO hmprojetos.codigo_prefeitura values (252,'17691','2011',10144);
INSERT INTO hmprojetos.servico values (113061,'PRS','PRS 2013.061','','','','','','','','',null,null,null,18082);
INSERT INTO hmprojetos.servico values (218080,'ASS','ASS 2018.080','Cadastramento de imóvel - IPTU','145','','Rua Jacomo Silotti, s/nº','Distrito de Vargem Grande de Soturno','Distrito de Vargem Grande ','ES','','2018-08-08',null,null,16081);
INSERT INTO hmprojetos.servico values (118024,'PRS','PRS 2018.024','Retificação de Área','600','','Rua Samuel Duarte, 81','Santo Antônio','Cachoeiro de Itapemirim','ES','29300550','2018-07-29',null,null,17051);
INSERT INTO hmprojetos.servico values (18031,'PAQ','PAQ 2018.031','Construção Religiosa - Cantina e Salas','600','3x','Rua Maria Firmina Santana, nº11','São Lucas','Cachoeiro de Itapemirim','ES','','2018-07-21','2018-11-19',null,15223);
INSERT INTO hmprojetos.servico values (118023,'PRS','PRS 2018.023','Croqui de Situação','800','','Av. Rubens Rangel','Santa Rita','Marataízes','ES','','2018-12-06','2019-09-20',null,18085);
INSERT INTO hmprojetos.servico values (118022,'PRS','PRS 2018.022','Planta para Usucapião','480','','Rua Adelino Della Bella - N° 44','Alto Monte Cristo','Cachoeiro de Itapemirim','ES','29312211','2018-12-11','2019-08-14',null,15744);
INSERT INTO hmprojetos.servico values (18029,'PAQ','PAQ 2018.029','Regularização de Projeto','550','2X','Rua Guido carletti, 18','Teixeira Leite','Cachoeiro de Itapemirim','ES','29310260','2018-07-30',null,null,18047);
INSERT INTO hmprojetos.codigo_prefeitura values (253,'16810','2016',18029);
INSERT INTO hmprojetos.servico values (18028,'PAQ','PAQ 2018.028','Construção Religiosa','5420,52','5x 1.134,00','BR 101 - Km 432','Flecheiras','Atilio Vivacqua','ES','29490000','2018-07-27','2019-10-12',null,17033);
INSERT INTO hmprojetos.servico values (18027,'PAQ','PAQ 2018.027','Regularização Residencial','1500','3x','Rua Ernandes Duarte Fonseca 121','Agostinho Simonato','Cachoeiro de Itapemirim','ES','29311737','2018-05-29','2019-11-18',null,99001);
INSERT INTO hmprojetos.link_externo values (1143,'IPTU 57066','http://www2.cachoeiro.es.gov.br:8080/ZimWeb/servlet/ZII?connection=producao&program=pwci001&vudTipoDocum=9&vudNoDocum=57066&vexercicio=2019',18027);
INSERT INTO hmprojetos.link_externo values (1144,'CND 57066','http://www2.cachoeiro.es.gov.br:8080/ZimWeb/servlet/ZII?vudTipoDocum=3&vudNoDocum=57066&debug=true&connection=producao&program=pwud001&template=%28vudTipoDocum%2CvudNoDocum%2CvudFinalidade%29&B1=Pesquisar',18027);
INSERT INTO hmprojetos.servico values (18026,'PAQ','PAQ 2018.026','Alvará de Regularização','1800','2x','Rua Florcinda Leal - N° 36','Centro','Atílio Vivácqua','ES','29490000','2018-07-06','2018-09-27',null,18046);
INSERT INTO hmprojetos.servico values (218074,'ASS','ASS 2018.074','Alvará de Substituição','800','2x','Av. Mauro Miranda Madureira, 97/113','Teixeira Leite','Cachoeiro de Itapemirim','ES','29310290','2018-07-24',null,null,18045);
INSERT INTO hmprojetos.codigo_prefeitura values (254,'16273','2019',218074);
INSERT INTO hmprojetos.servico values (218072,'ASS','ASS 2018.072','Acompanhamento de Processo - Desmembramento','400','2x','Rua Paulo Ribeiro da Silva, 42/46','Monte Cristo','Cachoeiro de Itapemirim','ES','','2018-07-19','2018-12-06',null,18044);
INSERT INTO hmprojetos.codigo_prefeitura values (255,'10326','2016',218072);
INSERT INTO hmprojetos.servico values (118017,'PRS','PRS 2018.017','Planta para Usucapião','800','2x','','Amarelo','Cachoeiro de Itapemirim','ES','','2018-07-13','2018-07-27',null,18043);
INSERT INTO hmprojetos.servico values (18025,'PAQ','PAQ 2018.025','Regularização Residencial','2300','','Rua Romildo Leal Rezende,17','Monte Cristo','Cachoeiro de Itapemirim','ES','29312015','2018-07-17','2019-01-14',null,18042);
INSERT INTO hmprojetos.codigo_prefeitura values (256,'28198','2018',18025);
INSERT INTO hmprojetos.servico values (218070,'ASS','ASS 2018.070','Renovação de Alvará','150','2x','Rua Clara Malfacini Mucelini, 97/101','Jardim Itapemirim','Cachoeiro de Itapemirim','ES','','2018-07-13',null,null,15345);
INSERT INTO hmprojetos.codigo_prefeitura values (257,'28314','2018',218070);
INSERT INTO hmprojetos.servico values (118016,'PRS','PRS 2018.016','Planta de Situação','900','2x','Zona Rural','Rio Muqui','Itapemirim','ES','','2018-07-04','2018-09-10',null,18039);
INSERT INTO hmprojetos.servico values (218067,'ASS','ASS 2018.067','Alvará de Regularização do 3º Pavimento','','','Rua: Antônio Cardoso Coelho, n°06','Jardim Itapemirim','Cachoeiro de Itapemirim','ES','29315750','2018-07-04',null,null,17048);
INSERT INTO hmprojetos.codigo_prefeitura values (258,'43809','2018',218067);
INSERT INTO hmprojetos.codigo_prefeitura values (259,'43811','2018',218067);
INSERT INTO hmprojetos.servico values (118015,'PRS','PRS 2018.015','Desmembramento de Área','600','','Rua Augusto Golvalves Alves','Vila Rica','Cachoeiro de Itapemirim','ES','','2018-06-28','2018-09-25',null,18036);
INSERT INTO hmprojetos.servico values (18023,'PAQ','PAQ 2018.023','Projeto esquadrias ( Styllus )','100','','Rua Abel Santana','Gilson Carone','Cachoeiro de Itapemirim','ES','','2018-06-28','2018-08-09',null,15204);
INSERT INTO hmprojetos.servico values (218064,'ASS','ASS 2018.064','Renovação de Alvara','250','2x','Rua Godofredo Adversi, 18','Monte Cristo','Cachoeiro de Itapemirim','ES','29315709','2018-06-26','2019-04-09',null,16004);
INSERT INTO hmprojetos.codigo_prefeitura values (260,'47888','2018',218064);
INSERT INTO hmprojetos.servico values (118014,'PRS','PRS 2018.014','Retificação de Área','600','2x','Rua Marechal Mascarenhas de Moraes, 19','Santo Antônio','Cachoeiro de Itapemirim','ES','','2018-06-25',null,null,15156);
INSERT INTO hmprojetos.servico values (118013,'PRS','PRS 2018.013','','','','','','','','',null,null,null,18029);
INSERT INTO hmprojetos.servico values (218063,'ASS','ASS 2018.063','Responsabilidade Técnica Projeto','500','','Rua Ismael Vivacqua s/nº','Distrito de Conduru','Cachoeiro de Itapemirim','ES','29329000','2018-06-10','2018-06-23',null,18035);
INSERT INTO hmprojetos.servico values (218061,'ASS','ASS 2018.061','Retificação de Área - Prefeitura ( L18Q25 )','250','','Rua João Penha','Gilberto Machado','Cachoeiro de Itapemirim','ES','','2018-01-04','2019-07-11',null,16070);
INSERT INTO hmprojetos.link_externo values (1145,'IPTU 90506','http://www2.cachoeiro.es.gov.br:8080/ZimWeb/servlet/ZII?connection=producao&program=pwci001&vudTipoDocum=9&vudNoDocum=90506&vexercicio=2019',218061);
INSERT INTO hmprojetos.link_externo values (1146,'CND 90506','http://www2.cachoeiro.es.gov.br:8080/ZimWeb/servlet/ZII?vudTipoDocum=3&vudNoDocum=90506&debug=true&connection=producao&program=pwud001&template=%28vudTipoDocum%2CvudNoDocum%2CvudFinalidade%29&B1=Pesquisar',218061);
INSERT INTO hmprojetos.codigo_prefeitura values (261,'394','2018',218061);
INSERT INTO hmprojetos.servico values (218058,'ASS','ASS 2018.058','Cadastramento - IPTU ( L08Q37 )','250','','Rua Jorge A. Marão - lote 08 quadra 37','Gilberto Machado','Cachoeiro de Itapemirim','ES','29303232','2018-04-23','2018-07-16',null,16070);
INSERT INTO hmprojetos.link_externo values (1147,'IPTU 90978','http://www2.cachoeiro.es.gov.br:8080/ZimWeb/servlet/ZII?connection=producao&program=pwci001&vudTipoDocum=9&vudNoDocum=90978&vexercicio=2019',218058);
INSERT INTO hmprojetos.link_externo values (1148,'CND 90978','http://www2.cachoeiro.es.gov.br:8080/ZimWeb/servlet/ZII?vudTipoDocum=3&vudNoDocum=90978&debug=true&connection=producao&program=pwud001&template=%28vudTipoDocum%2CvudNoDocum%2CvudFinalidade%29&B1=Pesquisar',218058);
INSERT INTO hmprojetos.codigo_prefeitura values (262,'22596','2018',218058);
INSERT INTO hmprojetos.servico values (218057,'ASS','ASS 2018.057','Cadastramento - IPTU ( L09Q25 )','250','','Rua João Penha - lote 09 quadra 25','Gilberto Machado','Cachoeiro de Itapemirim','ES','','2018-04-23','2019-06-27',null,16070);
INSERT INTO hmprojetos.codigo_prefeitura values (263,'22595','2018',218057);
INSERT INTO hmprojetos.servico values (218056,'ASS','ASS 2018.056','Pesquisa Legislação - Parcelamento de Solo','150','','Rua H - lote 24 - Quadra R','Monte Cristo','Cachoeiro de Itapemirim','ES','','2018-05-21',null,null,18033);
INSERT INTO hmprojetos.servico values (18021,'PAQ','PAQ 2018.021','Regularização Residencial','2400','6x','Rua Delcides Ferreira Carvalho, 17/19','IBC','Cachoeiro de Itapemirim','ES','','2018-05-11',null,null,15583);
INSERT INTO hmprojetos.servico values (218054,'ASS','ASS 2018.054','Alvará de Regularização / Certidão e Habite-se','600','2x','Rua Apóstolo Pedro, 66/68','Rui Pinto Bandeira','Cachoeiro de Itapemirim','ES','29315798','2018-05-21','2019-04-12',null,18018);
INSERT INTO hmprojetos.servico values (218053,'ASS','ASS 2018.053','Substituição de Projeto','600','2x','Av. Caiçara, 104','Caiçara','Cachoeiro de Itapemirim','ES','29310346','2018-05-19',null,null,15211);
INSERT INTO hmprojetos.codigo_prefeitura values (264,'23096','2018',218053);
INSERT INTO hmprojetos.servico values (218047,'ASS','ASS 2018.047','Unificação de Área - Cartório','350','','Rua Dr. Justino Hemerly Elias, 142','Paraiso','Cachoeiro de Itapemirim','ES','29304170','2019-06-13','2019-09-23',null,17080);
INSERT INTO hmprojetos.link_externo values (1149,'IPTU 23608 - 25122','http://www2.cachoeiro.es.gov.br:8080/ZimWeb/servlet/ZII?connection=producao&program=pwci001&vudTipoDocum=9&vudNoDocum=23608 - 25122&vexercicio=2019',218047);
INSERT INTO hmprojetos.link_externo values (1150,'CND 23608 - 25122','http://www2.cachoeiro.es.gov.br:8080/ZimWeb/servlet/ZII?vudTipoDocum=3&vudNoDocum=23608 - 25122&debug=true&connection=producao&program=pwud001&template=%28vudTipoDocum%2CvudNoDocum%2CvudFinalidade%29&B1=Pesquisar',218047);
INSERT INTO hmprojetos.servico values (218045,'ASS','ASS 2018.045','Regularização , Habite se e Certidao','800','2x','Av. Julio Guidi, S/N','São Joséde Fruteiras','Vargem Alta','ES','','2018-05-04',null,null,17090);
INSERT INTO hmprojetos.servico values (18017,'PAQ','PAQ 2018.017','Construção Residencial','2000','4x','Rua Ricardo Ronqueti','Paraiso','Cachoeiro de Itapemirim','ES','','2018-04-23',null,null,15618);
INSERT INTO hmprojetos.servico values (18016,'PAQ','PAQ 2018.016','Regularização Residencial','','','Rua Wallace de Cássio Barbosa, 149/151','Village da Luz','Cachoeiro de Itapemirim','ES','29309390',null,null,null,15464);
INSERT INTO hmprojetos.servico values (218036,'ASS','ASS 2018.036','Alvará de Demolição','150','','Rua Coronel Borges, 73/79','Coronel Borges','Cachoeiro de Itapemirim','ES','29306100','2018-04-05','2018-07-27',null,18013);
INSERT INTO hmprojetos.codigo_prefeitura values (265,'44449','2018',218036);
INSERT INTO hmprojetos.servico values (18013,'PAQ','PAQ 2018.013','Reforma Residencial','2000','4x','Rua São Cristovão','Localidade de Inhauma','Anchieta','ES','','2018-03-30','2019-12-28',null,18022);
INSERT INTO hmprojetos.servico values (218032,'ASS','ASS 2018.032','Construção Residencial','700','2x','Fazenda Itabira','Zona Rural','Cachoeiro de Itapemirim','ES','29300970','2018-03-29',null,null,18021);
INSERT INTO hmprojetos.codigo_prefeitura values (266,'44454','2018',218032);
INSERT INTO hmprojetos.servico values (218030,'ASS','ASS 2018.030','Recibo de Compra e Venda','100','','Rua Acre, 13','Aquidaban','Cachoeiro de Itapemirim','ES','','2017-05-08','2017-05-12',null,18020);
INSERT INTO hmprojetos.servico values (218027,'ASS','ASS 2018.027','Acompanhamento de Usucapião','4500','6x','Avenida Miramar, 405','Centro','Marataízes','ES','29345000','2018-03-16',null,null,18010);
INSERT INTO hmprojetos.servico values (111067,'PRS','PRS 2011.067','Desmembramento de Área','','','Rua Paulina Simonato, 82','Agostinho Simonato','Cachoeiro de Itapemirim','ES','29311781',null,null,null,15629);
INSERT INTO hmprojetos.servico values (218024,'ASS','ASS 2018.024','','','','Rua Antônio Martins Carolino','Distrito de Itaoca','Cachoeiro de Itapemirim','ES','','2018-03-07','2018-03-07',null,09003);
INSERT INTO hmprojetos.servico values (18010,'PAQ','PAQ 2018.010','Construção Residencial - 5º Pavimento','1110','3x','Rua Pedro Quinelato, 65','Ferroviários','Cachoeiro de Itapemirim','ES','29308071','2018-03-01','2018-10-25',null,15869);
INSERT INTO hmprojetos.servico values (218022,'ASS','ASS 2018.022','','','','','','','','',null,null,null,18015);
INSERT INTO hmprojetos.servico values (218021,'ASS','ASS 2018.021','Retificação - Prefeitura','600','2x','Rua Alvaro Ramos','Recanto','Cachoeiro de Itapemirim','ES','','2017-06-12',null,null,18015);
INSERT INTO hmprojetos.codigo_prefeitura values (267,'8958','2013',218021);
INSERT INTO hmprojetos.codigo_prefeitura values (268,'13427','2013',218021);
INSERT INTO hmprojetos.servico values (18009,'PAQ','PAQ 2018.009','Reforma Religiosa','1500','3x','Rua José Bonifácio., 198','Baiminas','Cachoeiro de Itapemirim','ES','','2017-09-11',null,null,18014);
INSERT INTO hmprojetos.servico values (118005,'PRS','PRS 2018.005','Planta para Usucapião','1000','2x','Rua Coronel Borges','Independência','Cachoeiro de Itapemirim','ES','','2018-02-07','2018-05-09',null,15136);
INSERT INTO hmprojetos.servico values (18008,'PAQ','PAQ 2018.008','Construção Religiosa','3300','5x','Zona Rural','Itapecoá','Itapemirim','ES','','2018-01-13','2019-08-24',null,18011);
INSERT INTO hmprojetos.servico values (218014,'ASS','ASS 2018.014','Renovação de Alvará 1° e 2°','150','3x','Rua Pedro Quinelato, 65','Ferroviários','Cachoeiro de Itapemirim','ES','29308071','2018-01-29',null,null,15869);
INSERT INTO hmprojetos.codigo_prefeitura values (269,'41176','2018',218014);
INSERT INTO hmprojetos.servico values (218013,'ASS','ASS 2018.013','Retificação de Área - Assinatura Prefeito','400','','Fazenda Bananal - São Manoel','Distrito de Pacotuba','Cachoeiro de Itapemirim','ES','29300000','2018-01-24',null,null,18007);
INSERT INTO hmprojetos.codigo_prefeitura values (270,'30250','2018',218013);
INSERT INTO hmprojetos.codigo_prefeitura values (271,'30251','2018',218013);
INSERT INTO hmprojetos.servico values (218012,'ASS','ASS 2018.012','Alvará de Construção','700','','Rua Esmeraldo Teixeira, 30/34','Jardim Itapemirim','Cachoeiro de Itapemirim','ES','','2018-01-23','2018-06-18',null,18006);
INSERT INTO hmprojetos.codigo_prefeitura values (272,'43513','2017',218012);
INSERT INTO hmprojetos.servico values (18006,'PAQ','PAQ 2018.006','Construção Residencial','2100','6x','Rua Mariano Simão da Silva','Novo Parque','Cachoeiro de Itapemirim','ES','','2017-09-21','2019-07-15',null,17060);
INSERT INTO hmprojetos.servico values (218009,'ASS','ASS 2018.009','Pesquisa de Terreno','','','Rua Euclides da Cunha, nº 63 a 107','Paraiso','Cachoeiro de Itapemirim','ES','29304130','2018-01-17',null,null,15829);
INSERT INTO hmprojetos.servico values (218006,'ASS','ASS 2018.006','CND - Receita Federal','1000','2x','Av  Jones Santos Neves, 49/57','Santo Antônio ','Cachoeiro de Itapemirim','ES','29300500','2018-01-15','2018-12-10',null,18005);
INSERT INTO hmprojetos.servico values (18004,'PAQ','PAQ 2018.004','Novas Salas Transmissores','500','2x','Morro das Andorinha','Zumbi','Cachoeiro de Itapemirim','ES','','2018-01-10','2018-02-22',null,17023);
INSERT INTO hmprojetos.servico values (118003,'PRS','PRS 2018.003','Planta para Usucapião','500','2x','Av Carlos Lindemberg','Village da Luz','Cachoeiro de Itapemirim','ES','','2018-01-10','2018-03-19',null,18004);
INSERT INTO hmprojetos.servico values (118002,'PRS','PRS 2018.002','Planta para Usucapião','800','2x','Rua Manoel Botelho Paiva, 20','São Lucas','Cachoeiro de Itapemirim','ES','29312467','2018-01-11','2018-05-23',null,18003);
INSERT INTO hmprojetos.servico values (218004,'ASS','ASS 2018.004','Retificação de Área - Cartório','400','','Av. Mauro Miranda Madureira, 570','Coramara','Cachoeiro de Itapemirim','ES','29313310','2017-07-18',null,null,17093);
INSERT INTO hmprojetos.servico values (18003,'PAQ','PAQ 2018.003','Reforma Religiosa','300','','Rua Costa Pereira','Centro','Cachoeiro de Itapemirim','ES','','2018-01-09','2019-08-19',null,15239);
INSERT INTO hmprojetos.servico values (18002,'PAQ','PAQ 2018.002','Reforma Comercial - Radio Diocesana','400','2x','Rua: Costa Pereira, 39','Centro','Cachoeiro de Itapemirim','ES','29300090','2018-01-09','2018-02-22',null,17023);
INSERT INTO hmprojetos.servico values (18001,'PAQ','PAQ 2018.001','Construção Anexo Residencial','900','3x','Zona Rural','Soturno ','Cachoeiro de Itapemirim','ES','','2018-01-06',null,null,15546);
INSERT INTO hmprojetos.servico values (218002,'ASS','ASS 2018.002','Contrato de locação','150','','','Monte Cristo','Cachoeiro de Itapemirim','ES','','2018-01-04','2018-01-05',null,18002);
INSERT INTO hmprojetos.servico values (217097,'ASS','ASS 2017.097','Esclarecimento sobre taxas','150','','Rua Custódio Ferreira de Oliveira','Praia de Itaoca','Itapemirim','ES','','2017-12-28','2018-01-05',null,17096);
INSERT INTO hmprojetos.servico values (17056,'PAQ','PAQ 2017.056','Projeto Grade e Portão','300','','Rodovia Cachoeiro x Atilio','Localidadade de Alto São José','Atílio Vivacqua','ES','','2017-12-27','2018-02-09',null,17095);
INSERT INTO hmprojetos.servico values (17055,'PAQ','PAQ 2017.055','Construção Residencial','750','3x','Rua Santino Samuel de Aguiar','São Francisco de Assis','Cachoeiro de Itapemirim','ES','','2017-12-22','2018-02-08',null,17094);
INSERT INTO hmprojetos.codigo_prefeitura values (273,'4513','2018',17055);
INSERT INTO hmprojetos.servico values (217095,'ASS','ASS 2017.095','Acompanhamento EIV','900','2x','Rodovia Gumercindo Moura Nunes, Km 11,5','Distrito de Vargem Grande de Soturno','Cachoeiro de Itapemirim','ES','29321000','2017-12-15','2019-07-23',null,17092);
INSERT INTO hmprojetos.codigo_prefeitura values (274,'24129','2018',217095);
INSERT INTO hmprojetos.codigo_prefeitura values (275,'33748','2016',217095);
INSERT INTO hmprojetos.servico values (217093,'ASS','ASS 2017.093','Lincença Para Construção','','','Rua Horácio Leandro','Basiléia','Cachoeiro de Itapemirim','ES','','2017-12-12',null,null,16051);
INSERT INTO hmprojetos.codigo_prefeitura values (276,'37583','2016',217093);
INSERT INTO hmprojetos.servico values (217092,'ASS','ASS 2017.092','Acompanhamento de Inventario','','','Rua Maurilio Coelho, nº 75','Ilha da Luz','Cachoeiro de Itapemirim','ES','29301090','2017-12-08',null,null,15497);
INSERT INTO hmprojetos.servico values (17054,'PAQ','PAQ 2017.054','Regularização Comercial','3000','3x','Av Júlio Guidi, s/n','São José de Fruteiras ','Vargem Alta','ES','','2017-11-01','2018-05-22',null,17090);
INSERT INTO hmprojetos.servico values (17053,'PAQ','PAQ 2017.053','Croqui Arquitetônico','1100','','Rua Samuel Duarte, 81','Santo Antônio','Cachoeiro de Itapemirim','ES','29300550','2017-11-11','2018-07-17',null,17087);
INSERT INTO hmprojetos.servico values (17052,'PAQ','PAQ 2017.052','Mobiliaria Religioso','','','Rua Apóstollo Bartolomeu, s/n','Ruy Pinto Bandeira ','Cachoeiro de Itapemirim','ES','29315799','2017-10-07','2017-12-09',null,04001);
INSERT INTO hmprojetos.servico values (117033,'PRS','PRS 2017.033','Retificação de Área','600','','Rua Jerônimo Ribeiro','Amarelo','Cachoeiro de Itapemirim','ES','','2017-11-17',null,null,17085);
INSERT INTO hmprojetos.servico values (117032,'PRS','PRS 2017.032','Acompanhamento Usucapião','600','','Rua Luiz Gonzaga de Oliveira, 41 a 55','São Luiz Gonzaga','Cachoeiro de Itapemirim','ES','','2017-10-13',null,null,17085);
INSERT INTO hmprojetos.servico values (17050,'PAQ','PAQ 2017.050','Regularização Residencial','1080','3x','Rua Samuel Duarte, 81','Santo Antônio','Cachoeiro de Itapemirim','ES','29300550','2017-11-11','2018-06-02',null,17083);
INSERT INTO hmprojetos.servico values (217082,'ASS','ASS 2017.082','Construção 4° Pavimento','500','2x','Rua Pedro Quinelato, 65','Ferroviários','Cachoeiro de Itapemirim','ES','29308071','2017-11-10',null,null,15869);
INSERT INTO hmprojetos.codigo_prefeitura values (277,'39876','2017',217082);
INSERT INTO hmprojetos.servico values (17047,'PAQ','PAQ 2017.047','Construção Comercial','','','Rua Projetada, s/n','São Geraldo','Cachoeiro de Itapemirim','ES','','2017-10-26','2019-03-08',null,17079);
INSERT INTO hmprojetos.servico values (217081,'ASS','ASS 2017.081','Recibo de Compra e Venda','80','','Rua Edson Zardini Peixoto, nº','Agostinho Simonato','Cachoeiro de Itapemirim','ES','29311769','2017-10-24','2018-03-02',null,17022);
INSERT INTO hmprojetos.servico values (17046,'PAQ','PAQ 2017.046','Regularização Comercial','1000','2x','Rod. Cachoeiro x Frade s/n','Distrito de Itapecoa','Itapemirim','ES','','2017-10-25','2017-11-06',null,17077);
INSERT INTO hmprojetos.servico values (17045,'PAQ','PAQ 2017.045','Regularização Comercial','','','Rod. Cachoeiro x Frade s/n','Distrito de itapecoa','Itapemirim','Es','','2017-10-25','2018-01-15',null,17027);
INSERT INTO hmprojetos.servico values (17044,'PAQ','PAQ 2017.044','Planta Leito Drenante','1200','','Rodovia Fuer Nemer km17,5','Distritu de Conduru','Cachoeiro de Itapemirim','ES','29329000','2017-10-09','2017-12-15',null,17076);
INSERT INTO hmprojetos.servico values (11117,'PAQ','PAQ 2011.117','Construção Residencial','','','Rua Willian Scandar Nemer, 10','Abelardo machado','Cachoeiro de Itapemirim','ES','','2011-11-06','2011-11-06',null,11004);
INSERT INTO hmprojetos.servico values (117029,'PRS','PRS 2017.029','Desmembramento','200','','Avenida Jones dos Santos Neves, nº 272','KM 90','Cachoeiro de Itapemirim','ES','','2017-10-10',null,null,15015);
INSERT INTO hmprojetos.servico values (217078,'ASS','ASS 2017.078','Averbação de Imóvel - Cartório','200','','Rua Joaquim Moraes, 15','Centro','Atílio Vivacqua','ES','29490000','2017-10-06','2018-02-23',null,16083);
INSERT INTO hmprojetos.servico values (217076,'ASS','ASS 2017.076','Retificação de Área','600','2x','Avenida Antero Soares, s/n','Distrito Pacotuba','Cachoeiro de Itapemirim','ES','29323980','2017-10-02',null,null,17073);
INSERT INTO hmprojetos.servico values (217075,'ASS','ASS 2017.075','CAR - INCAPER','1600','2x','Zona Rural - Furquilha','Distrito de Burarama','Cachoeiro de Itapemirim','ES','29327000','2017-10-04','2019-12-27',null,17072);
INSERT INTO hmprojetos.servico values (117028,'PRS','PRS 2017.028','Desmembramento de Área','','','Rua Giovana Menechini','B.N.H','Cachoeiro de Itapemirim','ES','29313669','2017-09-19',null,null,17071);
INSERT INTO hmprojetos.servico values (117027,'PRS','PRS 2017.027','Croqui de Situação','600','3x','Rua Projetada','Cotindiba','Marataízes','ES','','2017-09-26',null,null,17070);
INSERT INTO hmprojetos.servico values (117026,'PRS','PRS 2017.026','Planta para Usucapião','600','2x','Rua Deca Correia','Nossa Senhora da Glória','Cachoeiro de Itapemirim','ES','29303700','2017-02-15','2018-11-12',null,17068);
INSERT INTO hmprojetos.servico values (217071,'ASS','ASS 2017.071','CND - Receita Federal','300','2x','Rua Alvaro Ramos','Recanto','Cachoeiro de Itapemirim','ES','29303040','2017-09-22',null,null,15446);
INSERT INTO hmprojetos.servico values (217070,'ASS','ASS 2017.070','Renovação de Alvará','200','2x','Rua Alfredo santiago Louzada, 10 a 20','Marbrasa','Cachoeiro de Itapemirim','ES','29313672','2017-09-20','2018-01-30',null,16032);
INSERT INTO hmprojetos.codigo_prefeitura values (278,'36189','2017',217070);
INSERT INTO hmprojetos.servico values (117025,'PRS','PRS 2017.025','Desmembramento de Área','','','Rua Giovana Menechini','BNH','Cachoeiro de Itapemirim','ES','29313175','2017-09-19',null,null,18038);
INSERT INTO hmprojetos.servico values (117024,'PRS','PRS 2017.024','Planta para Usucapião','600','2x','Rua José Marinho Machado Coelho','Rui Pinto Bandeira','Cachoeiro de Itapemirim','ES','29315815','2017-08-09','2017-11-13',null,17066);
INSERT INTO hmprojetos.servico values (217068,'ASS','ASS 2017.068','Alvará de Construção','600','2x','Rua Adão Mathielo, s/nº','Distrito de Gironda','Cachoeiro de Itapemirim','ES','','2017-09-11','2018-06-05',null,17044);
INSERT INTO hmprojetos.codigo_prefeitura values (279,'34383','2017',217068);
INSERT INTO hmprojetos.servico values (217067,'ASS','ASS 2017.067','Acompanhamento documentação Doação','','','Av Levino Fanzeres, nº 19 a 21','Novo Parque','Cachoeiro de Itapemirim','ES','29309070','2017-09-04','2018-07-10',null,17057);
INSERT INTO hmprojetos.servico values (17042,'PAQ','PAQ 2017.042','Construção Comercial','800','2x','Rua: Iteclinio Albardei Laquini, n°102','Central Parque','Cachoeiro de Itapemirim','ES','','2017-09-01','2017-11-14',null,17062);
INSERT INTO hmprojetos.servico values (17041,'PAQ','PAQ 2017.041','Regularização Residencial','','','Rua Norma Pacheco Carreiro, nº31','Amarelo','Cachoeiro de Itapemirim','ES','29304785','2017-08-29',null,null,15829);
INSERT INTO hmprojetos.servico values (217064,'ASS','ASS 2017.064','Vistoria Técnica - Condomínio Iriri','200','','Rua Rio Novo','Iriri','Anchieta','ES','29230000','2017-08-29','2017-10-18',null,15829);
INSERT INTO hmprojetos.servico values (217062,'ASS','ASS 2017.062','Habite-se','400','2x','Rua Dr. Justino Emerly Elias, 51/52','Amarelo','Cachoeiro de Itapemirim','ES','','2017-08-29','2018-11-20',null,17061);
INSERT INTO hmprojetos.codigo_prefeitura values (280,'32194','2017',217062);
INSERT INTO hmprojetos.servico values (117020,'PRS','PRS 2017.020','Planta para Usucapião','500','2x','Rua Mariano Simão da Silva','Novo Parque','Cachoeiro de Itapemirim','ES','','2017-08-30','2019-07-15',null,17060);
INSERT INTO hmprojetos.servico values (217061,'ASS','ASS 2017.061','Regularização Residencial','750','2x','Rua: Maria Ribeiro da Silva, nº 13','Boa Vista','Cachoeiro de Itapemirim','ES','29315438','2017-08-28',null,null,17036);
INSERT INTO hmprojetos.codigo_prefeitura values (281,'13123','2018',217061);
INSERT INTO hmprojetos.servico values (117019,'PRS','PRS 2017.019','Planta para Usucapião','100','1x','Rua Rita Rafael de Freitas','Vila Rica','Cachoeiro de Itapemirim','ES','','2011-01-03','2011-01-04',null,11003);
INSERT INTO hmprojetos.servico values (217060,'ASS','ASS 2017.060','Habite-se','','','Rua Godofredo adversi, 06','Monte Cristo','Cachoeiro de Itapemirim','ES','29315709','2017-08-24','2018-12-06',null,16004);
INSERT INTO hmprojetos.servico values (217057,'ASS','ASS 2017.057','Regularização Industrial','','','Rua Projetada Iracy Longo s/nº','Duas Barras - Itaoca','Cachoeiro de Itapemirim','ES','29300000','2017-08-17','2019-04-09',null,17012);
INSERT INTO hmprojetos.servico values (217056,'ASS','ASS 2017.056','Desmembramento/Unificação Cartório','600','2x','Avenida Jones dos Santos Neves','Monte Cristo','Cachoeiro de Itapemirim','ES','29315535','2017-08-17','2018-12-06',null,15893);
INSERT INTO hmprojetos.codigo_prefeitura values (282,'15494','2001',217056);
INSERT INTO hmprojetos.servico values (17040,'PAQ','PAQ 2017.040','Regularização Residencial','750','3X','Rua João Francisco Vieira , 35','Basileia','Cachoeiro de Itapemirim','ES','29302856','2017-08-21',null,null,15883);
INSERT INTO hmprojetos.codigo_prefeitura values (283,'14475','2016',17040);
INSERT INTO hmprojetos.servico values (217055,'ASS','ASS 2017.055','Alvará de Construção','400','2x','Rua Aymores Toledo Barboza','Coronel Borges','Cachoeiro de Itapemirim','ES','','2017-07-27','2019-01-03',null,17027);
INSERT INTO hmprojetos.codigo_prefeitura values (284,'28506','2017',217055);
INSERT INTO hmprojetos.servico values (217054,'ASS','ASS 2017.054','Retificação de Área - Cartório','600','1x','Av. Santos Neves, Lote 6','Caiçara','Cachoeiro de Itapemirim','ES','29310376','2017-08-10','2018-05-16',null,16032);
INSERT INTO hmprojetos.servico values (17039,'PAQ','PAQ 2017.039','Croqui Arquitetônico','1050','','Edificio Hiate , Aptº 601','Gilberto Machado','Cachoeiro de Itapemirim','ES','','2017-08-03','2017-09-23',null,16031);
INSERT INTO hmprojetos.servico values (117018,'PRS','PRS 2017.018','Desmembramento Rural','1200','','Rodovia Frederico Augusto Coser, s/n','Campo de São Felipe ','Cachoeiro de Itapemirim','ES','','2017-08-01',null,null,17058);
INSERT INTO hmprojetos.servico values (217052,'ASS','ASS 2017.052','Certidão Negativa de área','100','','Rua Wilian Manhães, s/nº ','Agostinho Simonato','Cachoeiro de Itapemirim','ES','29311787','2017-08-03',null,null,15177);
INSERT INTO hmprojetos.servico values (117017,'PRS','PRS 2017.017','','1200','','','','','','','2017-07-22',null,null,17055);
INSERT INTO hmprojetos.servico values (217051,'ASS','ASS 2017.051','Fração Ideal','320','2x','Apóstolo Bartolomeu,nº 08','Ruy Pinto Bandeira','Cachoeiro de Itapemirim','ES','29315799','2017-07-29','2019-03-13',null,17054);
INSERT INTO hmprojetos.servico values (217050,'ASS','ASS 2017.050','Averbação de Imóvel - Cartório','300','2x','Rua João Batista Calegário, 38','Aeroporto','Cachoeiro de Itapemirim','ES','29314020','2017-07-31','2017-09-26',null,15671);
INSERT INTO hmprojetos.servico values (17037,'PAQ','PAQ 2017.037','Projeto Arquitêtonico','1458','3x','Rua Nossa Senhora Aparecida','Zumbi','Cachoeiro de Itapemirim','ES','29302080','2017-07-29','2017-10-24',null,17053);
INSERT INTO hmprojetos.servico values (17036,'PAQ','PAQ 2017.036','Regularização Residencial','500','2x','Rua Angelo do Amaral, 23','Aeroporto','Cachoeiro de Itapemirim','ES','','2017-07-27',null,null,15824);
INSERT INTO hmprojetos.codigo_prefeitura values (285,'28845','2017',17036);
INSERT INTO hmprojetos.codigo_prefeitura values (286,'28844','2017',17036);
INSERT INTO hmprojetos.servico values (217049,'ASS','ASS 2017.049','Tranferência de Titularidade','','','Rua Bernardo Horta, 357 a 361','Guandu','Cachoeiro de Itapemirim','ES','29300797','2017-07-26',null,null,15497);
INSERT INTO hmprojetos.servico values (17034,'PAQ','PAQ 2017.034','Croqui Arquitetônico','350','','Rua Samuel Duarte, 81','Santo Antônio','Cachoeiro de Itapemirim','ES','29300550','2017-07-17','2019-10-29',null,17051);
INSERT INTO hmprojetos.servico values (217044,'ASS','ASS 2017.044','CND - Receita Federal','200','','Rua São Marcos, 328','das Arraias','Marataízes','ES','','2017-01-21','2017-07-22',null,17014);
INSERT INTO hmprojetos.servico values (17032,'PAQ','PAQ 2017.032','Construção Residencial','','','Rua: Projetada s/n','São Simão','Cachoeiro de Itapemirim','ES','','2017-07-15','2018-02-19',null,17047);
INSERT INTO hmprojetos.servico values (117014,'PRS','PRS 2017.014','Croqui de Situação','250','','Rua Carminda Bergamo Sales pinheiro','Monte Belo','Cachoeiro de Itapemirim','ES','','2017-05-03','2017-07-22',null,17046);
INSERT INTO hmprojetos.servico values (117013,'PRS','PRS 2017.013','Planta para Usucapião','','','Rua Marlete Lopes Rangel, 16','Independencia','Cachoeiro de Itapemirim','ES','','2017-07-10','2017-08-15',null,17045);
INSERT INTO hmprojetos.servico values (17031,'PAQ','PAQ 2017.031','Construção Residencial','2400','3x','Rua Adão Mathielo, s/nº','Distrito de Gironda','Cachoeiro de Itapemirim','ES','','2017-06-23','2017-09-16',null,17044);
INSERT INTO hmprojetos.servico values (17030,'PAQ','PAQ 2017.030','Construção Religiosa','600','','Rua Zona Rural','Santo Antônio','Atílio Vivacqua','ES','','2017-07-09','2017-12-07',null,17043);
INSERT INTO hmprojetos.servico values (117012,'PRS','PRS 2017.012','Usucapião','850','','Rua Alzemar dos Santos','Nossa Senhora Aparecida','Cachoeiro de Itapemirim','ES','','2017-06-29','2017-07-31',null,15404);
INSERT INTO hmprojetos.servico values (17029,'PAQ','PAQ 2017.029','Construção Residencial','1000','3x','Rua João Ribeiro dos Reis, 71','São  Francisco de Assis','Cachoeiro de Itapemirim','ES','29317476','2017-07-07','2017-07-20',null,17041);
INSERT INTO hmprojetos.servico values (17028,'PAQ','PAQ 2017.028','Construção Religiosa','1539','3x','Rua Projetada ','Comunidade Independência','Atilio Vivacqua','ES','','2016-09-20',null,null,17040);
INSERT INTO hmprojetos.servico values (217043,'ASS','ASS 2017.043','Renovação de Alvará','300','2x','Rua Domingos Fabris, 55','São Geraldo','Cachoeiro de Itapemirim','ES','','2017-06-27','2017-08-08',null,15614);
INSERT INTO hmprojetos.codigo_prefeitura values (287,'23697','2017',217043);
INSERT INTO hmprojetos.servico values (17026,'PAQ','PAQ 2017.026','Construção 3º Pavimento','','','Rua Tércio do Rosário, 21','Jardim Itapemirim','Cachoeiro de Itapemirim','ES','','2010-08-24','2012-07-11',null,10002);
INSERT INTO hmprojetos.codigo_prefeitura values (288,'20195','2006',17026);
INSERT INTO hmprojetos.servico values (117011,'PRS','PRS 2017.011','Desmembramento / Retificação','600','2x','Rua Fernando de Melo Portinho','Independência','Cachoeiro de Itapemirim','ES','','2017-05-17',null,null,17038);
INSERT INTO hmprojetos.servico values (17025,'PAQ','PAQ 2017.025','Reforma e Ampliação Religiosa','','','Rua projetada','Zona Rural','Atílio Vivacqua','ES','','2017-03-18',null,null,17037);
INSERT INTO hmprojetos.servico values (217040,'ASS','ASS 2017.040','Alvará de Construção - Torre de Radio','500','2x','Morro das Andorinha','Zumbi','Cachoeiro de Itapemirim','ES','','2017-06-19',null,null,17023);
INSERT INTO hmprojetos.codigo_prefeitura values (289,'26401','2017',217040);
INSERT INTO hmprojetos.servico values (17024,'PAQ','PAQ 2017.024','Construção Religiosa','3000','2x','Rua Projetada - Lote 01 - Quadra 111','Cidade Nova','Atílio Vivácqua','ES','29490000','2017-04-05',null,null,17028);
INSERT INTO hmprojetos.servico values (217039,'ASS','ASS 2017.039','Assistente Técnico Perícia','350','','Rua Joaquim Vieira','Centro','Cachoeiro de Itapemirim','ES','','2017-05-29','2017-06-28',null,15903);
INSERT INTO hmprojetos.servico values (17023,'PAQ','PAQ 2017.023','Regularização Residencial','2750','5x','Rua: Maria Ribeiro Da Dilva s/n','Boa Vista ','Cachoeiro de Itapemirim','ES','29315438','2017-05-29','2017-08-28',null,17036);
INSERT INTO hmprojetos.servico values (17022,'PAQ','PAQ 2017.022','Croqui Arquitetônico','4000','4x','Rua Barão de Itapemirim','Centro','Cachoeiro de Itapemirim','ES','','2017-06-01','2018-01-09',null,17035);
INSERT INTO hmprojetos.servico values (117010,'PRS','PRS 2017.010','Levantamento Planialtimétrico ','1200','3x','BR 101','Flecheiras','Atilio Vivacqua','ES','','2017-05-25','2018-07-28',null,17033);
INSERT INTO hmprojetos.servico values (117009,'PRS','PRS 2017.009','Levantamento Planialtimetrico','500','2x','Rodovia Atilio x São Gabriel','Vila Nova','Atilio Vivacqua','ES','','2017-05-25','2019-11-14',null,17032);
INSERT INTO hmprojetos.servico values (117008,'PRS','PRS 2017.008','Levatamento Planialtimetrico','800','2x','','','Atílio Vivacqua','ES','','2017-05-25',null,null,17031);
INSERT INTO hmprojetos.servico values (17020,'PAQ','PAQ 2017.020','Construção Muro ','690','3x','Rua Projetada - Lote 01 - Quadra 111','Niteroi','Atilio Vivacqua','ES','','2017-03-30','2017-06-19',null,17028);
INSERT INTO hmprojetos.servico values (17019,'PAQ','PAQ 2017.019','Regularização 2° Pavimento','1500','','Rua Aymores Toledo Barboza','Coronel Borges','Cachoeiro de Itapemirim','ES','','2017-05-25','2018-01-15',null,17027);
INSERT INTO hmprojetos.codigo_prefeitura values (290,'28506','2017',17019);
INSERT INTO hmprojetos.servico values (217038,'ASS','ASS 2017.038','Regularização Imovel','2400','8x','Rua Projetada','Centro','Atílio Vivacqua','ES','','2017-05-10','2019-04-09',null,17026);
INSERT INTO hmprojetos.servico values (217037,'ASS','ASS 2017.037','Fração Ideal / Convenção de Condomínio','1600','a vista','Rua Corina Caiado França nº 24 a 26','Coramara','Cachoeiro de Itapemirim','ES','29313350','2017-05-30','2017-07-25',null,15508);
INSERT INTO hmprojetos.servico values (117006,'PRS','PRS 2017.006','Planta Situação Ambiental','300','','Rodovia Gumercindo Moura Menezes, s/n','Jaqueira','Cachoeiro de Itapemirim','ES','29321980','2017-05-22','2017-06-13',null,15354);
INSERT INTO hmprojetos.servico values (17018,'PAQ','PAQ 2017.018','Levantamento Arquitetônico','300','','Rua 25 de Março ','Centro','Cachoeiro de Itapemirim','ES','29300100','2017-05-25','2017-05-29',null,15862);
INSERT INTO hmprojetos.servico values (17016,'PAQ','PAQ 2017.016','Projeto Torre','500','2x','Serra da Andorinha','Alto Zumbi','Cachoeiro de Itapemirim','ES','','2017-05-23','2017-07-11',null,17023);
INSERT INTO hmprojetos.servico values (217033,'ASS','ASS 2017.033','Elaboração de ART','300','','Rua Willian Scander Nemer, nº 20','Aberlado Ferreira Machado','Cachoeiro de Itapemirim','ES','29309315','2017-05-19','2017-06-01',null,17024);
INSERT INTO hmprojetos.servico values (217031,'ASS','ASS 2017.031','Alvara de Ampliação','700','2x','Rua São Marcos, 328','das Arraias','Marataízes','ES','','2017-05-15','2017-07-17',null,17014);
INSERT INTO hmprojetos.servico values (217030,'ASS','ASS 2017.030','Recibo de Compra e Venda','200','','Rua Acre, 13','Aquidaban','Cachoeiro de Itapemirim','ES','','2017-05-08','2017-05-12',null,17021);
INSERT INTO hmprojetos.servico values (217029,'ASS','ASS 2017.029','Alvara de Construção','500','2x','Av. Antônio Alves','São Lucas','Cachoeiro de Itapemirim','ES','','2017-05-12',null,null,16074);
INSERT INTO hmprojetos.servico values (217028,'ASS','ASS 2017.028','Revisão de IPTU','350','','Rua Dr. Justino Emerly Elias, 51/52','Amarelo','Cachoeiro de Itapemirim','ES','','2017-03-28','2018-08-14',null,15840);
INSERT INTO hmprojetos.codigo_prefeitura values (291,'8957','2017',217028);
INSERT INTO hmprojetos.servico values (217026,'ASS','ASS 2017.026','Recibo Compra e Venda','200','','Rua José Cipreste n° 1070 ','Jardim da penha ','Vitoria ','','','2017-05-09','2018-10-22',null,17019);
INSERT INTO hmprojetos.servico values (17014,'PAQ','PAQ 2017.014','Regularização Comercial','1500','','Rodovia Gumercindo Moura Menezes, s/n','Jaqueira','Cachoeiro de Itapemirim','ES','29321980','2017-04-10',null,null,15354);
INSERT INTO hmprojetos.codigo_prefeitura values (292,'20914','2012',17014);
INSERT INTO hmprojetos.servico values (17013,'PAQ','PAQ 2017.013','Regularização Residencial','4600','5x','Rua João Sasso','São Geraldo','Cachoeiro de Itapemirim','ES','','2017-05-03','2017-09-18',null,17018);
INSERT INTO hmprojetos.servico values (17012,'PAQ','PAQ 2017.012','Croqui Arquitetônico','700','2x','Rua Azenira da Silva, 35','Marbrasa','Cachoeiro de Itapemirim','ES','29313667','2017-04-24','2017-05-12',null,17017);
INSERT INTO hmprojetos.servico values (17011,'PAQ','PAQ 2017.011','Construção Residencial','2000','2x','Rua Projetada','Marbrasa','Cachoeiro de Itapemirim','ES','','2017-04-28','2017-07-07',null,17016);
INSERT INTO hmprojetos.servico values (217025,'ASS','ASS 2017.025','Certidão Detalhada','400','2x','Rua Antônio Cardoso Coelho, 30','Jardim Itapemirim','Cachoeiro de Itapemirim','ES','','2017-04-27',null,null,15335);
INSERT INTO hmprojetos.codigo_prefeitura values (293,'28075','2019',217025);
INSERT INTO hmprojetos.servico values (217024,'ASS','ASS 2017.024','Renovação de Alvara','50','','Rua Miguel Dias Jaques','Teixeira Leite','Cachoeiro de Itapemirim','ES','29310270','2017-04-26','2017-12-22',null,15187);
INSERT INTO hmprojetos.codigo_prefeitura values (294,'25578','2017',217024);
INSERT INTO hmprojetos.servico values (217023,'ASS','ASS 2017.023','','','','','','','','',null,null,null,15187);
INSERT INTO hmprojetos.servico values (217022,'ASS','ASS 2017.022','Alvará Reforma e Ampliação','','','Rua Fernandes de Abreu, s/nº','Ferroviários','Cachoeiro de Itapemirim','ES','','2017-03-29',null,null,16041);
INSERT INTO hmprojetos.servico values (217021,'ASS','ASS 2017.021','Alvará de Regularização / Habite-se / Certidão Detalhada','500','','Rua Maurilio Coelho, 105','Ilha da Luz','Cachoeiro de Itapemirim','ES','29309810','2017-04-10',null,null,16076);
INSERT INTO hmprojetos.codigo_prefeitura values (295,'23563','2017',217021);
INSERT INTO hmprojetos.codigo_prefeitura values (296,'23567','2017',217021);
INSERT INTO hmprojetos.servico values (17010,'PAQ','PAQ 2017.010','Regularização Residencial','1860','3x','Rua São Marcos, 328','Arraias','Marataízes','ES','','2016-06-08','2017-05-15',null,17014);
INSERT INTO hmprojetos.servico values (217020,'ASS','ASS 2017.020','Transferência de Titularidade ','200','2x','Rua Projetada','São Geraldo','Cachoeiro de Itapemirim','ES','','2017-04-10',null,null,17013);
INSERT INTO hmprojetos.servico values (217019,'ASS','ASS 2017.019','CND - Receita Federal','','','Rua Alcebiades Jose sobreira','Waldir Furtado Amorim','Cachoeiro de Itapemirim','ES','','2017-04-03',null,null,15698);
INSERT INTO hmprojetos.servico values (17009,'PAQ','PAQ 2017.009','Regularização 2º Pavimento','1000','4x','Rua Pedro Paulo Aparecido Rica Nasciemnto, 18','Rui Pinto bandeira','Cachoeiro de Itapemirim','ES','29315806','2017-04-01','2018-05-21',null,05001);
INSERT INTO hmprojetos.codigo_prefeitura values (297,'20088','2018',17009);
INSERT INTO hmprojetos.servico values (17008,'PAQ','PAQ 2017.008','Regularização Industrial','1200','3x','Rua Projetada Iracy Longo s/nº','Duas Barras - Itaoca','Cachoeiro de Itapemirim','ES','29300000','2017-03-24','2017-08-17',null,17012);
INSERT INTO hmprojetos.servico values (217018,'ASS','ASS 2017.018','Certidão de 1° lançamento e troca de titularidade','250','2x','Rua Benedito De Souza Machado,N° 63 apartamento 101','Santa Helena','Cachoeiro de Itapemirim','ES','29307030','2017-03-22','2018-02-14',null,15627);
INSERT INTO hmprojetos.codigo_prefeitura values (298,'8979','2017',217018);
INSERT INTO hmprojetos.codigo_prefeitura values (299,'9090','2017',217018);
INSERT INTO hmprojetos.servico values (117005,'PRS','PRS 2017.005','Planta para Usucapião','600','3x','Rua Ivo José Ribeiro, 33','São Francisco de Assis','Cachoeiro de Itapemirim','ES','','2017-03-28','2017-06-06',null,17011);
INSERT INTO hmprojetos.servico values (217017,'ASS','ASS 2017.017','Acompanhamento Venda Cotas','500','','Rua "E" ( atual Rua do Arrastão )','Iriri','Anchieta','ES','','2017-03-27',null,null,15093);
INSERT INTO hmprojetos.servico values (217014,'ASS','ASS 2017.014','Certidão Negativa - receita Federal','400','2x','Rua Manoel Gonçalves, 340','Araias','Marataizes','ES','29345970','2017-03-06',null,null,15178);
INSERT INTO hmprojetos.servico values (117004,'PRS','PRS 2017.004','Planta para Usocapião','450','2X','Rua Ana Maria Amaral, n°137-143','Elpidio Volpini','Cachoeiro de Itapemirim','ES','29309790','2017-03-16',null,null,17008);
INSERT INTO hmprojetos.servico values (11122,'PAQ','PAQ 2011.122','Regularização 2º e 3º pav.','','','Rua Manoel Felipe Sobrinho, nº 15','Monte Cristo','Cachoeiro de Itapemirim','ES','','2012-01-19',null,null,15776);
INSERT INTO hmprojetos.codigo_prefeitura values (300,'11630','2016',11122);
INSERT INTO hmprojetos.codigo_prefeitura values (301,'11629','2016',11122);
INSERT INTO hmprojetos.servico values (216084,'ASS','ASS 2016.084','Acompanhamento de processo','250','','Av. Santos Neves, Lote 6','Caiçara','Cachoeiro de Itapemirim','ES','29310/376','2016-09-29',null,null,16061);
INSERT INTO hmprojetos.codigo_prefeitura values (302,'26679','2015',216084);
INSERT INTO hmprojetos.codigo_prefeitura values (303,'12860','2015',216084);
INSERT INTO hmprojetos.servico values (10110,'PAQ','PAQ 2010.110','Regularização Residencial','600','2x','Rua Itabira, 23','Alto Amarelo','Cachoeiro de Itapemirim','ES','','2010-09-27','2018-03-07',null,15670);
INSERT INTO hmprojetos.codigo_prefeitura values (304,'14471','2016',10110);
INSERT INTO hmprojetos.codigo_prefeitura values (305,'14472','2016',10110);
INSERT INTO hmprojetos.servico values (216044,'ASS','ASS 2016.044','Acompanhamento de Processo - 1º e  2º Pavimento','100','','Rua José Rosa Machado, nº146 a 154','Abelardo Ferreira Machado','Cachoeiro de Itapemirim','ES','','2016-04-15',null,null,15491);
INSERT INTO hmprojetos.codigo_prefeitura values (306,'38293','2015',216044);
INSERT INTO hmprojetos.codigo_prefeitura values (307,'16151','2016',216044);
INSERT INTO hmprojetos.servico values (214129,'ASS','ASS 2014.129','Habite-se e Certidão Detalhada','400','2x','Rua Angelo Maria Mignone, n° 19','Independência','Cachoeiro de Itapemirim','ES','','2014-10-24','2019-02-28',null,15245);
INSERT INTO hmprojetos.codigo_prefeitura values (308,'37477','2014',214129);
INSERT INTO hmprojetos.codigo_prefeitura values (309,'37480','2014',214129);
INSERT INTO hmprojetos.servico values (215110,'ASS','ASS 2015.110','Construção Comercial','500','','Avenida Francisco lacerda de Aguiar','Amarelo','Cachoeiro de Itapemirim','ES','','2015-10-23','2016-04-18',null,15878);
INSERT INTO hmprojetos.codigo_prefeitura values (310,'36296','2015',215110);
INSERT INTO hmprojetos.codigo_prefeitura values (311,'39275','2015',215110);
INSERT INTO hmprojetos.servico values (215102,'ASS','ASS 2015.102','Regularização Residencial','600','2x','Rua Projetada A 2','Baiminas','Cachoeiro de Itapemirim','ES','','2015-09-25','2019-04-09',null,15513);
INSERT INTO hmprojetos.codigo_prefeitura values (312,'20681','2016',215102);
INSERT INTO hmprojetos.codigo_prefeitura values (313,'41584','2015',215102);
INSERT INTO hmprojetos.servico values (215124,'ASS','ASS 2015.124','Acompanhamento de Processo','3500','','Av. Francisco Lacerda de Aguiar','Gilberto Machado','Cachoeiro de Itapemirim','ES','','2015-12-11',null,null,15903);
INSERT INTO hmprojetos.codigo_prefeitura values (314,'4605','2016',215124);
INSERT INTO hmprojetos.codigo_prefeitura values (315,'4608','2016',215124);
INSERT INTO hmprojetos.servico values (216095,'ASS','ASS 2016.095','Certidão Detalhada e habite-se','300','2x','Rua Leandro Agostinho, 07','Jardim América','Cachoeiro de Itapemirim','ES','','2016-12-22','2017-06-26',null,15701);
INSERT INTO hmprojetos.codigo_prefeitura values (316,'543','2017',216095);
INSERT INTO hmprojetos.codigo_prefeitura values (317,'541','2017',216095);
INSERT INTO hmprojetos.servico values (216035,'ASS','ASS 2016.035','Regularização Educacional','800','3x','Rua Godofredo adversi, 06','Monte Cristo','Cachoeiro de Itapemirim','ES','','2016-03-16','2016-09-08',null,16004);
INSERT INTO hmprojetos.codigo_prefeitura values (318,'11662','2016',216035);
INSERT INTO hmprojetos.servico values (13069,'PAQ','PAQ 2013.069','Regularização Residencial','2249,5','','Rua Galgano Moreira de Souza, nº 29','Vila Rica','Cachoeiro de Itapemirim','ES','','2013-09-10','2016-11-23',null,15523);
INSERT INTO hmprojetos.codigo_prefeitura values (319,'2834','2017',13069);
INSERT INTO hmprojetos.servico values (216027,'ASS','ASS 2016.027','Habite-se','150','','Rua Ireneu Hermogenes dos Santos','Santa Helena','Cachoeiro de Itapemirim','ES','','2016-03-10','2016-09-14',null,15075);
INSERT INTO hmprojetos.codigo_prefeitura values (320,'12132','2016',216027);
INSERT INTO hmprojetos.servico values (216029,'ASS','ASS 2016.029','Cadastramento de imóvel','400','2x','Rua José Marinho Machado Coelho, 56','Rui Pinto Bandeira','Cachoeiro de Itapemirim','ES','','2016-03-08','2016-07-27',null,16016);
INSERT INTO hmprojetos.codigo_prefeitura values (321,'12407','2016',216029);
INSERT INTO hmprojetos.servico values (10044,'PAQ','PAQ 2010.044','Regularização de Obra','800','','Rua Jeronimo Ribeiro, nº 268','Amarelo','Cachoeiro de Itapemirim','ES','','2011-02-16','2016-04-19',null,15725);
INSERT INTO hmprojetos.codigo_prefeitura values (322,'13104','2006',10044);
INSERT INTO hmprojetos.servico values (216032,'ASS','ASS 2016.032','Revisão IPTU','230','','Ruas das Begonias, 61','Paraíso','Cachoeiro de Itapemirim','ES','','2016-03-17','2016-07-30',null,15682);
INSERT INTO hmprojetos.codigo_prefeitura values (323,'13208','2016',216032);
INSERT INTO hmprojetos.servico values (215033,'ASS','ASS 2015.033','Desmembramento de IPTU','200','','Rua Jeronimo Ribeiro, nº 81','Amarelo','Cachoeiro de Itapemirim','ES','','2015-03-10','2016-02-27',null,15862);
INSERT INTO hmprojetos.codigo_prefeitura values (324,'13645','2015',215033);
INSERT INTO hmprojetos.servico values (216045,'ASS','ASS 2016.045','Autorização Demolição','200','','Rodovia ES 482','Central Parque','Cachoeiro de Itapemirim','ES','','2016-04-19','2016-05-31',null,16018);
INSERT INTO hmprojetos.codigo_prefeitura values (325,'13859','2016',216045);
INSERT INTO hmprojetos.servico values (213202,'ASS','ASS 2013.202','Acompanhamento de confecção de escritura','','','Rua Manoel Gonçalves,n°119','Independência','Cachoeiro de Itapemirim','ES','','2013-11-29','2016-07-11',null,15178);
INSERT INTO hmprojetos.codigo_prefeitura values (326,'14366','2014',213202);
INSERT INTO hmprojetos.servico values (213092,'ASS','ASS 2013.092','Regularização Residencial / Comercial','400','','Rua Jeronimo Ribeiro, nº 268','Amarelo','Cachoeiro de Itapemirim','ES','','2013-05-28','2016-09-13',null,15725);
INSERT INTO hmprojetos.codigo_prefeitura values (327,'19832','2013',213092);
INSERT INTO hmprojetos.servico values (216004,'ASS','ASS 2016.004','Certidão Detalhada','','','Avenida Francisco Mardegan, nº 90 - 100','Aeroporto','Cachoeiro de Itapemirim','ES','','2016-01-09',null,null,15676);
INSERT INTO hmprojetos.codigo_prefeitura values (328,'2092','2016',216004);
INSERT INTO hmprojetos.servico values (214085,'ASS','ASS 2014.085','Licença para Regularização','294,41','','Rua Alvaro Ramos','Recanto','Cachoeiro de Itapemirim','ES','','2014-07-02','2016-06-16',null,15446);
INSERT INTO hmprojetos.codigo_prefeitura values (329,'21274','2014',214085);
INSERT INTO hmprojetos.servico values (216019,'ASS','ASS 2016.019','Pesquisa Prefeitura','70','','Rua José Paineiras, 12','Marbrasa','Cachoeiro de Itapemirim','ES','','2016-02-18',null,null,16012);
INSERT INTO hmprojetos.codigo_prefeitura values (330,'21642','2009',216019);
INSERT INTO hmprojetos.servico values (216008,'ASS','ASS 2016.008','Certidão Detalhada','250','','Rua Giovanni Altoe, nº 21/23','Jardim Itapemirim','Cachoeiro de Itapemirim','ES','','2016-01-20','2016-04-12',null,15495);
INSERT INTO hmprojetos.codigo_prefeitura values (331,'2255','2016',216008);
INSERT INTO hmprojetos.servico values (215078,'ASS','ASS 2015.078','Certidão Detalhada','200','','Rua das Camélias s/n','Paraíso','Cachoeiro de Itapemirim','ES','','2015-07-07','2016-09-16',null,15151);
INSERT INTO hmprojetos.codigo_prefeitura values (332,'24895','2015',215078);
INSERT INTO hmprojetos.servico values (215085,'ASS','ASS 2015.085','Desmembramento de Área - Prefeitura','300','2x','Avenida José Rosa Machado, 125 a 127','Abelardo Ferreira Machado','Cachoeiro de Itapemirim','ES','','2015-04-29','2016-03-23',null,15668);
INSERT INTO hmprojetos.codigo_prefeitura values (333,'30086','2015',215085);
INSERT INTO hmprojetos.servico values (215010,'ASS','ASS 2015.010','Acompanhamento de Usucapião','3000','','Rua Gelson Dias dos Santos,164','Rui Pinto Bandeira','Cachoeiro de Itapemirim','ES','','2015-01-21','2018-08-01',null,15311);
INSERT INTO hmprojetos.servico values (215108,'ASS','ASS 2015.108','Habite-se','150','','Rua Tércio do Rosário, 26','Jardim Itapemirim','Cachoeiro de Itapemirim','ES','','2015-10-20','2016-05-31',null,15091);
INSERT INTO hmprojetos.codigo_prefeitura values (334,'38695','2015',215108);
INSERT INTO hmprojetos.servico values (215118,'ASS','ASS 2015.118','Regularização - Prefeitura','','','Rua Amélio Ronquete 56 a 58','Vila Rica','Cachoeiro de Itapemirim','ES','',null,'2017-12-20',null,15885);
INSERT INTO hmprojetos.codigo_prefeitura values (335,'40165','2015',215118);
INSERT INTO hmprojetos.servico values (214012,'ASS','ASS 2014.012','Acompanhamento de Usucapião','3000','3x','Rua Brahim Depes, nº 170','Centro','Marataízes','ES','','2014-05-12',null,null,15595);
INSERT INTO hmprojetos.servico values (215126,'ASS','ASS 2015.126','Habite-se','300','2x','Rua Giovanni Altoe, nº 21/23','Jardim Itapemirim','Cachoeiro de Itapemirim','ES','','2015-12-17','2016-04-12',null,15495);
INSERT INTO hmprojetos.codigo_prefeitura values (336,'43442','2015',215126);
INSERT INTO hmprojetos.servico values (109038,'PRS','PRS 2009.038','Retificação de Área','1100','','Avenida Allan Kardec, 30','Dr Luiz Tinoco da Fonseca','Cachoeiro de Itapemirim','ES','','2010-04-06',null,null,15232);
INSERT INTO hmprojetos.codigo_prefeitura values (337,'20883','2017',109038);
INSERT INTO hmprojetos.servico values (215025,'ASS','ASS 2015.025','Construção Residencial','650','2x','Rua Chico Mendes S/N','Monte Belo','Cachoeiro de Itapemirim','ES','','2015-03-11','2016-06-14',null,15767);
INSERT INTO hmprojetos.codigo_prefeitura values (338,'8627','2015',215025);
INSERT INTO hmprojetos.servico values (12044,'PAQ','PAQ 2012.044','Reforma Residencial Rural','','','','Distrito de Pacotuba','Cachoeiro de Itapemirim','ES','','2012-06-14','2018-03-22',null,15120);
INSERT INTO hmprojetos.servico values (212050,'ASS','ASS 2012.050','Confecção de Escrituras','','','Av. Cristiano Dias Lopes','Gilberto Machado','Cachoeiro de Itapemirim','ES','','2012-03-30','2013-02-07',null,15351);
INSERT INTO hmprojetos.codigo_prefeitura values (339,'10282','2014',212050);
INSERT INTO hmprojetos.servico values (115016,'PRS','PRS 2015.016','Usucapião','','','Rua Nicanor Batista, n° 09','Aeroporto','','','','2015-05-21','2015-06-18',null,15500);
INSERT INTO hmprojetos.codigo_prefeitura values (340,'10515','2013',115016);
INSERT INTO hmprojetos.servico values (211005,'ASS','ASS 2011.005','Regularização Residencial','','','','Coramara','','','',null,null,null,15810);
INSERT INTO hmprojetos.codigo_prefeitura values (341,'10515','2013',211005);
INSERT INTO hmprojetos.servico values (214151,'ASS','ASS 2014.151','Regularização INSS','','','Avenida Nicanor Marques, nº 245','Centro','Castelo','ES','','2014-12-19','2015-04-16',null,15379);
INSERT INTO hmprojetos.codigo_prefeitura values (342,'10742','2012',214151);
INSERT INTO hmprojetos.servico values (212022,'ASS','ASS 2012.022','Construção Comercial','300','','Rua Francisco Lacerda de Aguiar, 5','Amarelo','Cachoeiro de Itapemirim','ES','','2012-02-01',null,null,15527);
INSERT INTO hmprojetos.codigo_prefeitura values (343,'10742','2012',212022);
INSERT INTO hmprojetos.servico values (13067,'PAQ','PAQ 2013.067','Croqui Arquitetônico','','','Avenida Beira Rio, s/nº','Guandú','','','',null,null,null,15146);
INSERT INTO hmprojetos.codigo_prefeitura values (344,'11266','2015',13067);
INSERT INTO hmprojetos.servico values (210049,'ASS','ASS 2010.049','Regularização Cenáculo','','','Rua Alameda João Paulo II','Rod. Safra x Cachoeiro','Cachoeiro de Itapemirim','ES','','2012-07-24','2016-07-30',null,15228);
INSERT INTO hmprojetos.codigo_prefeitura values (345,'11266','2015',210049);
INSERT INTO hmprojetos.servico values (14036,'PAQ','PAQ 2014.036','Regularização Residencial','','','Rua Eugênia Anna Dalleproni, s/nº','São Francisco de Assis','Cachoeiro de Itapemirim','ES','','2014-05-06','2014-11-10',null,15664);
INSERT INTO hmprojetos.codigo_prefeitura values (346,'11266','2015',14036);
INSERT INTO hmprojetos.servico values (216031,'ASS','ASS 2016.031','Regularização Comercial','600','2x','Avenida Mauro Miranda Madureira, 35','Teixeira Leite','Cachoeiro de Itapemirim','ES','','2016-03-16','2019-02-21',null,16013);
INSERT INTO hmprojetos.codigo_prefeitura values (347,'11659','2016',216031);
INSERT INTO hmprojetos.servico values (215100,'ASS','ASS 2015.100','Subtituição de Projeto','','','Rua Miguel Dias Jaques, nº 36','Teixeira Leite','Cachoeiro de Itapemirim','ES','','2015-09-21',null,null,15301);
INSERT INTO hmprojetos.codigo_prefeitura values (348,'11889','2016',215100);
INSERT INTO hmprojetos.servico values (216005,'ASS','ASS 2016.005','Licença para Construção Industrial','','','Avenida Francisco Mardegam, 119','Ruy Pinto Bandeira','Cachoeiro de Itapemirim','ES','','2016-01-08','2017-02-02',null,15413);
INSERT INTO hmprojetos.codigo_prefeitura values (349,'1221','2016',216005);
INSERT INTO hmprojetos.servico values (211149,'ASS','ASS 2011.149','Certidão Detalhada','','','Rua Hugo Cocco, 46','Santa Helena','Cachoeiro de Itapemirim','ES','','2011-10-31','2016-04-18',null,15005);
INSERT INTO hmprojetos.codigo_prefeitura values (350,'12589','2007',211149);
INSERT INTO hmprojetos.servico values (209041,'ASS','ASS 2009.041','Regularização Obra - 2º pav.','350','1x','Rua Adão Matielo','Distrito de Gironda','Cachoeiro de Itapemirim','ES','','2009-10-26',null,null,15395);
INSERT INTO hmprojetos.codigo_prefeitura values (351,'12685','2015',209041);
INSERT INTO hmprojetos.servico values (10013,'PAQ','PAQ 2010.013','Construção Comercial','','','','','Presidente Kenneddy','ES','','2010-03-11',null,null,15791);
INSERT INTO hmprojetos.codigo_prefeitura values (352,'12685','2015',10013);
INSERT INTO hmprojetos.servico values (10087,'PAQ','PAQ 2010.087','Construção Residencial','','','','Vila Rica','','','',null,null,null,15431);
INSERT INTO hmprojetos.codigo_prefeitura values (353,'13104','2006',10087);
INSERT INTO hmprojetos.servico values (214053,'ASS','ASS 2014.053','Autenticação de projeto','','','Rua Capitão José Vieira Machado, nº 01','Vila Rica','Cachoeiro de Itapemirim','ES','','2014-04-15','2019-10-25',null,15506);
INSERT INTO hmprojetos.codigo_prefeitura values (354,'13104','2006',214053);
INSERT INTO hmprojetos.servico values (112053,'PRS','PRS 2012.053','Desmembramento','','','Rua João Sasso, s/nº','São Geraldo','Cachoeiro de Itapemirim','ES','','2012-09-06','2018-01-12',null,15337);
INSERT INTO hmprojetos.codigo_prefeitura values (355,'13194','2014',112053);
INSERT INTO hmprojetos.servico values (214027,'ASS','ASS 2014.027','Acompanhamento de processo','','','Rua 3, s/nº','São Joaquim','Cachoeiro de Itapemirim','ES','','2014-04-16','2018-03-08',null,15807);
INSERT INTO hmprojetos.codigo_prefeitura values (356,'13194','2014',214027);
INSERT INTO hmprojetos.servico values (214057,'ASS','ASS 2014.057','Indicação de Serviço','','','Rua 3, s/nº','São Joaquim','Cachoeiro de Itapemirim','ES','','2014-04-15','2018-03-08',null,15807);
INSERT INTO hmprojetos.codigo_prefeitura values (357,'13194','2014',214057);
INSERT INTO hmprojetos.servico values (215046,'ASS','ASS 2015.046','Atualização Incra','1200','2x','Corrego da Onça','Itaoca','Cachoeiro de Itapemirim','ES','','2015-04-24','2019-09-08',null,15105);
INSERT INTO hmprojetos.servico values (214092,'ASS','ASS 2014.092','Desmembramento - Cartório','','','','Texeira Leite','','','',null,null,null,15119);
INSERT INTO hmprojetos.codigo_prefeitura values (358,'13437','2015',214092);
INSERT INTO hmprojetos.servico values (215035,'ASS','ASS 2015.035','Galpão Industrial','600','2x','Rodovia do Frade','Timbó','Cachoeiro de Itapemirim','ES','','2015-04-02','2016-03-31',null,15382);
INSERT INTO hmprojetos.codigo_prefeitura values (359,'13437','2015',215035);
INSERT INTO hmprojetos.servico values (210034,'ASS','ASS 2010.034','Unificação de Área - Cartório','600','3x','Zona Rural','Sitio São José-Caxeta','Itapemirim','ES','','2012-05-20','2013-03-28',null,15547);
INSERT INTO hmprojetos.codigo_prefeitura values (360,'1346','2016',210034);
INSERT INTO hmprojetos.servico values (215123,'ASS','ASS 2015.123','Regularização - Prefeitura','600','3x','Rua Mileto Louzada, 62 a 68','Otton Marins','Cachoeiro de Itapemirim','ES','','2015-12-10','2016-03-14',null,15902);
INSERT INTO hmprojetos.codigo_prefeitura values (361,'1346','2016',215123);
INSERT INTO hmprojetos.servico values (12091,'PAQ','PAQ 2012.091','Regularização Residencial','','','Rua Alfredo Levy Ramos','Novo Parque','Cachoeiro de Itapemirim','ES','','2012-09-18',null,null,15475);
INSERT INTO hmprojetos.codigo_prefeitura values (362,'13460','2015',12091);
INSERT INTO hmprojetos.servico values (214133,'ASS','ASS 2014.133','Licença para Construção','600','3X','Rua Edmundo dos Santos, n°43','Paraíso','Cachoeiro de Itapemirim','ES','','2015-02-20',null,null,15612);
INSERT INTO hmprojetos.codigo_prefeitura values (363,'13460','2015',214133);
INSERT INTO hmprojetos.servico values (114011,'PRS','PRS 2014.011','Usucapião','','','Rua Sisypho Sardenberg','São Luiz Gonzaga','Cachoeiro de Itapemirim','ES','','2014-05-21','2014-09-04',null,15369);
INSERT INTO hmprojetos.codigo_prefeitura values (364,'13464','2015',114011);
INSERT INTO hmprojetos.servico values (214149,'ASS','ASS 2014.149','Regularização Residencial','600','3x','Rua Angelo Maria Mignone, n° 19 (atual nº 03)','Independência','Cachoeiro de Itapemirim','ES','29306420','2015-01-14','2019-02-28',null,15245);
INSERT INTO hmprojetos.codigo_prefeitura values (365,'14008','2015',214149);
INSERT INTO hmprojetos.servico values (213086,'ASS','ASS 2013.086','ART de Planilha Orçamentária','','','Rua Alcebiades Sarmento, nº 33','Dr. Luiz Tinoco da Fonseca','','','',null,null,null,15284);
INSERT INTO hmprojetos.codigo_prefeitura values (366,'14008','2015',213086);
INSERT INTO hmprojetos.servico values (213079,'ASS','ASS 2013.079','Transferência de Titularidade de IPTU','','','Rua Regina Piassarolo, nº 17','Agostinho Simonato','','','',null,null,null,15613);
INSERT INTO hmprojetos.codigo_prefeitura values (367,'14008','2015',213079);
INSERT INTO hmprojetos.servico values (212097,'ASS','ASS 2012.097','Construção Comercial','','','Rodovia Gumercino Moura Nunes, Km 9','Vargem Grande de Soturno','Cachoeiro de Itapemirim','ES','','2012-07-09','2015-12-03',null,15615);
INSERT INTO hmprojetos.codigo_prefeitura values (368,'14008','2015',212097);
INSERT INTO hmprojetos.servico values (13034,'PAQ','PAQ 2013.034','Regularização Residencial','','','Rodovia Cachoeiro / Muqui','São Francisco','Muqui','ES','','2013-04-27','2013-07-29',null,15616);
INSERT INTO hmprojetos.codigo_prefeitura values (369,'14008','2015',13034);
INSERT INTO hmprojetos.servico values (12072,'PAQ','PAQ 2012.072','Construção Subsolo 3 e Térreo','','','Rua José Turini, s/ nº','Recanto','Cachoeiro de Itapemirim','ES','','2012-08-06','2013-12-11',null,15065);
INSERT INTO hmprojetos.codigo_prefeitura values (370,'14209','2003',12072);
INSERT INTO hmprojetos.servico values (12078,'PAQ','PAQ 2012.078','Revisão de Projeto','','','Av. Caiçara, 102/104','Caiçara','Cachoeiro de Itapemirim','ES','','2012-08-21',null,null,15211);
INSERT INTO hmprojetos.codigo_prefeitura values (371,'14209','2003',12078);
INSERT INTO hmprojetos.servico values (215127,'ASS','ASS 2015.127','Prorrogação de Notificação','','','Rua Julio Facini','Aeroporto','Cachoeiro de Itapemirim','ES','','2015-12-17','2016-08-25',null,15623);
INSERT INTO hmprojetos.codigo_prefeitura values (372,'14247','2016',215127);
INSERT INTO hmprojetos.servico values (14045,'PAQ','PAQ 2014.045','Levantamento Arquitetônico','','','','Jaciguá','','','',null,null,null,15238);
INSERT INTO hmprojetos.codigo_prefeitura values (373,'14366','2014',14045);
INSERT INTO hmprojetos.servico values (12015,'PAQ','PAQ 2012.015','Construção Comercial','','','Rod. Cachoeiro X Safra','Alvaro Tavares','Cachoeiro de Itapemirim','ES','','2012-02-29',null,null,15864);
INSERT INTO hmprojetos.codigo_prefeitura values (374,'14469','2016',12015);
INSERT INTO hmprojetos.servico values (14082,'PAQ','PAQ 2014.082','Regularização 1º pavimento','','','Rua Argentino Modesto, nº 13','Bela Vista','Cachoeiro de Itapemirim','ES','','2014-12-17',null,null,15054);
INSERT INTO hmprojetos.codigo_prefeitura values (375,'14473','2016',14082);
INSERT INTO hmprojetos.servico values (09074,'PAQ','PAQ 2009.074','Construção 2º Pavimento','','','Rua Cesar Portas de Brito Filho, nº 15','Agostinho Simonato','Cachoeiro de Itapemirim','ES','','2013-10-11',null,null,15149);
INSERT INTO hmprojetos.codigo_prefeitura values (376,'14474','2016',09074);
INSERT INTO hmprojetos.codigo_prefeitura values (377,'41474','2016',09074);
INSERT INTO hmprojetos.servico values (215101,'ASS','ASS 2015.101','Esclarecimento Notificação','','','Rua João Francisco Vieira , 35','Basileia','Cachoeiro de Itapemirim','ES','','2015-09-25','2019-03-18',null,15883);
INSERT INTO hmprojetos.codigo_prefeitura values (378,'14475','2016',215101);
INSERT INTO hmprojetos.codigo_prefeitura values (379,'31014','2017',215101);
INSERT INTO hmprojetos.servico values (215043,'ASS','ASS 2015.043','Construção Residencial','','','Rua Cel. Francisco Athayde','Conduru','Cachoeiro de Itapemirim','ES','','2015-04-22','2018-03-19',null,15263);
INSERT INTO hmprojetos.codigo_prefeitura values (380,'14741','2015',215043);
INSERT INTO hmprojetos.servico values (12133,'PAQ','PAQ 2012.133','Construção Industrial','','','Rua Joarez Franco Coelho s/nº','Corrego dos Monos','','','','2012-12-12','2018-11-20',null,15484);
INSERT INTO hmprojetos.codigo_prefeitura values (381,'14741','2015',12133);
INSERT INTO hmprojetos.servico values (215038,'ASS','ASS 2015.038','Acomp. Cadastro Ambiental Rural','1100','','Zona Rural','Cachoeira da Concórdia','Rio Novo','ES','','2015-01-28','2017-04-10',null,15794);
INSERT INTO hmprojetos.codigo_prefeitura values (382,'14741','2015',215038);
INSERT INTO hmprojetos.servico values (214039,'ASS','ASS 2014.039','Acompanhamento de Processo','','','','','','ES','','2014-03-10','2019-10-25',null,15048);
INSERT INTO hmprojetos.codigo_prefeitura values (383,'1511','2007',214039);
INSERT INTO hmprojetos.servico values (14071,'PAQ','PAQ 2014.071','Regularização Residencial','','','Rua Silvino Ambrósio, n°35','Boa Vista','Cachoeiro de Itapemirim','ES','','2014-11-12',null,null,15030);
INSERT INTO hmprojetos.codigo_prefeitura values (384,'15272','2016',14071);
INSERT INTO hmprojetos.servico values (215044,'ASS','ASS 2015.044','Renovação de Alvará','200','','Rua Herculano Santana','São Geraldo','Cachoeiro de Itapemirim','ES','','2015-04-20','2016-06-08',null,15491);
INSERT INTO hmprojetos.codigo_prefeitura values (385,'15294','2016',215044);
INSERT INTO hmprojetos.servico values (212214,'ASS','ASS 2012.214','Habite-se','','','Rua Mercedes Isabel Clemasco , s/nº','São Geraldo','Cachoeiro de Itapemirim','ES','','2012-10-23','2013-06-06',null,15618);
INSERT INTO hmprojetos.codigo_prefeitura values (386,'15697','2015',212214);
INSERT INTO hmprojetos.servico values (215030,'ASS','ASS 2015.030','Retificação de àrea (cartório)','500','2x','Rua Virgílio Alves, nº19','Ibitiquara','Cachoeiro de Itapemirim','ES','','2015-03-19','2019-08-05',null,15822);
INSERT INTO hmprojetos.codigo_prefeitura values (387,'3414','2019',215030);
INSERT INTO hmprojetos.servico values (212157,'ASS','ASS 2012.157','Prorrogação de Notificação','','','Rua Abel Santana, s/nº','Gilson Carone','Cachoeiro de Itapemirim','ES','','2012-08-15',null,null,15204);
INSERT INTO hmprojetos.codigo_prefeitura values (388,'15829','2016',212157);
INSERT INTO hmprojetos.servico values (214143,'ASS','ASS 2014.143','Licença para Regularização','','','Corrego Vermelho - Rua José Fernandes, s/nº','Distrito Itaoca','Cachoeiro de Itapemirim','ES','','2014-12-08',null,null,15216);
INSERT INTO hmprojetos.codigo_prefeitura values (389,'15830','2016',214143);
INSERT INTO hmprojetos.servico values (14038,'PAQ','PAQ 2014.038','Regularização Residencial','','','Rua Mário Imperial Filho, nº 69 a 71','Santo Antônio','Cachoeiro de Itapemirim','ES','','2014-05-07',null,null,15692);
INSERT INTO hmprojetos.codigo_prefeitura values (390,'15831','2016',14038);
INSERT INTO hmprojetos.servico values (216055,'ASS','ASS 2016.055','Retificação de Desenho','500','2x','Avn. Mauro Miranda Madureira','Coramara','Cachoeiro de Itapemirim','ES','29313310','2016-05-27',null,null,15456);
INSERT INTO hmprojetos.codigo_prefeitura values (391,'16283','2013',216055);
INSERT INTO hmprojetos.servico values (16035,'PAQ','PAQ 2016.035','Regularização Residencial','2800','6x','Rua Corinto Barbosa lima, nº7','Village da Luz','Cachoeiro de Itapemirim','ES','','2016-07-22',null,null,16049);
INSERT INTO hmprojetos.codigo_prefeitura values (392,'17170','2016',16035);
INSERT INTO hmprojetos.servico values (213160,'ASS','ASS 2013.160','Regularização Comercial','200','2x','Rua Projetada 01, s/nº','Coramara','Cachoeiro de Itapemirim','ES','','2013-09-13','2019-06-12',null,15159);
INSERT INTO hmprojetos.codigo_prefeitura values (393,'17352','2015',213160);
INSERT INTO hmprojetos.servico values (213159,'ASS','ASS 2013.159','Regularização CREA','','','Rua Jonas Brando Lin Dias, s/nº - loteamento Stª Rosa','Monte Belo','','','',null,null,null,15037);
INSERT INTO hmprojetos.codigo_prefeitura values (394,'18319','2012',213159);
INSERT INTO hmprojetos.servico values (212109,'ASS','ASS 2012.109','Reforma Residencial (Regularização)','','','Rua Miguel Dias Jaques, 36','Teixeira Leite','Cachoeiro de Itapemirim','ES','','2012-05-18',null,null,15301);
INSERT INTO hmprojetos.codigo_prefeitura values (395,'18319','2012',212109);
INSERT INTO hmprojetos.servico values (212161,'ASS','ASS 2012.161','Construção Multifamiliar','','','Rua Hilda Lopes Barbieri','Jardim América','','','',null,null,null,15717);
INSERT INTO hmprojetos.codigo_prefeitura values (396,'18319','2012',212161);
INSERT INTO hmprojetos.servico values (213198,'ASS','ASS 2013.198','Renovação de Alvará','','','Rua Justino Hermely','Amarelo','Cachoeiro de Itapemirim','ES','','2013-12-02','2014-03-24',null,15840);
INSERT INTO hmprojetos.codigo_prefeitura values (397,'18319','2012',213198);
INSERT INTO hmprojetos.servico values (115031,'PRS','PRS 2015.031','Retificação de área','1000','','Rua Recanto das Pedras','Marbrasa','Cachoeiro de Itapemirim','ES','','2015-10-07','2017-10-06',null,15067);
INSERT INTO hmprojetos.codigo_prefeitura values (398,'18586','2016',115031);
INSERT INTO hmprojetos.servico values (14046,'PAQ','PAQ 2014.046','Regularização Residencial','2300','5x','Rua Elvira Boghi Louzada - Nº 05','Aeroporto','Cachoeiro de Itapemirim','ES','','2014-06-18','2019-01-10',null,15839);
INSERT INTO hmprojetos.codigo_prefeitura values (399,'18587','2016',14046);
INSERT INTO hmprojetos.servico values (214005,'ASS','ASS 2014.005','Regularização Residencial','','','Rua Benedicto Abreu, nº 45','Jardim Itapemirim','Cachoeiro de Itapemirim','ES','','2014-02-20',null,null,15345);
INSERT INTO hmprojetos.codigo_prefeitura values (400,'18602','2014',214005);
INSERT INTO hmprojetos.servico values (211003,'ASS','ASS 2011.003','Construção Comercial / Lojas','','','Rua Bernardo Horta, s/nº','Guandú','','','','2011-04-20','2015-10-09',null,15387);
INSERT INTO hmprojetos.codigo_prefeitura values (401,'18616','2015',211003);
INSERT INTO hmprojetos.servico values (215021,'ASS','ASS 2015.021','Construção Residencial','500','','Rua Santa Luzia, 63','Amarelo','Cachoeiro de Itapemirim','ES','','2015-02-24','2019-10-11',null,15505);
INSERT INTO hmprojetos.codigo_prefeitura values (402,'19057','2016',215021);
INSERT INTO hmprojetos.servico values (215075,'ASS','ASS 2015.075','Acompanhamento de processo','','','Rodovia Engenheiro Fabiano Vivacqua - BR 482','Morro Grande','Cachoeiro de Itapemirim','ES','','2015-07-02',null,null,15735);
INSERT INTO hmprojetos.codigo_prefeitura values (403,'19186','2015',215075);
INSERT INTO hmprojetos.servico values (15033,'PAQ','PAQ 2015.033','Substituição Residencial','','','Rua antônio Moreira dos Santos','Rui Pinto Bandeira','Cachoeiro de Itapemirim','ES','29315830','2015-08-01','2016-09-23',null,15490);
INSERT INTO hmprojetos.codigo_prefeitura values (404,'19186','2016',15033);
INSERT INTO hmprojetos.servico values (212191,'ASS','ASS 2012.191','Regularização de Obra','','','Rua Paulina Simonato, 10','Agostinho Simonato','Cachoeiro de Itapemirim','ES','','2012-09-17','2013-01-11',null,16050);
INSERT INTO hmprojetos.codigo_prefeitura values (405,'45713','2011',212191);
INSERT INTO hmprojetos.servico values (214077,'ASS','ASS 2014.077','Licença para Construção - 2º Pavimento','500','2x','Rua César de Brito Portas Filho, 02','Agostinho Simonato','Cachoeiro de Itapemirim','ES','','2014-06-13',null,null,15739);
INSERT INTO hmprojetos.codigo_prefeitura values (406,'19244','2014',214077);
INSERT INTO hmprojetos.servico values (15003,'PAQ','PAQ 2015.003','Regularização Residencial','','','Rua Santa Luzia, nº126 a 130','Sumaré','Cachoeiro de Itapemirim','ES','','2015-01-23','2019-07-31',null,15505);
INSERT INTO hmprojetos.codigo_prefeitura values (407,'19818','2016',15003);
INSERT INTO hmprojetos.servico values (216023,'ASS','ASS 2016.023','Transferência de Titularidade','200','','Rua Maurilio Coelho, s/n','Ilha da Luz','Cachoeiro de Itapemirim','ES','','2016-02-25','2016-08-17',null,15846);
INSERT INTO hmprojetos.codigo_prefeitura values (408,'19825','2016',216023);
INSERT INTO hmprojetos.servico values (213186,'ASS','ASS 2013.186','Regularização Residencial - Prefeitura','500','','Rua Virginia, nº 18','Guandú','Cachoeiro de Itapemirim','ES','','2013-10-31','2017-03-08',null,15153);
INSERT INTO hmprojetos.codigo_prefeitura values (409,'19894','2016',213186);
INSERT INTO hmprojetos.servico values (213102,'ASS','ASS 2013.102','Licença para Construção','400','','Rodovia Ricardo Barbieri, s/nº ','Aeroporto','Cachoeiro de Itapemirim','ES','29314195','2013-06-12',null,null,15722);
INSERT INTO hmprojetos.codigo_prefeitura values (410,'20515','2013',213102);
INSERT INTO hmprojetos.servico values (209042,'ASS','ASS 2009.042','Regularização Religiosa','378','2x','Rua Praça João Fardim, 13','Paraíso','','','',null,null,null,15236);
INSERT INTO hmprojetos.codigo_prefeitura values (411,'2092','2016',209042);
INSERT INTO hmprojetos.servico values (11079,'PAQ','PAQ 2011.079','Regularização Residencial','','','Rua Alvaro Ramos','Recanto','Cachoeiro de Itapemirim','ES','','2012-05-21','2014-07-02',null,15446);
INSERT INTO hmprojetos.codigo_prefeitura values (412,'21274','2014',11079);
INSERT INTO hmprojetos.servico values (215131,'ASS','ASS 2015.131','Regularização INSS - CND','','','Rua José Barbosa, 12','Jardim Itapemirim','Cachoeiro de Itapemirim','ES','','2016-01-04',null,null,15564);
INSERT INTO hmprojetos.codigo_prefeitura values (413,'21274','2014',215131);
INSERT INTO hmprojetos.servico values (215103,'ASS','ASS 2015.103','Averbação Cartório','','','Rua Anibal Machado, s/nº','Ilmenita','Marataízes','ES','','2015-09-25','2019-07-06',null,15644);
INSERT INTO hmprojetos.servico values (08033,'PAQ','PAQ 2008.033','Alvará','','','','Paraíso','','','','2008-11-28',null,null,15770);
INSERT INTO hmprojetos.codigo_prefeitura values (414,'21274','2014',08033);
INSERT INTO hmprojetos.servico values (215119,'ASS','ASS 2015.119','Certidão de ônus - Cartório','','','Rua Clementina de Jesus, 52 a 56','Coramara','Cachoeiro de Itapemirim','ES','','2015-11-27','2015-12-30',null,15898);
INSERT INTO hmprojetos.codigo_prefeitura values (415,'21274','2014',215119);
INSERT INTO hmprojetos.servico values (216062,'ASS','ASS 2016.062','Certidão Detalhada - Troca Titularidade','250','2x','Rua Alvaro Ramos','Recanto','Cachoeiro de Itapemirim','ES','29303040','2016-06-16','2017-09-22',null,15446);
INSERT INTO hmprojetos.codigo_prefeitura values (416,'21821','2016',216062);
INSERT INTO hmprojetos.servico values (213208,'ASS','ASS 2013.208','Licença para Construção','','','Rua Leontina Sedano da Costa, s/nº ','São Francisco de Assis','Cachoeiro de Itapemirim','ES','','2014-07-08','2014-12-20',null,15526);
INSERT INTO hmprojetos.codigo_prefeitura values (417,'21969','2014',213208);
INSERT INTO hmprojetos.servico values (213190,'ASS','ASS 2013.190','Retificação de Área','','','Rua Manoel Pereira da Silva, s/nº','Marbrasa','Cachoeiro de Itapemirim','ES','','2013-11-20','2014-03-24',null,15673);
INSERT INTO hmprojetos.codigo_prefeitura values (418,'22274','2015',213190);
INSERT INTO hmprojetos.servico values (216012,'ASS','ASS 2016.012','Acompanhamento EIV','','','Av. Mauro Miranda Madureira, 1151','Coramara','Cachoeiro de Itapemirim','ES','','2015-11-19','2017-01-19',null,16009);
INSERT INTO hmprojetos.codigo_prefeitura values (419,'2252','2016',216012);
INSERT INTO hmprojetos.servico values (208020,'ASS','ASS 2008.020','Acompanhamento de Processo','300','2x','Rua Valdemiro Charra, nº 09','Gilson Caroni','','','','2015-01-21','2017-01-10',null,15461);
INSERT INTO hmprojetos.codigo_prefeitura values (420,'2255','2016',208020);
INSERT INTO hmprojetos.servico values (212155,'ASS','ASS 2012.155','Comissão de Usucapião','400','2x','Rua Abílio Ciciliotti','Vila Rica','Cachoeiro de Itapemirim','ES','','2012-08-10','2018-01-18',null,15453);
INSERT INTO hmprojetos.codigo_prefeitura values (421,'2256','2016',212155);
INSERT INTO hmprojetos.servico values (216002,'ASS','ASS 2016.002','Acompanhamento EIV','1100','','Praça Jerônimo Monteiro, 57, sala 305','Centro (Louzada &Louzada Advogados)','Cachoeiro de Itapemirim','ES','','2016-01-06','2016-04-18',null,15878);
INSERT INTO hmprojetos.codigo_prefeitura values (422,'2270','2016',216002);
INSERT INTO hmprojetos.servico values (11123,'PAQ','PAQ 2011.123','Construção Religiosa','','','Rua Rubens Moura, 6','Abelardo Ferreira Machado','Cachoeiro de Itapemirim','ES','','2011-06-07','2018-01-26',null,15208);
INSERT INTO hmprojetos.codigo_prefeitura values (423,'22714','2015',11123);
INSERT INTO hmprojetos.servico values (215026,'ASS','ASS 2015.026','Regularização INSS','400','2x','Rua Virginia Bitencourt Chaves','São José das Torres','Mimoso do Sul','ES','29400000','2015-03-11','2019-02-05',null,15322);
INSERT INTO hmprojetos.servico values (11095,'PAQ','PAQ 2011.095','Substituição de Projeto','','','Rua Maurício Coelho, s/nº','Ilha da Luz','','','',null,null,null,15333);
INSERT INTO hmprojetos.codigo_prefeitura values (424,'22714','2015',11095);
INSERT INTO hmprojetos.servico values (12008,'PAQ','PAQ 2012.008','Construção Residencial','','','Rua Boaventura Guimarães Filho (Antiga Rua 26)','Abelardo Ferreira Machado','','','',null,null,null,15598);
INSERT INTO hmprojetos.codigo_prefeitura values (425,'22714','2015',12008);
INSERT INTO hmprojetos.servico values (214090,'ASS','ASS 2014.090','Habite-se/Certidão Detalhada','500','2x','Rua Dr. Justino Emerly Elias, 51/52','Amarelo','Cachoeiro de Itapemirim','ES','','2014-07-09',null,null,15840);
INSERT INTO hmprojetos.codigo_prefeitura values (426,'23017','2014',214090);
INSERT INTO hmprojetos.codigo_prefeitura values (427,'23021','2014',214090);
INSERT INTO hmprojetos.servico values (14030,'PAQ','PAQ 2014.030','Reforma Residencial','','','Rua angelo do amaral, 23','Aeroporto','Cachoeiro de Itapemirim','ES','','2014-04-04','2018-03-01',null,15824);
INSERT INTO hmprojetos.codigo_prefeitura values (428,'23093','2016',14030);
INSERT INTO hmprojetos.servico values (215081,'ASS','ASS 2015.081','Habite-se','','','Ruas das Begonias','Paraíso','Cachoeiro de Itapemirim','ES','','2015-07-14','2015-12-22',null,15682);
INSERT INTO hmprojetos.codigo_prefeitura values (429,'23908','2015',215081);
INSERT INTO hmprojetos.servico values (211105,'ASS','ASS 2011.105','Acompanhamento de Processo','','','Av. Jeremias Sandoval','Aquidaban','Cachoeiro de Itapemirim','ES','','2011-12-15','2019-10-25',null,15757);
INSERT INTO hmprojetos.codigo_prefeitura values (430,'24508','2007',211105);
INSERT INTO hmprojetos.servico values (105028,'PRS','PRS 2005.028','Usucapião','','','Avenida Aristídes Campos, 67','Santo Antônio','Cachoeiro de Itapemirim','ES','','2013-10-03','2013-10-07',null,15862);
INSERT INTO hmprojetos.codigo_prefeitura values (431,'24508','2007',105028);
INSERT INTO hmprojetos.servico values (211144,'ASS','ASS 2011.144','Regularização Residencial','400','1x','','Abelardo Ferreira Machado','','','',null,null,null,15823);
INSERT INTO hmprojetos.codigo_prefeitura values (432,'2451','2016',211144);
INSERT INTO hmprojetos.servico values (215071,'ASS','ASS 2015.071','Retificação de Área - Prefeitura','','','Rua Miguel Dias Jaques, n° 26 a 36','Teixeira Leite','Cachoeiro de Itapemirim','ES','','2015-06-19','2016-08-17',null,15846);
INSERT INTO hmprojetos.codigo_prefeitura values (433,'2451','2016',215071);
INSERT INTO hmprojetos.servico values (12082,'PAQ','PAQ 2012.082','Construção Residencial','','','Rodovia Cachoeiro x Atílio','Ruy Pinto Bandeira','Cachoeiro de Itapemirim','ES','','2012-08-22','2018-03-12',null,15162);
INSERT INTO hmprojetos.codigo_prefeitura values (434,'24520','2012',12082);
INSERT INTO hmprojetos.servico values (12093,'PAQ','PAQ 2012.093','Regularização Residencial','','','Gelson Dias dos Santos, s/nº','Rui Pinto Bandeira','Cachoeiro de Itapemirim','ES','','2012-09-20','2012-11-26',null,15311);
INSERT INTO hmprojetos.codigo_prefeitura values (435,'24520','2012',12093);
INSERT INTO hmprojetos.servico values (12104,'PAQ','PAQ 2012.104','Regularização Residencial','','','Rua Izabel pereira Lima, 53','Amaral','','','',null,null,null,15785);
INSERT INTO hmprojetos.codigo_prefeitura values (436,'24520','2012',12104);
INSERT INTO hmprojetos.servico values (212225,'ASS','ASS 2012.225','Retificação de Área - Cartório','','','','Arariguaba','','','',null,null,null,15118);
INSERT INTO hmprojetos.codigo_prefeitura values (437,'24895','2015',212225);
INSERT INTO hmprojetos.servico values (11056,'PAQ','PAQ 2011.056','Construção Residencial','','','Rua Vanderley Barbosa, s/nº','Soturno','','','','2011-10-27','2017-05-18',null,15085);
INSERT INTO hmprojetos.codigo_prefeitura values (438,'25094','2015',11056);
INSERT INTO hmprojetos.servico values (213154,'ASS','ASS 2013.154','Ampliação Residencial','','','Rua Tércio do Rosário,n°26','Jardim Itapemirim','Cachoeiro de Itapemirim','ES','','2014-09-08','2015-10-15',null,15091);
INSERT INTO hmprojetos.codigo_prefeitura values (439,'25094','2015',213154);
INSERT INTO hmprojetos.servico values (112040,'PRS','PRS 2012.040','Usucapião','','','Rua José Galegario','Aeroporto','','','',null,null,null,15516);
INSERT INTO hmprojetos.codigo_prefeitura values (440,'25094','2015',112040);
INSERT INTO hmprojetos.servico values (216063,'ASS','ASS 2016.063','Alvará de Construção','500','','Rua Isidoro Sequim, 87','Parque Laranjeiras','Cachoeiro de Itapemirim','ES','29317012','2016-07-05','2017-03-04',null,16014);
INSERT INTO hmprojetos.codigo_prefeitura values (441,'25641','2016',216063);
INSERT INTO hmprojetos.servico values (216040,'ASS','ASS 2016.040','Regularização Residencial','500','2x','Rua Manoel de Oliveira e Souza, 45','Alto Independência','Cachoeiro de Itapemirim','ES','29','2016-03-30','2019-08-24',null,16019);
INSERT INTO hmprojetos.link_externo values (1151,'IPTU 58227','http://www2.cachoeiro.es.gov.br:8080/ZimWeb/servlet/ZII?connection=producao&program=pwci001&vudTipoDocum=9&vudNoDocum=58227&vexercicio=2019',216040);
INSERT INTO hmprojetos.link_externo values (1152,'CND 58227','http://www2.cachoeiro.es.gov.br:8080/ZimWeb/servlet/ZII?vudTipoDocum=3&vudNoDocum=58227&debug=true&connection=producao&program=pwud001&template=%28vudTipoDocum%2CvudNoDocum%2CvudFinalidade%29&B1=Pesquisar',216040);
INSERT INTO hmprojetos.codigo_prefeitura values (442,'25645','2016',216040);
INSERT INTO hmprojetos.servico values (212258,'ASS','ASS 2012.258','Regularização Residencial','','','Rua Virgilio Alves - N° 33/35','Ibitiquara','Cachoeiro de Itapemirim','ES','29307195','2012-12-27',null,null,15822);
INSERT INTO hmprojetos.codigo_prefeitura values (443,'25723','2014',212258);
INSERT INTO hmprojetos.servico values (214072,'ASS','ASS 2014.072','Regularização Residencial','','','Rua Basilio pimenta, 85','Basiléia','Cachoeiro de Itapemirim','ES','','2014-06-04','2014-06-25',null,15741);
INSERT INTO hmprojetos.codigo_prefeitura values (444,'26016','2016',214072);
INSERT INTO hmprojetos.servico values (12117,'PAQ','PAQ 2012.117','Substituição de Projeto','','','Rua Euclides da Cunha, 35','Paraíso','Cachoeiro de Itapemirim','ES','','2012-11-08','2013-04-05',null,15829);
INSERT INTO hmprojetos.codigo_prefeitura values (445,'26739','2013',12117);
INSERT INTO hmprojetos.servico values (216061,'ASS','ASS 2016.061','Regularização Residencial','700','','ES','Cachoeiro de Itapemirim','Independência','Avenida Monte Castelo','','2016-06-16',null,null,10001);
INSERT INTO hmprojetos.codigo_prefeitura values (446,'27006','2016',216061);
INSERT INTO hmprojetos.servico values (215088,'ASS','ASS 2015.088','Certidão Detalhada','','','Rua Waldir Sebastião Carreiro, n°59/61','Jardim Itapemirim','Cachoeiro de Itapemirim','ES','','2015-08-04','2016-03-31',null,15128);
INSERT INTO hmprojetos.codigo_prefeitura values (447,'27061','2015',215088);
INSERT INTO hmprojetos.servico values (212031,'ASS','ASS 2012.031','CND Previdência','','','Rua Joaquim Aquino Xavier','Nova Brasilia','Cachoeiro de Itapemirim','ES','','2012-07-05',null,null,15460);
INSERT INTO hmprojetos.codigo_prefeitura values (449,'27181','2012',212031);
INSERT INTO hmprojetos.servico values (10055,'PAQ','PAQ 2010.055','Regularização Residencial','1200','4x','Rua Fernando de Mori, nº 89/91','Vila Rica','Cachoeiro de Itapemirim','ES','','2010-10-21',null,null,15866);
INSERT INTO hmprojetos.codigo_prefeitura values (450,'27664','2010',10055);
INSERT INTO hmprojetos.servico values (216089,'ASS','ASS 2016.089','Acompanhamento EIV','900','','Rodovia BR 482','Central Parque','Cachoeiro de Itapemirim','ES','29313161','2016-11-07','2017-11-01',null,16018);
INSERT INTO hmprojetos.codigo_prefeitura values (451,'2827','2017',216089);
INSERT INTO hmprojetos.servico values (14047,'PAQ','PAQ 2014.047','Construção Residencial','','','Rua Dr. Ozires de AlmeidaFreitas,nº 89','Vila Rica','Cachoeiro de Itapemirim','ES','','2014-06-20','2014-08-26',null,15604);
INSERT INTO hmprojetos.codigo_prefeitura values (452,'28283','2014',14047);
INSERT INTO hmprojetos.servico values (215077,'ASS','ASS 2015.077','Regularização CREA','','','Rua Aguilar Ferreira Athayde, n° 43','Monte Belo','','','',null,null,null,15285);
INSERT INTO hmprojetos.codigo_prefeitura values (453,'28385','2006',215077);
INSERT INTO hmprojetos.servico values (216010,'ASS','ASS 2016.010','Processo Substituição de Projeto','500','2x','Rua Antônio Julio Lisboa, s/nº','Vila Rica','Cachoeiro de Itapemirim','ES','','2016-01-26','2017-09-11',null,15019);
INSERT INTO hmprojetos.codigo_prefeitura values (454,'2881','2016',216010);
INSERT INTO hmprojetos.servico values (12115,'PAQ','PAQ 2012.115','Revisão de Projeto','','','Rua César de Brito Portas Filho, 3','Agostinho Simonato','Cachoeiro de Itapemirm','ES','','2012-11-05','2013-11-11',null,15074);
INSERT INTO hmprojetos.codigo_prefeitura values (455,'28816','2015',12115);
INSERT INTO hmprojetos.servico values (14044,'PAQ','PAQ 2014.044','Regularização Cobertura','','','Rua Miguel Dias Jacques, 144/146','Teixeira Leite','Cachoeiro de Itapemirim','ES','','2014-06-05','2015-07-28',null,15079);
INSERT INTO hmprojetos.codigo_prefeitura values (456,'28816','2015',14044);
INSERT INTO hmprojetos.servico values (214127,'ASS','ASS 2014.127','Habite-se 1° e 2° pavimento e Certidão de Todos','','','Rua Rafael Dias Pacheco, nº 43','Recanto','Cachoeiro de Itapemirim','ES','','2014-10-08','2016-02-25',null,15805);
INSERT INTO hmprojetos.codigo_prefeitura values (457,'28816','2015',214127);
INSERT INTO hmprojetos.servico values (112035,'PRS','PRS 2012.035','Reserva Florestal','','','','Campos Elisios','','','',null,null,null,15854);
INSERT INTO hmprojetos.codigo_prefeitura values (458,'28816','2015',112035);
INSERT INTO hmprojetos.servico values (216071,'ASS','ASS 2016.071','Fracionamento de Imóvel','100','','Rua das Palmeiras, 16','Alto Amarelo','Cachoeiro de Itapemirim','ES','','2016-08-04','2017-08-11',null,15477);
INSERT INTO hmprojetos.codigo_prefeitura values (459,'28992','2016',216071);
INSERT INTO hmprojetos.servico values (12032,'PAQ','PAQ 2012.032','Croqui Arquitetônico','','','','Córrego dos Monos','','','',null,null,null,15209);
INSERT INTO hmprojetos.codigo_prefeitura values (460,'29460','2015',12032);
INSERT INTO hmprojetos.servico values (215006,'ASS','ASS 2015.006','Retificação de Área','','','Rua da Cofril','Amapá','Atilio Vivácqua','ES','','2015-01-14','2015-03-16',null,15303);
INSERT INTO hmprojetos.codigo_prefeitura values (461,'29460','2015',215006);
INSERT INTO hmprojetos.servico values (12020,'PAQ','PAQ 2012.020','Regularização Residencial','','','Rua Gerson Moura, nº04','Vila Rica','','','',null,null,null,15715);
INSERT INTO hmprojetos.codigo_prefeitura values (462,'29460','2015',12020);
INSERT INTO hmprojetos.servico values (13087,'PAQ','PAQ 2013.087','Construção Industrial','','','','São Joaquim','','','',null,null,null,15414);
INSERT INTO hmprojetos.codigo_prefeitura values (463,'30086','2015',13087);
INSERT INTO hmprojetos.servico values (214134,'ASS','ASS 2014.134','Averbação de Imóvel','','','Rua Bom Fim ','praia de Itaoca','Itapemirim','ES','','2014-11-05','2018-04-18',null,15460);
INSERT INTO hmprojetos.codigo_prefeitura values (464,'30086','2015',214134);
INSERT INTO hmprojetos.servico values (213055,'ASS','ASS 2013.055','Renovação de Alvará','','','Rua Domingos Fabris, 55','São Geraldo','Cachoeiro de Itapemirim','ES','','2013-03-28','2013-10-24',null,15614);
INSERT INTO hmprojetos.codigo_prefeitura values (465,'30086','2015',213055);
INSERT INTO hmprojetos.servico values (13079,'PAQ','PAQ 2013.079','Regularização de Galpão','','','Avenida Aristídes Campos, 67','Santo Antônio','Cachoeiro de Itapemirim','ES','','2013-10-25','2013-11-25',null,15862);
INSERT INTO hmprojetos.codigo_prefeitura values (466,'30086','2015',13079);
INSERT INTO hmprojetos.servico values (216078,'ASS','ASS 2016.078','Cadastramento 1º Pavimento','200','','Rua José Rosa Machado, nº146 a 154','Abelardo Ferreira Machado','Cachoeiro de Itapemirim','ES','','2016-09-02','2016-12-05',null,15491);
INSERT INTO hmprojetos.codigo_prefeitura values (467,'30633','2016',216078);
INSERT INTO hmprojetos.servico values (212186,'ASS','ASS 2012.186','Renovação de Alvará','','','Rua Justino Hermely','Amarelo','Cachoeiro de Itapemirim','ES','','2012-09-13','2013-12-02',null,15840);
INSERT INTO hmprojetos.codigo_prefeitura values (468,'31145','2014',212186);
INSERT INTO hmprojetos.servico values (211141,'ASS','ASS 2011.141','Regularização Residencial','400','','Rua Leandro Agostinho, 07','Jardim América','Cachoeiro de Itapemirim','ES','','2013-03-04','2016-12-22',null,15701);
INSERT INTO hmprojetos.codigo_prefeitura values (469,'31490','2014',211141);
INSERT INTO hmprojetos.servico values (06069,'PAQ','PAQ 2006.069','Autenticação Residencial','','','Rua Chico Mendes, 45','Monte Belo','Cachoeiro de Itapemirim','ES','29315280','2006-08-11','2018-07-26',null,15832);
INSERT INTO hmprojetos.codigo_prefeitura values (470,'32793','2015',06069);
INSERT INTO hmprojetos.servico values (11050,'PAQ','PAQ 2011.050','Construção Residencial','','','Rua Projetada B','Distrito de São Joaquim','Cachoeiro de Itapemirim','ES','','2011-11-28','2018-03-09',null,15747);
INSERT INTO hmprojetos.servico values (209098,'ASS','ASS 2009.098','Ampliação 1º pav. / Cobertura - 4º pav.','300','','Avenida Beira Rio, s/nº','Guandú','Cachoeiro de Itapemirim','ES','','2010-02-09','2019-01-02',null,15433);
INSERT INTO hmprojetos.codigo_prefeitura values (471,'33250','2009',209098);
INSERT INTO hmprojetos.codigo_prefeitura values (472,'28385','2006',209098);
INSERT INTO hmprojetos.servico values (09059,'PAQ','PAQ 2009.059','Projeto do Campo de Futebol','','','','Aeroporto','','','',null,null,null,15086);
INSERT INTO hmprojetos.codigo_prefeitura values (473,'33482','2015',09059);
INSERT INTO hmprojetos.servico values (215041,'ASS','ASS 2015.041','Renovação de Alvará','','','Avenida Aristides Campos, 490','Campo da Leopoldina','Cachoeiro de Itapemirim','ES','29305360','2015-04-20','2015-06-10',null,15289);
INSERT INTO hmprojetos.codigo_prefeitura values (474,'33482','2015',215041);
INSERT INTO hmprojetos.servico values (216081,'ASS','ASS 2016.081','Substituição de Processo','500','2x','Rua antônio Moreira dos Santos','Rui Pinto Bandeira','Cachoeiro de Itapemirim','ES','29315830','2016-09-23','2018-12-13',null,15490);
INSERT INTO hmprojetos.codigo_prefeitura values (475,'34684','2016',216081);
INSERT INTO hmprojetos.servico values (216033,'ASS','ASS 2016.033','Acompanhamento LO','500','','Rodovia BR 482','Central Parque','Cachoeiro de Itapemirim','ES','','2016-03-17','2016-04-12',null,16018);
INSERT INTO hmprojetos.codigo_prefeitura values (476,'34980','2015',216033);
INSERT INTO hmprojetos.servico values (212061,'ASS','ASS 2012.061','Construção Residencial','','','Rua Nilton Fardim Perim','Vila Rica','Cachoeiro de Itapemirim','ES','','2012-04-10','2013-10-03',null,15342);
INSERT INTO hmprojetos.codigo_prefeitura values (477,'35499','2015',212061);
INSERT INTO hmprojetos.servico values (215107,'ASS','ASS 2015.107','Habite-se e Certidão Detalhada','','','Rua Mario Soares Reis, 17 a 23','Alto Indepêndencia - 29306-355','Cachoeiro de Itapemirim','ES','','2015-10-19','2016-03-02',null,15569);
INSERT INTO hmprojetos.codigo_prefeitura values (478,'35499','2015',215107);
INSERT INTO hmprojetos.servico values (214024,'ASS','ASS 2014.024','Cópia de projeto','','','Rua Herculano Santana, 45','São Geraldo','','','',null,null,null,15312);
INSERT INTO hmprojetos.codigo_prefeitura values (479,'35500','2015',214024);
INSERT INTO hmprojetos.servico values (214121,'ASS','ASS 2014.121','Habite-se /Certidão Detalhada','','','Rua Antônio Pedro Carleto, n°56 a 70','Vila Rica','Cachoeiro de Itapemirim','ES','','2014-10-02',null,null,15734);
INSERT INTO hmprojetos.codigo_prefeitura values (480,'35918','2014',214121);
INSERT INTO hmprojetos.servico values (214150,'ASS','ASS 2014.150','Renovação de Alvará','','','Beco Florentino Vantil, 17','Paraíso','Cachoeiro de Itapemirim','ES','29304250','2014-12-19','2015-03-27',null,15819);
INSERT INTO hmprojetos.codigo_prefeitura values (481,'1293','2015',214150);
INSERT INTO hmprojetos.servico values (15032,'PAQ','PAQ 2015.032','Regularização Residencial ','','','Samuel Levy 311','Arquidabã','Cachoeiro de Itapemirim','ES','','2015-07-27','2018-04-20',null,15015);
INSERT INTO hmprojetos.codigo_prefeitura values (482,'35923','2014',15032);
INSERT INTO hmprojetos.servico values (12074,'PAQ','PAQ 2012.074','Ampliação Residencial ','','','Rua Regina Piassarolo, 13','Agostinho Simonato','','','',null,null,null,15681);
INSERT INTO hmprojetos.codigo_prefeitura values (483,'36077','2014',12074);
INSERT INTO hmprojetos.servico values (15026,'PAQ','PAQ 2015.026','Regularização Comercial ','','','Rua Apostolo Tiago Maior, nº 12 à 16','Rui Pinto Bandeira ','Cachoeiro de Itapemirim','ES','','2015-07-11','2015-08-31',null,15775);
INSERT INTO hmprojetos.codigo_prefeitura values (484,'36077','2014',15026);
INSERT INTO hmprojetos.servico values (109045,'PRS','PRS 2009.045','Retificação de Área','','','Rua Humberto Tirello, 3','Aeroporto','','','','2009-12-22',null,null,15237);
INSERT INTO hmprojetos.codigo_prefeitura values (485,'36095','2013',109045);
INSERT INTO hmprojetos.servico values (214122,'ASS','ASS 2014.122','Prorragação de Intimação','','','Rua Gelson Dias dos Santos,164','Rui Pinto Bandeira','Cachoeiro de Itapemirim','ES','','2014-09-19','2018-04-28',null,15311);
INSERT INTO hmprojetos.codigo_prefeitura values (486,'3615','2016',214122);
INSERT INTO hmprojetos.servico values (115012,'PRS','PRS 2015.012','Usucapião','','','Rua Nicanor Batista, n° 09','Aeroporto ','Cachoeiro de Itapemirim','ES','','2015-05-21','2015-06-18',null,15579);
INSERT INTO hmprojetos.codigo_prefeitura values (487,'36296','2015',115012);
INSERT INTO hmprojetos.servico values (214055,'ASS','ASS 2014.055','Regularização Residencial','','','Rua José Caetano da Silva, nº 21','São Lucas','Cachoeiro de Itapemirim','ES','','2014-10-29','2016-08-30',null,15025);
INSERT INTO hmprojetos.codigo_prefeitura values (488,'36505','2014',214055);
INSERT INTO hmprojetos.servico values (215092,'ASS','ASS 2015.092','Regulariação Residencial','900','','Rua Miguel dias jacques, 144/146','Teixeira Leite','Cachoeiro de Itapemirim','ES','','2015-08-21','2016-11-14',null,15079);
INSERT INTO hmprojetos.codigo_prefeitura values (489,'36688','2015',215092);
INSERT INTO hmprojetos.servico values (212073,'ASS','ASS 2012.073','Construção Residencial','','','Rua Dino Trés, 05','Vila Rica','Cachoeiro de Itapemirim','ES','','2012-05-29','2013-09-17',null,15422);
INSERT INTO hmprojetos.codigo_prefeitura values (490,'36688','2015',212073);
INSERT INTO hmprojetos.servico values (212064,'ASS','ASS 2012.064','Habite-se / Certidão Detalhada','','','Rua Ena Silvério, nº30','Rui Pinto Bandeira','Cachoeiro de Itapemirim','ES','','2012-04-10','2013-05-31',null,15438);
INSERT INTO hmprojetos.codigo_prefeitura values (491,'36688','2015',212064);
INSERT INTO hmprojetos.servico values (112049,'PRS','PRS 2012.049','Unificação de Área','','','Rua Hilda Lopes Barbieri','Jardim América','','','',null,null,null,15717);
INSERT INTO hmprojetos.codigo_prefeitura values (492,'36688','2015',112049);
INSERT INTO hmprojetos.servico values (16048,'PAQ','PAQ 2016.048','Regularização Residencial','700','','Rua Candido Camara, 18','Conduru - Distrito','Cachoeiro de Itapemirim','ES','','2016-03-31','2017-06-12',null,16067);
INSERT INTO hmprojetos.codigo_prefeitura values (493,'36953','2016',16048);
INSERT INTO hmprojetos.servico values (209060,'ASS','ASS 2009.060','Regularização Residencial','','','Rua Dr. Deolindo, 65','Baiminas','Cachoeiro de Itapemirim','ES','','2009-10-27',null,null,15625);
INSERT INTO hmprojetos.codigo_prefeitura values (494,'37349','2009',209060);
INSERT INTO hmprojetos.servico values (215113,'ASS','ASS 2015.113','Renovação Alvará','150','2x','Rua Eduardo Gomes, 46 a 52','Ibitiquara','Cachoeiro de Itapemirim','ES','','2015-11-03','2017-01-30',null,15133);
INSERT INTO hmprojetos.codigo_prefeitura values (495,'37454','2015',215113);
INSERT INTO hmprojetos.servico values (212165,'ASS','ASS 2012.165','Averbação de Reserva Florestal - IDAF','','','','Campos Elísios','','','',null,null,null,15424);
INSERT INTO hmprojetos.codigo_prefeitura values (496,'37454','2015',212165);
INSERT INTO hmprojetos.servico values (13037,'PAQ','PAQ 2013.037','Regularização Residencial','','','Rua Hermes Gomes da Silva, nº 20','Boa Vista','','','',null,null,null,15393);
INSERT INTO hmprojetos.codigo_prefeitura values (497,'37480','2014',13037);
INSERT INTO hmprojetos.servico values (213033,'ASS','ASS 2013.033','Regularização Residencial','','','Rua Libio Vieira Machado, nº 28','Paraíso','Cachoeiro de Itapemirim','ES','','2013-02-13','2016-02-11',null,15402);
INSERT INTO hmprojetos.codigo_prefeitura values (498,'3800','2013',213033);
INSERT INTO hmprojetos.servico values (114037,'PRS','PRS 2014.037','Usucapião','','','Rua Nilton Monteiro santos, 21','Alto União','','','',null,null,null,15795);
INSERT INTO hmprojetos.codigo_prefeitura values (499,'38323','2015',114037);
INSERT INTO hmprojetos.servico values (215114,'ASS','ASS 2015.114','Renovação de Alvará','145','','Rua Pedro Quinelato, 80','Ferroviários','Cachoeiro de Itapemirim','ES','','2015-10-30','2016-01-18',null,15869);
INSERT INTO hmprojetos.codigo_prefeitura values (500,'38323','2015',215114);
INSERT INTO hmprojetos.servico values (213188,'ASS','ASS 2013.188','Licença para Regularização','','','Rua:Avenida Leopoldina Smarzaro s/n°','São Lucas','Cachoeiro de Itapemirim','ES','','2013-11-08',null,null,15456);
INSERT INTO hmprojetos.codigo_prefeitura values (501,'38531','2013',213188);
INSERT INTO hmprojetos.codigo_prefeitura values (502,'8376','2015',213188);
INSERT INTO hmprojetos.servico values (112025,'PRS','PRS 2012.025','Usucapião','','','Rua Luiz Rodrigues da Silva','São Luiz Gonzaga','','','',null,null,null,15407);
INSERT INTO hmprojetos.codigo_prefeitura values (503,'38695','2015',112025);
INSERT INTO hmprojetos.servico values (13041,'PAQ','PAQ 2013.041','Croqui Arquitetônico','','','Rua Projetada VII, s/nº','Marbrasa','Cachoeiro de Itapemirim','ES','','2013-05-08','2013-05-23',null,15802);
INSERT INTO hmprojetos.codigo_prefeitura values (504,'38695','2015',13041);
INSERT INTO hmprojetos.servico values (213175,'ASS','ASS 2013.175','Desmembramento','','','Rua Pedro Amorim Prates, n°17','Boa Vista','','','','2013-10-09','2014-08-18',null,15375);
INSERT INTO hmprojetos.codigo_prefeitura values (505,'39373','2013',213175);
INSERT INTO hmprojetos.servico values (212189,'ASS','ASS 2012.189','Unificação de Área','','','Rua Bernardo horta, 315','Guandú','Cachoeiro de Itapemirim','ES','','2012-09-17','2016-02-14',null,15439);
INSERT INTO hmprojetos.codigo_prefeitura values (506,'40084','2012',212189);
INSERT INTO hmprojetos.servico values (111023,'PRS','PRS 2011.023','Usucapião','','','Rua Nestor Gomes','Marataízes','','','',null,null,null,15028);
INSERT INTO hmprojetos.codigo_prefeitura values (507,'40149','2015',111023);
INSERT INTO hmprojetos.servico values (212116,'ASS','ASS 2012.116','Regularização Residencial','','','Rua Oscar Montenegro, nº 31/33','Novo Parque','','','',null,null,null,15398);
INSERT INTO hmprojetos.codigo_prefeitura values (508,'40149','2015',212116);
INSERT INTO hmprojetos.servico values (215093,'ASS','ASS 2015.093','Regularização Unificada','','','Rua Apóstolo Thiago Maior, 12 a 16','Rui Pinto bandeira','Cachoeiro de Itapemirim','ES','','2015-08-25',null,null,15775);
INSERT INTO hmprojetos.codigo_prefeitura values (509,'40149','2015',215093);
INSERT INTO hmprojetos.servico values (210068,'ASS','ASS 2010.068','Regularização 3º Pav.','','','Rua Lucínia Braga Machado, 61','Abelardo Ferreira Machado','','','',null,'2018-09-13',null,15763);
INSERT INTO hmprojetos.codigo_prefeitura values (510,'40165','2015',210068);
INSERT INTO hmprojetos.servico values (213137,'ASS','ASS 2013.137','Retificação de Área','','','Rua Hermes Gomes da Silva, nº 20','Boa Vista','','','','2013-08-01',null,null,15393);
INSERT INTO hmprojetos.codigo_prefeitura values (511,'40480','2015',213137);
INSERT INTO hmprojetos.servico values (215084,'ASS','ASS 2015.084','Habite-se / Certidão Detalhada','300','','Rua Coronel Francisco Braga, 59','Centro','Cachoeiro de Itapemirim','ES','','2015-01-28','2016-02-17',null,15621);
INSERT INTO hmprojetos.codigo_prefeitura values (512,'40480','2015',215084);
INSERT INTO hmprojetos.servico values (216072,'ASS','ASS 2016.072','Averbação Comercial','300','2x','Rua Coronel Francisco Braga, 59','Centro','Cachoeiro de Itapemirim','ES','','2016-08-03','2017-03-23',null,15621);
INSERT INTO hmprojetos.codigo_prefeitura values (513,'40960','2016',216072);
INSERT INTO hmprojetos.servico values (214093,'ASS','ASS 2014.093','Habite-se / Certidão Detalhada','','','','Marataizes','','','',null,null,null,15122);
INSERT INTO hmprojetos.codigo_prefeitura values (514,'40997','2015',214093);
INSERT INTO hmprojetos.servico values (113024,'PRS','PRS 2013.024','Usucapião','','','Rua Projetada 32 s/nº','São Francisco de Assis','Cachoeiro de Itapemirim','ES','','2013-05-03','2018-01-26',null,15848);
INSERT INTO hmprojetos.codigo_prefeitura values (515,'41401','2015',113024);
INSERT INTO hmprojetos.servico values (114016,'PRS','PRS 2014.016','Usucapião','','','','Vila Rica','','','',null,null,null,15509);
INSERT INTO hmprojetos.codigo_prefeitura values (516,'41402','2015',114016);
INSERT INTO hmprojetos.servico values (214111,'ASS','ASS 2014.111','Regularização INSS','500','2x','Rua Fausto Mercon, n°50','Alto Monte Cristo','','','',null,null,null,15574);
INSERT INTO hmprojetos.codigo_prefeitura values (517,'41584','2015',214111);
INSERT INTO hmprojetos.servico values (215070,'ASS','ASS 2015.070','Regularização INSS','','','Rua João Valdino nº 46','Coronel Borges','Cachoeiro de Itapemirim','ES','','2015-06-19',null,null,15657);
INSERT INTO hmprojetos.codigo_prefeitura values (518,'41585','2015',215070);
INSERT INTO hmprojetos.servico values (216094,'ASS','ASS 2016.094','Alvará de Construção','','','Rua Francisca Dias Siqueira, 35','Abelardo Ferreira Machado','Cachoeiro de Itapemirim','ES','29309252','2016-12-17',null,null,16071);
INSERT INTO hmprojetos.codigo_prefeitura values (519,'41638','2016',216094);
INSERT INTO hmprojetos.servico values (11063,'PAQ','PAQ 2011.063','Regularização Residencial','990','3x','Rua Godofredo Adversi, nº 69','Monte Cristo','Cachoeiro de Itapemirim','ES','','2011-11-01','2013-05-09',null,15587);
INSERT INTO hmprojetos.codigo_prefeitura values (520,'4173','2014',11063);
INSERT INTO hmprojetos.servico values (12026,'PAQ','PAQ 2012.026','Licença para Construção','2412','4x','Rua Abel Santana','Gilson Carone','Cachoeiro de Itapemirim','ES','','2012-04-01','2016-03-11',null,15204);
INSERT INTO hmprojetos.codigo_prefeitura values (521,'41794','2015',12026);
INSERT INTO hmprojetos.servico values (06048,'PAQ','PAQ 2006.048','Nova Opção de Estudo','','','Joel Rogério Wanderley, 11','Parque Laranjeiras','','','',null,null,null,15062);
INSERT INTO hmprojetos.codigo_prefeitura values (522,'41800','2015',06048);
INSERT INTO hmprojetos.servico values (211043,'ASS','ASS 2011.043','Construção Residencial','','','José Rosa Machado, 15','Novo Parque','Cachoeiro de Itapemirim','ES','','2011-03-25','2018-03-06',null,15434);
INSERT INTO hmprojetos.codigo_prefeitura values (523,'41802','2011',211043);
INSERT INTO hmprojetos.servico values (213052,'ASS','ASS 2013.052','Regularização INSS','','','Rua Gustavo Borges de Faria, nº 10/12','Parque das Laranjeiras','','','',null,null,null,15645);
INSERT INTO hmprojetos.codigo_prefeitura values (524,'41955','2015',213052);
INSERT INTO hmprojetos.servico values (15021,'PAQ','PAQ 2015.021','Regularização Industrial','3000','','Rua Lourival Marques','Eupidio Volpini','Cachoeiro de Itapemirim','ES','','2015-06-11',null,null,15133);
INSERT INTO hmprojetos.codigo_prefeitura values (525,'42102','2015',15021);
INSERT INTO hmprojetos.servico values (09024,'PAQ','PAQ 2009.024','Escada','','','Rua Luzia Pecine Silvrio, s/nº','Rui Pinto Bandeira','Cachoeiro de Itapemirim','ES','','2009-06-04','2019-08-19',null,15184);
INSERT INTO hmprojetos.codigo_prefeitura values (526,'42447','2015',09024);
INSERT INTO hmprojetos.servico values (14049,'PAQ','PAQ 2014.049','Levantamento Arquitetônico','','','Rodovia Duas Barras x Itaoca','Duas Barras','Cachoeiro de Itapemirim','ES','','2014-06-24',null,null,15344);
INSERT INTO hmprojetos.codigo_prefeitura values (527,'42570','2012',14049);
INSERT INTO hmprojetos.servico values (212177,'ASS','ASS 2012.177','Desmembramento de quadra - Prefeitura','','','Fazenda São Joaquim','São Joaquim','Cachoeiro de Itapemirim','ES','','2012-09-06','2016-12-08',null,15708);
INSERT INTO hmprojetos.codigo_prefeitura values (528,'42570','2012',212177);
INSERT INTO hmprojetos.servico values (12118,'PAQ','PAQ 2012.118','Substituição do Projeto','2800','','Rua Joaquim Aquino Xavier, nº2','Nova Brasilia','Cachoeiro de Itapemirim','ES','','2012-11-14','2016-02-12',null,15460);
INSERT INTO hmprojetos.codigo_prefeitura values (529,'42667','2015',12118);
INSERT INTO hmprojetos.servico values (214153,'ASS','ASS 2014.153','Regularização Residencial','','','Avenida José Rosa Machado, nº 07','Abelardo Machado','Cachoeiro de Itapemirim','ES','29309278','2014-12-22',null,null,15163);
INSERT INTO hmprojetos.codigo_prefeitura values (530,'43101','2014',214153);
INSERT INTO hmprojetos.servico values (212245,'ASS','ASS 2012.245','Construção Residencial','','','Av. Manoel Silva Motta, 99','Village da Luz','Cachoeiro de Itapemirim','ES','','2012-07-08','2012-12-20',null,15789);
INSERT INTO hmprojetos.codigo_prefeitura values (531,'43101','2014',212245);
INSERT INTO hmprojetos.servico values (01055,'PAQ','PAQ 2001.055','Regularização Residencial','','','Rua Placido Pereira da Silva, nº 09','Ruy Pinto Bandeira','Cachoeiro de Itapemirim','ES','',null,null,null,15096);
INSERT INTO hmprojetos.codigo_prefeitura values (532,'43439','2015',01055);
INSERT INTO hmprojetos.servico values (210024,'ASS','ASS 2010.024','Montagem de Pranchas','300','2x','','Monte Cristo','','','','2010-08-17','2018-03-12',null,15166);
INSERT INTO hmprojetos.codigo_prefeitura values (533,'43442','2015',210024);
INSERT INTO hmprojetos.servico values (212246,'ASS','ASS 2012.246','Regularização Residencial','','','Rua Ozires de Almeida Freitas, 169','Vila Rica','Cachoeiro de Itapemirim','ES','','2012-12-05',null,null,15581);
INSERT INTO hmprojetos.codigo_prefeitura values (534,'43443','2015',212246);
INSERT INTO hmprojetos.servico values (216007,'ASS','ASS 2016.007','Regularização Ampliação','400','2x','Rua Lauro Lima, nº 169 a 171','Amaral','Cachoeiro de Itapemirim','ES','','2016-01-19','2017-06-05',null,15427);
INSERT INTO hmprojetos.codigo_prefeitura values (535,'4423','2016',216007);
INSERT INTO hmprojetos.servico values (215076,'ASS','ASS 2015.076','Regularização Residencial','500','2x','Rua Paulino Vieira Tiradentes, 7','Agostinho Simonato','Cachoeiro de Itapemirim','ES','','2015-07-02',null,null,15692);
INSERT INTO hmprojetos.codigo_prefeitura values (536,'4424','2016',215076);
INSERT INTO hmprojetos.servico values (212241,'ASS','ASS 2012.241','Renovação de Alvará / Prorrogação','','','Rua Amélia Cordeiro, s/nº','Arariguaba','Cachoeiro de Itapemirim','ES','','2012-11-26',null,null,15199);
INSERT INTO hmprojetos.codigo_prefeitura values (537,'45873','2012',212241);
INSERT INTO hmprojetos.servico values (110054,'PRS','PRS 2010.054','Retificação de Área','','','','Agostinho Simonato','','','',null,null,null,15414);
INSERT INTO hmprojetos.codigo_prefeitura values (538,'46599','2012',110054);
INSERT INTO hmprojetos.servico values (213083,'ASS','ASS 2013.083','Renovação de Alvará','','','Rua Jose Rosa Machado, nº 215/227','Alto novo Parque','Cachoeiro de Itapemirim','ES','','2013-05-18','2013-07-15',null,15246);
INSERT INTO hmprojetos.codigo_prefeitura values (539,'4675','2015',213083);
INSERT INTO hmprojetos.servico values (13032,'PAQ','PAQ 2013.032','Construção Residencial','','','Rua: José Rosa Machado n° 15','Abelardo Ferreira Machado','','','',null,null,null,15444);
INSERT INTO hmprojetos.codigo_prefeitura values (540,'4675','2015',13032);
INSERT INTO hmprojetos.servico values (215015,'ASS','ASS 2015.015','Desmembramento de Área - Prefeitura','300','','Rua Maria Dias da Silva, nº 07','Zumbi','Cachoeiro de Itapemirim','ES','','2015-01-30','2016-03-29',null,15655);
INSERT INTO hmprojetos.codigo_prefeitura values (541,'4675','2015',215015);
INSERT INTO hmprojetos.servico values (13036,'PAQ','PAQ 2013.036','Ampliação Comercial','','','Rua Capivari, nº 70','Indepêndencia','Cachoeiro de Itapemirim','ES','','2013-05-02','2016-08-31',null,15661);
INSERT INTO hmprojetos.codigo_prefeitura values (542,'4675','2015',13036);
INSERT INTO hmprojetos.servico values (215095,'ASS','ASS 2015.095','Elaboração de ART','','','Rua Miguel Dias Jaques, 36','Teixeira Leite','Cachoeiro de Itapemirim','ES','','2015-09-03','2015-09-16',null,15301);
INSERT INTO hmprojetos.codigo_prefeitura values (543,'4736','2013',215095);
INSERT INTO hmprojetos.servico values (215024,'ASS','ASS 2015.024','Habite-se','','','Rua Prof. Ana Graça Brunelo de Freitas, nº 04','IBC','Cachoeiro de Itapemirim','ES','','2015-03-10','2015-10-30',null,15309);
INSERT INTO hmprojetos.codigo_prefeitura values (544,'4736','2013',215024);
INSERT INTO hmprojetos.servico values (213171,'ASS','ASS 2013.171','Regularização INSS','','','Rua Samuel Levy,nº 321 a 323','Aquidaban','Cachoeiro de Itapemirim','ES','','2013-10-08','2019-07-13',null,15370);
INSERT INTO hmprojetos.codigo_prefeitura values (545,'4736','2013',213171);
INSERT INTO hmprojetos.servico values (206028,'ASS','ASS 2006.028','Autenticação','500','2x','','Independência','Cachoeiro de Itapemirim','ES','','2007-08-25','2018-01-18',null,15827);
INSERT INTO hmprojetos.codigo_prefeitura values (546,'477','2016',206028);
INSERT INTO hmprojetos.servico values (215125,'ASS','ASS 2015.125','Desmembramento','500','2x','Rua João Adão Peterle','Coronel Borges','Cachoeiro de Itapemirim','ES','','2015-12-11','2018-02-05',null,15904);
INSERT INTO hmprojetos.codigo_prefeitura values (547,'477','2016',215125);
INSERT INTO hmprojetos.servico values (217006,'ASS','ASS 2017.006','Renovação de Alvará','150','2x','Avenida Francisco lacerda de Aguiar','Amarelo','Cachoeiro de Itapemirim','ES','','2017-02-14','2017-07-06',null,15878);
INSERT INTO hmprojetos.codigo_prefeitura values (548,'4957','2017',217006);
INSERT INTO hmprojetos.servico values (216011,'ASS','ASS 2016.011','Cancelamento de Dívida - IPTU','','','Rua Pacífico Pezzodipane, nº 83 a 87','Dr. Luiz Tinoco da Fonseca','Cachoeiro de Itapemirim','ES','','2016-01-27','2016-04-16',null,16008);
INSERT INTO hmprojetos.codigo_prefeitura values (549,'5262','2016',216011);
INSERT INTO hmprojetos.servico values (09056,'PAQ','PAQ 2009.056','Regularização Religiosa','','','Rua José Marcondes de Souza, 5','Costa e Silva','Cachoeiro de Itapemirim','ES','','2011-11-02','2015-04-28',null,15221);
INSERT INTO hmprojetos.codigo_prefeitura values (550,'6249','2011',09056);
INSERT INTO hmprojetos.servico values (13070,'PAQ','PAQ 2013.070','Reforma de Fachada','','','','Distrito de Coutinho','','','',null,null,null,15224);
INSERT INTO hmprojetos.codigo_prefeitura values (551,'6249','2011',13070);
INSERT INTO hmprojetos.servico values (13084,'PAQ','PAQ 2013.084','Construção Residencial','','','Rua Horácio Leandro de Souza, s/nº','Basiléia','','','',null,null,null,15390);
INSERT INTO hmprojetos.codigo_prefeitura values (552,'6249','2011',13084);
INSERT INTO hmprojetos.servico values (211002,'ASS','ASS 2011.002','Certidão Detalhada','300','','Rua João Batista Calegário, 86 a 92','Aeroporto','Cachoeiro de Itapemirim','ES','29314020','2011-06-08','2016-03-30',null,15671);
INSERT INTO hmprojetos.codigo_prefeitura values (553,'6249','2011',211002);
INSERT INTO hmprojetos.servico values (115032,'PRS','PRS 2015.032','Retificação de Área','','','Rua Francisco Pereira Basilio, s/nº','Pacotuba','Cachoeiro de Itapemirim','ES','','2015-10-20','2016-02-11',null,15200);
INSERT INTO hmprojetos.codigo_prefeitura values (554,'6881','2009',115032);
INSERT INTO hmprojetos.servico values (210065,'ASS','ASS 2010.065','Revisão de Valor Venal de IPTU','','','Avenida Francisco Mardegan, Km 2','Aeroporto','','','','2012-02-10',null,null,15676);
INSERT INTO hmprojetos.codigo_prefeitura values (555,'6881','2009',210065);
INSERT INTO hmprojetos.servico values (115029,'PRS','PRS 2015.029','Usucapião','','','Rua Apóstolo Bartolomeu, 8','Ruy Pinto Bandeira','Cachoeiro de Itapemirim','ES','','2015-09-19','2015-10-13',null,15881);
INSERT INTO hmprojetos.codigo_prefeitura values (556,'6881','2009',115029);
INSERT INTO hmprojetos.servico values (213047,'ASS','ASS 2013.047','Regularização Comercial - Prefeitura','','','Rua Bernardo Horta','Guandú','Cachoeiro de Itapemirim','ES','','2013-10-04',null,null,15631);
INSERT INTO hmprojetos.codigo_prefeitura values (557,'7091','2015',213047);
INSERT INTO hmprojetos.servico values (216053,'ASS','ASS 2016.053','Habite-se - Residência e igreja','','','Rua Braz Vivacqua, s/nº','Distrito de Itaóca','Cachoeiro de Itapemirim','ES','','2016-05-19',null,null,15231);
INSERT INTO hmprojetos.codigo_prefeitura values (558,'40893','2017',216053);
INSERT INTO hmprojetos.codigo_prefeitura values (559,'40894','2017',216053);
INSERT INTO hmprojetos.servico values (216021,'ASS','ASS 2016.021','Substituição Ampliação Residencial','650','2x','Rua Braz Vivacqua, s/nº','distrito de Itaóca','Cachoeiro de Itapemirim','ES','','2016-02-03','2017-10-11',null,15231);
INSERT INTO hmprojetos.codigo_prefeitura values (560,'7934','2016',216021);
INSERT INTO hmprojetos.servico values (216024,'ASS','ASS 2016.024','Construção 3º Pavimento','600','','Rua Pedro Quinelato, 80','Ferroviários','Cachoeiro de Itapemirim','ES','','2016-03-03',null,null,15869);
INSERT INTO hmprojetos.codigo_prefeitura values (561,'8353','2016',216024);
INSERT INTO hmprojetos.servico values (212131,'ASS','ASS 2012.131','Unificação de Área - Cartório','','','Rua José Mussi Neto, nº 11/13','Jardim Itapemirim','','','',null,null,null,15039);
INSERT INTO hmprojetos.codigo_prefeitura values (562,'8627','2015',212131);
INSERT INTO hmprojetos.servico values (216020,'ASS','ASS 2016.020','Regularização Residencial','400','','Rua Benedito Abreu nº57','Jardim Itapemirim','Cachoeiro de Itapemirim','ES','','2016-02-20','2016-11-14',null,15560);
INSERT INTO hmprojetos.codigo_prefeitura values (563,'8904','2016',216020);
INSERT INTO hmprojetos.servico values (112032,'PRS','PRS 2012.032','Usucapião','','','Rua Santos Passaoni, 26','São Francisco de Assis','','','',null,null,null,15580);
INSERT INTO hmprojetos.codigo_prefeitura values (564,'9425','2015',112032);
INSERT INTO hmprojetos.servico values (215019,'ASS','ASS 2015.019','Acompanhamento de Usucapião','2500','','Rua Fortunato Maria Jerônimo, n° 07','Nossa Senhora Aparecida','Cachoeiro de Itapemirim','ES','','2015-02-12',null,null,15050);
INSERT INTO hmprojetos.servico values (14017,'PAQ','PAQ 2014.017','Construção Comercial','','','','Morro Grande','Cachoeiro de Itapemirim','ES','','2014-01-16','2018-03-12',null,15242);
INSERT INTO hmprojetos.servico values (215009,'ASS','ASS 2015.009','Acompanhamento de usucapião','2500','','Rua João Pancine, 159/161','Boa vista','Cachoeiro de Itapemirim','ES','','2015-01-19',null,null,15572);
INSERT INTO hmprojetos.servico values (214126,'ASS','ASS 2014.126','Regularização de INSS','','','Rua Basilio Pimenta','Basiléia','Cachoeiro de Itapemirim','ES','','2014-10-08','2014-12-12',null,15136);
INSERT INTO hmprojetos.servico values (114035,'PRS','PRS 2014.035','Usucapião','','','Rua João Pancine, 159/161','Boa vista','Cachoeiro de Itapemirim','ES','29310526','2014-12-18','2015-01-19',null,15572);
INSERT INTO hmprojetos.servico values (11126,'PAQ','PAQ 2011.126','Pátio estacionamento','200','','','Zona Rural','Atilio Vivacqua','ES','','2011-01-08','2011-05-11',null,00001);
INSERT INTO hmprojetos.servico values (05112,'PAQ','PAQ 2005.112','Casa Caseiro','','','','Zona Rural','Atilio Vivacqua','ES','','2005-04-09','2005-05-09',null,00001);
INSERT INTO hmprojetos.servico values (03001,'PAQ','PAQ 2003.001','Ponto Elétricos','','','','Zona Rural','Atilio Vivacqua','ES','','2003-02-22','2003-03-22',null,00001);
INSERT INTO hmprojetos.servico values (00001,'PAQ','PAQ 2000.001','Construção Residencial','','','','Zona Rural','Atilio Vivacqua','ES','','2000-10-28','2002-01-07',null,00001);
INSERT INTO hmprojetos.servico values (216039,'ASS','ASS 2016.039','Fração Ideal - Instituição Condomínio','','','Av. Caiçara, 94 a 96','Caiçaras','Cachoeiro de Itapemirim','ES','','2016-03-29','2018-01-29',null,03001);
INSERT INTO hmprojetos.servico values (16057,'PAQ','PAQ 2016.057','Construção Residencial','1500','3x','Rua Projetada','Agostinho Simonato','Cachoeiro de Itapemirim','ES','','2016-11-14','2018-02-10',null,03002);
INSERT INTO hmprojetos.servico values (16008,'PAQ','PAQ 2016.008','Ampliação Religiosa','3500','','Rua Hilda Lopes Barbieri','Jardim América','Cachoeiro de Itapemirim','ES','29310715','2015-09-02','2019-11-25',null,09001);
INSERT INTO hmprojetos.codigo_prefeitura values (565,'38345','2019',16008);
INSERT INTO hmprojetos.servico values (109032,'PRS','PRS 2009.032','Usucapião','','','','Coronel Borges','Cachoeiro de Itapemirim','ES','','2009-08-20','2016-03-10',null,09002);
INSERT INTO hmprojetos.servico values (16002,'PAQ','PAQ 2016.002','Regularização Residencial','1100','1x','Rua Santos dumont, 25','Alto Amarelo','Cachoeiro de Itapemirim','ES','','2016-01-15','2016-05-17',null,11001);
INSERT INTO hmprojetos.servico values (11022,'PAQ','PAQ 2011.022','Regularização','','','Rua Projetada','Monte Líbano','Cachoeiro de Itapemirim','ES','','2016-03-15','2019-03-08',null,11002);
INSERT INTO hmprojetos.servico values (214103,'ASS','ASS 2014.103','Regularização Industrial','','','Rodovia BR 101','Zona Rural','Itapemirim','ES','','2014-08-04','2014-09-19',null,15001);
INSERT INTO hmprojetos.servico values (14035,'PAQ','PAQ 2014.035','Regularização Industrial','','','Rodovia BR 101','Zona Rural','Itapemirim','ES','','2014-05-02','2014-08-19',null,15001);
INSERT INTO hmprojetos.servico values (09058,'PAQ','PAQ 2009.058','Regularização Residencial','','','Rua Projetada (Av. princial), s/nº','São Joaquim','','','','2009-12-08','2017-05-18',null,15003);
INSERT INTO hmprojetos.servico values (212063,'ASS','ASS 2012.063','Habite-se','','','Rua Erotildes de Oliveira','Jardim Itapemirim','','','',null,null,null,15004);
INSERT INTO hmprojetos.servico values (12092,'PAQ','PAQ 2012.092','Regularização Residencial','','','Rua Agapio Cola, 32','Caiçara','Cachoeiro de Itapemirim','ES','','2012-09-18','2014-08-29',null,15006);
INSERT INTO hmprojetos.servico values (10127,'PAQ','PAQ 2010.127','Croqui Arquitetônico','500','2x','','Córrego dos Monos','','','',null,null,null,15008);
INSERT INTO hmprojetos.servico values (212199,'ASS','ASS 2012.199','Renovação de Alvará','','','Rua Benedito Abreu. 58','Jardim Itapemirim','Cachoeiro de Itapemirim','ES','','2012-09-26','2019-03-08',null,15009);
INSERT INTO hmprojetos.codigo_prefeitura values (566,'38331','2012',212199);
INSERT INTO hmprojetos.servico values (12102,'PAQ','PAQ 2012.102','Construção Residencial','','','Rua Juvenal Rodrigues dos Santos, 20','Agostinho Simonato','','','',null,null,null,15010);
INSERT INTO hmprojetos.servico values (212196,'ASS','ASS 2012.196','ART Escelsa','','','Rua Julio de Souza, s/n','Coutinho','','','',null,null,null,15011);
INSERT INTO hmprojetos.servico values (10082,'PAQ','PAQ 2010.082','Regularização Residencial','','','Rua Projetada III, s/nº','Marbrasa','Cachoeiro de Itapemirim','ES','','2012-01-02',null,null,15012);
INSERT INTO hmprojetos.servico values (113009,'PRS','PRS 2013.009','Usucapião','','','','Praia das Neves','Cachoeiro de Itapemirim','ES','','2013-03-10','2019-03-29',null,15012);
INSERT INTO hmprojetos.servico values (12058,'PAQ','PAQ 2012.058','Regularização Residencial','','','Rua Canindé','Sumaré','','','','2012-07-05','2017-05-18',null,15013);
INSERT INTO hmprojetos.servico values (112003,'PRS','PRS 2012.003','Usucapião','','','Rua Gervásio Caminoti','Gilson Caroni','','','',null,null,null,15014);
INSERT INTO hmprojetos.servico values (215087,'ASS','ASS 2015.087','Certidão de descrição 1º pavimento','300','2x','Rua Samuel Levy, 349','Aquidaban','Cachoeiro de Itapemirim','ES','29308187','2015-07-27',null,null,15015);
INSERT INTO hmprojetos.link_externo values (1153,'IPTU 38420','http://www2.cachoeiro.es.gov.br:8080/ZimWeb/servlet/ZII?connection=producao&program=pwci001&vudTipoDocum=9&vudNoDocum=38420&vexercicio=2019',215087);
INSERT INTO hmprojetos.link_externo values (1154,'CND 38420','http://www2.cachoeiro.es.gov.br:8080/ZimWeb/servlet/ZII?vudTipoDocum=3&vudNoDocum=38420&debug=true&connection=producao&program=pwud001&template=%28vudTipoDocum%2CvudNoDocum%2CvudFinalidade%29&B1=Pesquisar',215087);
INSERT INTO hmprojetos.codigo_prefeitura values (567,'46475','2019',215087);
INSERT INTO hmprojetos.servico values (112065,'PRS','PRS 2012.065','Retificação de Área','','','Av. Monte Castelo, 61','Independencia','Cachoeiro de Itapemirim','ES','','2012-01-22','2013-04-17',null,15015);
INSERT INTO hmprojetos.servico values (14013,'PAQ','PAQ 2014.013','Construção Residencial','','','','Km 90','','','','2014-02-15','2017-05-18',null,15018);
INSERT INTO hmprojetos.servico values (15031,'PAQ','PAQ 2015.031','Construção Residencial','1575','','Rua Antônio Julio Lisboa, s/nº','Vila Rica','Cachoeiro de Itapemirim','ES','','2015-07-23','2016-01-28',null,15019);
INSERT INTO hmprojetos.servico values (113027,'PRS','PRS 2013.027','Usucapião','','','Rua Projetada A','Vila Rica','','','',null,null,null,15020);
INSERT INTO hmprojetos.servico values (12001,'PAQ','PAQ 2012.001','Construção Residencial','','','','Rui Pinto Bandeira','','','',null,null,null,15021);
INSERT INTO hmprojetos.servico values (212077,'ASS','ASS 2012.077','ART Escelsa','','','Rua Silvestre Silva, s/nº','Coutinho','','','',null,null,null,15022);
INSERT INTO hmprojetos.servico values (14084,'PAQ','PAQ 2014.084','Reforma e Ampliação Residencial','','','Rua Valteir Marques Crespo','Amarelo','Cachoeiro de Itapemirim','ES','','2014-12-29','2015-12-02',null,15023);
INSERT INTO hmprojetos.servico values (213012,'ASS','ASS 2013.012','Acompanhamento de Processo','','','Rua Projetada, 29-31','Boa Esperança','Cachoeiro de Itapemirim','ES','','2013-01-24','2013-08-09',null,15024);
INSERT INTO hmprojetos.servico values (213040,'ASS','ASS 2013.040','Habite-se / Certidão Detalhada','','','Rua Projetada, 29-31','Boa Esperança','Cachoeiro de Itapemirim','ES','','2013-02-27','2013-07-15',null,15024);
INSERT INTO hmprojetos.servico values (213116,'ASS','ASS 2013.116','CND - Receita Federal','','','Rua Projetada 29-31','Boa Esperança','Cachoeiro de Itapemirim','ES','','2013-07-05','2013-07-29',null,15024);
INSERT INTO hmprojetos.servico values (213125,'ASS','ASS 2013.125','Averbação de Imóvel - Cartório','','','Rua Projetada 29-31','Boa Esperança','Cachoeiro de Itapemirim','ES','','2013-07-12','2013-08-07',null,15024);
INSERT INTO hmprojetos.servico values (14015,'PAQ','PAQ 2014.015','Regularização Residencial','','','Rua José Caetano da Silva, nº 21','São Lucas','Cachoeiro de Itapemirim','ES','','2014-03-07','2014-10-29',null,15025);
INSERT INTO hmprojetos.servico values (14033,'PAQ','PAQ 2014.033','Regularização Residencial','','','Rua Maurílio Coelho, nº 27','Ilha da Luz ','Cachoeiro de Itapemirim','ES','','2014-04-14','2019-08-17',null,15026);
INSERT INTO hmprojetos.servico values (114008,'PRS','PRS 2014.008','Retificação de Área','','','Rua Maurílio Coelho, nº 27','Ilha da Luz ','Cachoeiro de Itapemirim','ES','','2014-04-17','2019-08-17',null,15026);
INSERT INTO hmprojetos.servico values (13017,'PAQ','PAQ 2013.017','Construção Residencial','','','Rua Projetada','São Simão - IBC','Cachoeiro de Itapemirim','ES','','2013-03-07','2015-02-20',null,15027);
INSERT INTO hmprojetos.servico values (212254,'ASS','ASS 2012.254','Retificação de Área - Cartório','','','Avenida Rubens Rangel,684','Centro','Marataízes','ES','','2012-12-20','2015-04-09',null,15028);
INSERT INTO hmprojetos.servico values (213029,'ASS','ASS 2013.029','Lançamento IPTU','','','Avenida Rubens Rangel,684','Marataízes','','','',null,null,null,15028);
INSERT INTO hmprojetos.servico values (213141,'ASS','ASS 2013.141','Suscitação de Dúvida do valor','','','Avenida Rubens Rangel,684','Marataízes','','','',null,null,null,15028);
INSERT INTO hmprojetos.servico values (111039,'PRS','PRS 2011.039','Retificação de Área','','','Avenida Rubens Rangel','Marataízes','','','','2011-07-20','2012-12-20',null,15028);
INSERT INTO hmprojetos.servico values (211103,'ASS','ASS 2011.103','Regularização CREA','','','Fazenda Santa Cruz','','Atílio Vivacqua','ES','','2011-11-28','2018-01-16',null,15029);
INSERT INTO hmprojetos.servico values (214139,'ASS','ASS 2014.139','Regularização Residencial','','','Rua Silvino Ambrósio, n°35','Boa Vista','Cachoeiro de Itapemirim','ES','','-ci-in',null,null,15030);
INSERT INTO hmprojetos.servico values (216086,'ASS','ASS 2016.086','Recibo doação','150','','Rua João Cypriano, 21','Maria Ortiz','Cachoeiro de Itapemirim','ES','','2016-10-06','2016-10-11',null,15031);
INSERT INTO hmprojetos.servico values (212099,'ASS','ASS 2012.099','Regularização INSS','','','Rua João Cypriano, 21','Maria Ortiz','Cachoeiro de Itapemirim','ES','','2012-03-13','2012-10-22',null,15031);
INSERT INTO hmprojetos.servico values (212223,'ASS','ASS 2012.223','Averbação de Imóvel - Cartório','','','Rua João Cypriano, 21','Maria Ortiz','Cachoeiro de Itapemirim','ES','','2012-10-26','2013-05-07',null,15031);
INSERT INTO hmprojetos.servico values (213023,'ASS','ASS 2013.023','Averbação de Casamento','','','Rua João Cypriano, nº 21','Maria Ortiz','Cachoeiro de Itapemirim','ES','','2013-01-04','2013-08-27',null,15031);
INSERT INTO hmprojetos.servico values (113015,'PRS','PRS 2013.015','Usucapião','','','Rua Hugo Cocco, nº 21','Santa Helena','','','',null,null,null,15033);
INSERT INTO hmprojetos.servico values (211065,'ASS','ASS 2011.065','Renovação de Alvará','','','Rua Walter de Oliveira, Lote 33 e 34, Quadra 21','Dr. Gilberto Machado','','','',null,null,null,15034);
INSERT INTO hmprojetos.servico values (213179,'ASS','ASS 2013.179','Unificação de Área','','','Rua Walter de Oliveira, Lote 33 e 34, Quadra 21','Dr. Gilberto Machado','','','',null,null,null,15034);
INSERT INTO hmprojetos.servico values (113047,'PRS','PRS 2013.047','Unificação de Área','','','Rua Walter de Oliveira, Lote 33 e 34, Quadra 21','Dr. Gilberto Machado','','','',null,null,null,15034);
INSERT INTO hmprojetos.servico values (13092,'PAQ','PAQ 2013.092','Reforma Residencial','','','','Soturno','','','',null,null,null,15035);
INSERT INTO hmprojetos.servico values (11077,'PAQ','PAQ 2011.077','Escada','','','','São Gabriel','Cachoeiro de Itapemirim','ES','','2011-07-06','2019-02-08',null,15036);
INSERT INTO hmprojetos.servico values (14040,'PAQ','PAQ 2014.040','Construção Residencial','','','Rua Chico Mendes','Monte Belo','','','',null,null,null,15038);
INSERT INTO hmprojetos.servico values (212055,'ASS','ASS 2012.055','Unificação de Área','','','Rua José  Mussi Neto, Nº13, lote 05  06 quadra G','Jardim Itapemirim','','','',null,null,null,15039);
INSERT INTO hmprojetos.servico values (212107,'ASS','ASS 2012.107','Construção Residencial','','','','Jardim Itapemirim','','','',null,null,null,15039);
INSERT INTO hmprojetos.servico values (213061,'ASS','ASS 2013.061','ART Escelsa','','','','Jardim Itapemirim','','','',null,null,null,15039);
INSERT INTO hmprojetos.servico values (214037,'ASS','ASS 2014.037','Renovação de Alvará','','','','Jardim Itapemirim','','','',null,null,null,15039);
INSERT INTO hmprojetos.servico values (12007,'PAQ','PAQ 2012.007','Construção Residencial','','','Rua José Mussi Neto, nº13, lote 05 e 06, quadra G ','Jardim Itapemirim','','','',null,null,null,15039);
INSERT INTO hmprojetos.servico values (112020,'PRS','PRS 2012.020','Unificação de Área','','','Rua José Mussi Neto, nº13, lote 05 e 06, quadra G ','Jardim Itapemirim','','','',null,null,null,15039);
INSERT INTO hmprojetos.servico values (12003,'PAQ','PAQ 2012.003','Regularização Residencial','','','Rua Jonas Brando Lin Dias, s/nº - loteamento Stª Rosa','Monte Belo','','','','2012-02-15','2017-05-18',null,15040);
INSERT INTO hmprojetos.servico values (14064,'PAQ','PAQ 2014.064','Ampliação Residencial','','','','Jardim Itapemirim','','','',null,null,null,15041);
INSERT INTO hmprojetos.servico values (14029,'PAQ','PAQ 2014.029','Croqui Arquitetônico','','','Rod. Safra x Cachoeiro - KM 482, s/nº','Tijuca','Cachoeiro de Itapemirim','ES','','2014-03-28','2014-06-25',null,15042);
INSERT INTO hmprojetos.servico values (209024,'ASS','ASS 2009.024','Regularização Residencial','2938','2x','José Calegario, 22/36','Aeroporto','','','',null,null,null,15043);
INSERT INTO hmprojetos.servico values (06027,'PAQ','PAQ 2006.027','Regularização da Ampliação Residencial','','','Rua José Calegário, 22 a 36','Aeroporto','','','',null,null,null,15043);
INSERT INTO hmprojetos.servico values (12079,'PAQ','PAQ 2012.079','Regularização da Ampliação Residencial','','','Rua José Calegario','Aeroporto','','','',null,null,null,15043);
INSERT INTO hmprojetos.servico values (12022,'PAQ','PAQ 2012.022','Estudo Garagem','','','Rua Ana Machado,n°50','Sumaré','Cachoeiro de Itapemirim','ES','','2012-03-19','2019-03-08',null,15044);
INSERT INTO hmprojetos.servico values (09079,'PAQ','PAQ 2009.079','Construção Residencial - 2º pavimento','','','Rua Mário Soares Reis, 64 A 68','Independência','Cachoeiro de Itapemirim','ES','29306355','2014-09-26','2015-02-10',null,15045);
INSERT INTO hmprojetos.link_externo values (1155,'IPTU 20344','http://www2.cachoeiro.es.gov.br:8080/ZimWeb/servlet/ZII?connection=producao&program=pwci001&vudTipoDocum=9&vudNoDocum=20344&vexercicio=2019',09079);
INSERT INTO hmprojetos.link_externo values (1156,'CND 20344','http://www2.cachoeiro.es.gov.br:8080/ZimWeb/servlet/ZII?vudTipoDocum=3&vudNoDocum=20344&debug=true&connection=producao&program=pwud001&template=%28vudTipoDocum%2CvudNoDocum%2CvudFinalidade%29&B1=Pesquisar',09079);
INSERT INTO hmprojetos.servico values (114024,'PRS','PRS 2014.024','Usucapião','','','Rua Mário Soares Reis, 64 A 68','Independência','Cachoeiro de Itapemirim','ES','29306355','2014-09-26','2014-10-28',null,15045);
INSERT INTO hmprojetos.link_externo values (1157,'IPTU 20344','http://www2.cachoeiro.es.gov.br:8080/ZimWeb/servlet/ZII?connection=producao&program=pwci001&vudTipoDocum=9&vudNoDocum=20344&vexercicio=2019',114024);
INSERT INTO hmprojetos.link_externo values (1158,'CND 20344','http://www2.cachoeiro.es.gov.br:8080/ZimWeb/servlet/ZII?vudTipoDocum=3&vudNoDocum=20344&debug=true&connection=producao&program=pwud001&template=%28vudTipoDocum%2CvudNoDocum%2CvudFinalidade%29&B1=Pesquisar',114024);
INSERT INTO hmprojetos.servico values (214145,'ASS','ASS 2014.145','Licença para Construção','','','Rua Regina Laquini','Boa Vista','','','',null,null,null,15046);
INSERT INTO hmprojetos.servico values (14055,'PAQ','PAQ 2014.055','Construção Residencial','','','Rua Regina Laquini','Boa Vista','','','',null,null,null,15046);
INSERT INTO hmprojetos.servico values (212112,'ASS','ASS 2012.112','Regularização Residencial','','','Rua Sabino Joaquim Coelho, 32','Valão','','','',null,null,null,15049);
INSERT INTO hmprojetos.servico values (12006,'PAQ','PAQ 2012.006','Regularização Residencial','','','Rua Joaquim Sabino Coelho, s/nº','Valão','','','',null,null,null,15049);
INSERT INTO hmprojetos.servico values (115002,'PRS','PRS 2015.002','Usucapião','','','Rua Fortunato Maria Jerônimo, n° 07','Nossa Senhora Aparecida','Cachoeiro de Itapemirim','ES','','2015-01-12','2015-02-13',null,15050);
INSERT INTO hmprojetos.servico values (15013,'PAQ','PAQ 2015.013','Construção Residencial','','','Rodov. Gumercindo Moura Nunes, 109','Village da Luz','Cachoeiro de Itapemirim','ES','','2015-03-09','2019-07-31',null,15051);
INSERT INTO hmprojetos.servico values (11073,'PAQ','PAQ 2011.073','Regularização Residencial','','','Rua Estanislan Almeida Souza, 31','Alto União','Cachoeiro de Itapemirim','ES','','2011-07-08','2018-01-16',null,15052);
INSERT INTO hmprojetos.servico values (212182,'ASS','ASS 2012.182','Retificação de Área','','','Rua Carlindo Santana, 13','Basilio Pimenta','','','','2012-09-11','2015-02-20',null,15053);
INSERT INTO hmprojetos.servico values (112042,'PRS','PRS 2012.042','Usucapião','','','Rua Carlindo Santana, 13','Basilio Pimenta','Cachoeiro de Itapemirim','ES','','2012-08-06','2015-02-20',null,15053);
INSERT INTO hmprojetos.servico values (04005,'PAQ','PAQ 2004.005','Autenticação Residencial','','','Rua Argentino Modesto, nº 13','Bela Vista','Cachoeiro de Itapemirim','ES','','2004-04-01','2004-04-01',null,15054);
INSERT INTO hmprojetos.servico values (214002,'ASS','ASS 2014.002','Desmembramento - Cartório','','','Rua Sebastião de Paiva Vidaure, nº 79','Coramara ','','','','2014-01-07','2014-03-18',null,15055);
INSERT INTO hmprojetos.servico values (212018,'ASS','ASS 2012.018','Verificação de Medidas','','','Av. Edmar Soares da Silva','Coramara','','','',null,null,null,15056);
INSERT INTO hmprojetos.servico values (11068,'PAQ','PAQ 2011.068','Construção Residencial','','','Rua Dionízio Neves,01','Vila Rica','','','',null,null,null,15056);
INSERT INTO hmprojetos.servico values (213187,'ASS','ASS 2013.187','ART de execução - Renovação de Alvará','','','Rua João Satiro de Almeida, nº 40','Jardim América','','','',null,null,null,15058);
INSERT INTO hmprojetos.servico values (12132,'PAQ','PAQ 2012.132','Regularização Residencial','','','Rua José Rizzo, 28','Agostinho Simonato','','','',null,null,null,15059);
INSERT INTO hmprojetos.servico values (12094,'PAQ','PAQ 2012.094','Croqui Arquitetônico','','','Rua Antônio Caetano Gonçalves','Gilberto Machado','','','',null,null,null,15060);
INSERT INTO hmprojetos.servico values (12130,'PAQ','PAQ 2012.130','Reforma Residencial','','','Rua Antônio Caetano Gonçalves','Gilberto Machado','','','','2012-12-07','2017-05-18',null,15061);
INSERT INTO hmprojetos.servico values (14083,'PAQ','PAQ 2014.083','Construção Residencial','','','','Campo da Leopoldina','','','',null,null,null,15061);
INSERT INTO hmprojetos.servico values (110035,'PRS','PRS 2010.035','Usucapião ','','','Rua Manoel Ramos, nº 766','Jardim Maily - Piúma','','','',null,null,null,15063);
INSERT INTO hmprojetos.servico values (114032,'PRS','PRS 2014.032','Croqui de Situação','500','','Estrada das Cancelas','Loteamento Atlântico - prolongamento','Marataízes','ES','','2014-11-14','2016-12-30',null,15064);
INSERT INTO hmprojetos.servico values (213205,'ASS','ASS 2013.205','Licença para Construção','','','Rua José Turini, s/ nº','Recanto','Cachoeiro de Itapemirim','ES','','2013-12-11','2015-03-18',null,15065);
INSERT INTO hmprojetos.servico values (214033,'ASS','ASS 2014.033','Regularização CREA','','','Rua José Turini, s/ nº','Basileia','Cachoeiro de Itapemirim','ES','','2014-03-06','2014-03-18',null,15065);
INSERT INTO hmprojetos.servico values (215073,'ASS','ASS 2015.073','ART Escelsa','','','Rua José Turini, s/ nº','Recanto','Cachoeiro de Itapemirim','ES','','2015-06-23','2015-06-24',null,15065);
INSERT INTO hmprojetos.servico values (13083,'PAQ','PAQ 2013.083','Croqui Arquitetônico - 2º pavimento','','','Rua José Turini, s/ nº','Recanto','Cachoeiro de Itapemirim','ES','','2013-11-18','2014-02-14',null,15065);
INSERT INTO hmprojetos.servico values (112037,'PRS','PRS 2012.037','Retificação de Área','','','Rua José Turini - N° 68','Recanto','Cachoeiro de Itapemirim','ES','29303025','2012-06-26',null,null,15065);
INSERT INTO hmprojetos.servico values (112010,'PRS','PRS 2012.010','Usucapião','','','Rua Marechal Rondon, 20','São Luiz Gonzaga','','','',null,null,null,15066);
INSERT INTO hmprojetos.servico values (214046,'ASS','ASS 2014.046','Regularização INSS','','','Avenida Jones dos Santos Neves nº 256/288','Maria Ortiz','Cachoeiro de Itapemirim','ES','','2014-04-04','2014-08-04',null,15067);
INSERT INTO hmprojetos.servico values (214050,'ASS','ASS 2014.050','Habite-se e Certidão','','','Avenida Jones dos Santos Neves nº 256/288','Maria Ortiz','Cachoeiro de Itapemirim','ES','','2014-04-11','2014-04-23',null,15067);
INSERT INTO hmprojetos.servico values (112050,'PRS','PRS 2012.050','Instituição de Servidão de Passagem','','','Rua Recanto das Pedras','Marbrasa','Cachoeiro de Itapemirim','ES','','2012-08-21','2016-01-28',null,15067);
INSERT INTO hmprojetos.servico values (112057,'PRS','PRS 2012.057','Retificação de Área / Unificação','','','Avenida Jones do Santos Neves, 72','Maria Ortiz','Cachoeiro de Itapemirim','ES','','2012-09-21','2012-12-21',null,15067);
INSERT INTO hmprojetos.servico values (214008,'ASS','ASS 2014.008','Requerimento de Diso','','','',' ','Cachoeiro de Itapemirim','ES','','2014-01-16','2014-02-18',null,15067);
INSERT INTO hmprojetos.servico values (10121,'PAQ','PAQ 2010.121','Regularização de Obra','','','Rua Gladistone Rubim, 50','Sumaré','Cachoeiro de Itapemirim','ES','','2011-12-20','2018-01-10',null,15068);
INSERT INTO hmprojetos.servico values (212040,'ASS','ASS 2012.040','Cópia de Plotagem','','','Rua Rubem Braga, nº03','Alto Amarelo','','','',null,null,null,15069);
INSERT INTO hmprojetos.servico values (212170,'ASS','ASS 2012.170','Regularização Residencial','','','Rua José Danche Vitorio','Alto Vila Rica','','','',null,null,null,15070);
INSERT INTO hmprojetos.servico values (213032,'ASS','ASS 2013.032','Certidão Detalhada / Habite-se','','','Rua José Danche Vitorio','Alto Vila Rica','','','',null,null,null,15070);
INSERT INTO hmprojetos.servico values (213110,'ASS','ASS 2013.110','Regularização INSS','','','Rua José Danche Vitorio','Alto Vila Rica','','','',null,null,null,15070);
INSERT INTO hmprojetos.servico values (213183,'ASS','ASS 2013.183','Averbação de Imóvel','','','Rua José Danche Vitorio','Alto Vila Rica','','','',null,null,null,15070);
INSERT INTO hmprojetos.servico values (12066,'PAQ','PAQ 2012.066','Regularização Residencial','','','Rua José Danche Vitorio','Alto Vila Rica','','','',null,null,null,15070);
INSERT INTO hmprojetos.servico values (211151,'ASS','ASS 2011.151','Construção Residencial','','','Rua Maria de Assumpção Athayde, s/nº','Coramara','Cachoeiro de Itapemirim','ES','','2011-09-09','2013-11-19',null,15071);
INSERT INTO hmprojetos.servico values (211152,'ASS','ASS 2011.152','Regularização Residencial','','','Rua Maria de Assumpção Athayde, s/nº','Coramara','','','','2011-09-08','2013-11-19',null,15071);
INSERT INTO hmprojetos.servico values (211153,'ASS','ASS 2011.153','Regularização Residencial','','','Rua Maria Assunção Ataide, s/nº','Coramara','Cachoeiro de Itapemirim','ES','','2011-09-06','2013-11-19',null,15071);
INSERT INTO hmprojetos.servico values (09050,'PAQ','PAQ 2009.050','Regularização Residencial','','','','São Joaquim','','','','2009-11-23','2017-05-18',null,15072);
INSERT INTO hmprojetos.servico values (12065,'PAQ','PAQ 2012.065','Regularização Residencial','','','Rua Sebastião de Paiva Vidaurre','Coramara','','','',null,null,null,15073);
INSERT INTO hmprojetos.servico values (212219,'ASS','ASS 2012.219','Revisão de Projeto','','','Rua César de Brito Portas Filho, 3','Agostinho Simonato','Cachoeiro de Itapemirim','ES','',null,null,null,15074);
INSERT INTO hmprojetos.servico values (112055,'PRS','PRS 2012.055','Usucapião','','','Rua César de Brito Portas Filho, 2','Agostinho Simonato','Cachoeiro de Itapemirm','ES','','2012-09-18','2014-06-26',null,15074);
INSERT INTO hmprojetos.servico values (212216,'ASS','ASS 2012.216','Regularização Residencial','','','Rua Irineu Hermogenes dos Santos, 10','Santa Helena','Cachoeiro de Itapemirim','ES','','2012-10-26','2013-11-19',null,15075);
INSERT INTO hmprojetos.servico values (12110,'PAQ','PAQ 2012.110','Regularização Residencial','','','Rua Ireneu Hermogenes dos Santos','Santa Helena','Cachoeiro de Itapemirim','ES','','2012-10-26','2012-12-13',null,15075);
INSERT INTO hmprojetos.servico values (15014,'PAQ','PAQ 2015.014','Reforma Comercial ','','','Ed. Primus','Centro','','','',null,null,null,15076);
INSERT INTO hmprojetos.servico values (12038,'PAQ','PAQ 2012.038','Regularização Comercial','','','Rua Lairce Torres de Jesus','Marbrasa','','','',null,null,null,15077);
INSERT INTO hmprojetos.servico values (13027,'PAQ','PAQ 2013.027','Estudo Área de Lazer','','','Rua Lairce Torres de Jesus, nº 07 a 09','Marbrasa','','','',null,null,null,15077);
INSERT INTO hmprojetos.servico values (212047,'ASS','ASS 2012.047','Retificação de Area - Cartório','','','Rua Miguel Dias Jaques, nº 68','Teixeira Leite','Cachoeiro de Itapemirim','ES','','-ci-in',null,null,15079);
INSERT INTO hmprojetos.servico values (212087,'ASS','ASS 2012.087','Habite-se / Troca de Titularidade','','','Rua Miguel Dias Jaques, nº 68','Teixeira Leite','Cachoeiro de Itapemirim','ES','','2012-07-13','2012-12-10',null,15079);
INSERT INTO hmprojetos.servico values (212250,'ASS','ASS 2012.250','Certidão Detalhada','','','Rua Miguel Dias Jaques, nº 66','Teixeira Leite','Cachoeiro de Itapemirim','ES','','2012-12-10','2013-05-09',null,15079);
INSERT INTO hmprojetos.servico values (213048,'ASS','ASS 2013.048','Regularização INSS','','','Rua Miguel Dias Jaques, nº 68','Teixeira Leite','Cachoeiro de Itapemirim','ES','','2013-03-18','2013-09-03',null,15079);
INSERT INTO hmprojetos.servico values (213166,'ASS','ASS 2013.166','Averbação Cartório','','','Rua Miguel Dias Jaques, n°68','Teixeira Leite','Cachoeiro de Itapemirim','ES','','2013-09-23','2014-03-27',null,15079);
INSERT INTO hmprojetos.servico values (111054,'PRS','PRS 2011.054','Retificação de Área','','','Rua Miguel Dias Jaques, n°68','Teixeira Leite','Cachoeiro de Itapemirim','ES','','2014-05-05','2014-06-05',null,15079);
INSERT INTO hmprojetos.servico values (212141,'ASS','ASS 2012.141','Certidão Detalhada','','','Rua Prof. Pedro Estelita Herkenhoff, s/nº','Basiléia','','','',null,null,null,15080);
INSERT INTO hmprojetos.servico values (212202,'ASS','ASS 2012.202','Regularização INSS','','','Rua Prof. Pedro Estelita Herkenhoff, s/nº','Basiléia','','','',null,null,null,15080);
INSERT INTO hmprojetos.servico values (116011,'PRS','PRS 2016.011','Desmembramento de área','500','','Rodovia Cachoeiro x Frade','Distrito de Itapecuá','Itapemirim','ES','','2016-06-14','2016-07-08',null,15081);
INSERT INTO hmprojetos.servico values (213101,'ASS','ASS 2013.101','Regularização Industrial - Prefeitura','','','Rodovia Cachoeiro x Frade','Distrito de Itapecuá','Itapemirim','ES','','2013-06-13','2013-07-29',null,15081);
INSERT INTO hmprojetos.servico values (13044,'PAQ','PAQ 2013.044','Regularização Industrial','','','Rodovia Cachoeiro x Frade','Distrito de Itapecuá','Itapemirim','ES','','2013-05-31','2013-06-13',null,15081);
INSERT INTO hmprojetos.servico values (115005,'PRS','PRS 2015.005','Levantamento Topográfico','','','','BR 482','','','',null,null,null,15082);
INSERT INTO hmprojetos.servico values (212089,'ASS','ASS 2012.089','Autenticação de Projeto','','','Rua: Benedicto Abreu, n°122 á 124','Jardim Itapemirim','Cachoeiro de Itapemirim','ES','29315712','2011-11-29','2017-05-18',null,15083);
INSERT INTO hmprojetos.codigo_prefeitura values (568,'22258','2001',212089);
INSERT INTO hmprojetos.servico values (12028,'PAQ','PAQ 2012.028','Levantamento arquitetônico - incêndio','','',' Rua Antonio Ganhoto','Aquidaban','Cachoeiro de Itapemirim','ES','29300100','2012-05-29',null,null,15084);
INSERT INTO hmprojetos.servico values (112044,'PRS','PRS 2012.044','Usucapião','300','','Rua Antônio Ganhoto','Aquidaban','Cachoeiro de Itapemirim','ES','29300100','2012-08-06','2018-11-22',null,15084);
INSERT INTO hmprojetos.servico values (212020,'ASS','ASS 2012.020','Revisão de Projeto','','','Rua Lair Alvarenga','Gilberto Machado','','','',null,null,null,15087);
INSERT INTO hmprojetos.servico values (14062,'PAQ','PAQ 2014.062','Projeto 3D','','','','Amarelo','','','',null,null,null,15087);
INSERT INTO hmprojetos.servico values (14075,'PAQ','PAQ 2014.075','Croqui Arquitetônico','','','BR 393','Desengano','Muqui','ES','','2014-11-26','2017-08-23',null,15088);
INSERT INTO hmprojetos.servico values (09077,'PAQ','PAQ 2009.077','Regularização de Obra  ','','','','Centro','','','','2010-03-24','2017-05-18',null,15089);
INSERT INTO hmprojetos.servico values (212136,'ASS','ASS 2012.136','Revisão de Projeto','','','Rua Sebastião Souza Simoes, 58-60 - Loteamento Monte Cristo II','Jardim Itapemirim','Cachoeiro de Itapemirim','ES','','2012-07-13','2013-09-18',null,15091);
INSERT INTO hmprojetos.servico values (213176,'ASS','ASS 2013.176','Recibo de Compra e Venda','','','Rua Tércio do Rosário, nº 26','Jardim Itapemirim','Cachoeiro de Itapemirim','ES','','2013-10-15','2013-10-28',null,15091);
INSERT INTO hmprojetos.servico values (213199,'ASS','ASS 2013.199','Transferência de Titularidade de Projeto','','','Rua Tércio do Rosário, nº 26','Jardim Itapemirim','Cachoeiro de Itapemirim','ES','','2013-12-02','2014-06-12',null,15091);
INSERT INTO hmprojetos.servico values (11006,'PAQ','PAQ 2011.006','Ampliação Residencial ','','','Rua: Tércio do Rosário,n°26','Jardim Itapemirim','Cachoeiro de Itapemirim','ES','','2011-03-25','2014-10-31',null,15091);
INSERT INTO hmprojetos.servico values (13086,'PAQ','PAQ 2013.086','Regularização Residencial','','','Rua Agapito Cola, nº 01','Caiçara','Cachoeiro de Itapemirim','ES','','2013-11-27','2014-06-13',null,15092);
INSERT INTO hmprojetos.servico values (213192,'ASS','ASS 2013.192','Acompanhamento de Processo','3000','','Rua "E" ( atual Rua do Arrastão )','Iriri','Anchieta','ES','','2013-11-18','2018-01-11',null,15093);
INSERT INTO hmprojetos.servico values (13025,'PAQ','PAQ 2013.025','Regularização Residencial','','','Rua Arnaldo Fonseca, s/n','Baiminas','Cachoeiro de Itapemirim','ES','','2013-04-03','2017-05-18',null,15094);
INSERT INTO hmprojetos.servico values (211046,'ASS','ASS 2011.046','Acompanhamento de Processo','','','Rod. Mauro Miranda Madureira','Coramara','Cachoeiro de Itapemirim','ES','','2011-07-07','2018-03-21',null,15095);
INSERT INTO hmprojetos.servico values (212021,'ASS','ASS 2012.021','Retificação de Área','','','Rua Juvenal Rodrigues dos Santos, 20','Monte Cristo','','','',null,null,null,15097);
INSERT INTO hmprojetos.servico values (212090,'ASS','ASS 2012.090','Retificação de Área','','','Rua Juvenal Rodrigues dos Santos, 20','Agostinho Simonato','','','',null,null,null,15097);
INSERT INTO hmprojetos.servico values (213024,'ASS','ASS 2013.024','Desmembramento','','','Rua Juvenal Rodrigues dos Santos, 20','Agostinho Simonato','','','',null,null,null,15097);
INSERT INTO hmprojetos.servico values (214069,'ASS','ASS 2014.069','Desmembramento Cartório','','','Rua Juvenal Rodrigues Sarmento','Agostinho Simonato','','','',null,null,null,15097);
INSERT INTO hmprojetos.servico values (113004,'PRS','PRS 2013.004','Desmembramento','','','Rua Juvenal Rodrigues dos Santos, 20','Agostinho Simonato','','','',null,null,null,15097);
INSERT INTO hmprojetos.servico values (213025,'ASS','ASS 2013.025','Averbação de Divórcio','','','Rua Juvenal Rodrigues dos Santos, 20','Agostinho Simonato','','','',null,null,null,15098);
INSERT INTO hmprojetos.servico values (214087,'ASS','ASS 2014.087','Construção Residencial','','','Rua Manoel Pereira da Silva, 41','Marbrasa','','','',null,null,null,15099);
INSERT INTO hmprojetos.servico values (14016,'PAQ','PAQ 2014.016','Construção Residencial','400','1x','Rua José Poleto, s/nº','Marbrasa','','','',null,null,null,15099);
INSERT INTO hmprojetos.servico values (215062,'ASS','ASS 2015.062','Regularização INSS','','','Rod. 489, Cachoeiro x Atilio Vivacqua','Aeroporto','Cachoeiro de Itapemirim','ES','','2015-06-11','2019-08-29',null,15100);
INSERT INTO hmprojetos.servico values (107036,'PRS','PRS 2007.036','Usucapião','','','Córrego do Desengano','Distrito de Piaçu - Muniz Freire','','','',null,null,null,15101);
INSERT INTO hmprojetos.servico values (213148,'ASS','ASS 2013.148','','','','Rua Hyercem Machado,nº 52','Gilberto Machado','','','','2013-08-19','2017-05-18',null,15103);
INSERT INTO hmprojetos.servico values (113022,'PRS','PRS 2013.022','Retificação de Área ','','','Rua: Jersen Machado n°52','Gilberto Machado','Cachoeiro de Itapemirim','ES','','2013-04-24','2017-05-18',null,15103);
INSERT INTO hmprojetos.servico values (213011,'ASS','ASS 2013.011','Aulas Autocad','','','','Novo Parque','','','',null,null,null,15104);
INSERT INTO hmprojetos.servico values (213124,'ASS','ASS 2013.124','Elaboração CAR','300','2x','Corrego da Onça','Distrito de Itaoca','Cachoeiro de Itapemirim','ES','','2013-07-12',null,null,15105);
INSERT INTO hmprojetos.servico values (113026,'PRS','PRS 2013.026','Reserva Florestal','1500','2x','Corrego da Onça','Itaoca','Cachoeiro de Itapemirim','ES','','2013-04-24','2015-04-24',null,15105);
INSERT INTO hmprojetos.servico values (212158,'ASS','ASS 2012.158','Regularização Industrial','','','Rod. Cachoeiro x Alegre, Km 21','Duas Barras','','','',null,null,null,15106);
INSERT INTO hmprojetos.servico values (12073,'PAQ','PAQ 2012.073','Regularização Industrial','','','Rod. Cachoeiro x Alegre, Km 21','Duas Barras','','','',null,null,null,15106);
INSERT INTO hmprojetos.servico values (14011,'PAQ','PAQ 2014.011','Croqui Arquitetônico','','','Rod. Cachoeiro x Alegre, Km 21','Duas Barras','','','',null,null,null,15106);
INSERT INTO hmprojetos.servico values (112031,'PRS','PRS 2012.031','Usucapião','','','Rua Projetada 33 s/n°','Km 90','','','',null,null,null,15107);
INSERT INTO hmprojetos.servico values (112046,'PRS','PRS 2012.046','Usucapião','','','Rua Virgínia, 22','Guandú','','','',null,null,null,15108);
INSERT INTO hmprojetos.servico values (13021,'PAQ','PAQ 2013.021','Regualrização 4º pavimento','','','Rua Paulo Afonso, 16','Monte Cristo','','','','2013-03-13',null,null,15109);
INSERT INTO hmprojetos.servico values (213109,'ASS','ASS 2013.109','Renovação de Alvará','','','Rua das Camélias, s/nº','Paraiso','Cachoeiro de Itapemirim','ES','','2013-06-26','2014-02-18',null,15110);
INSERT INTO hmprojetos.servico values (212078,'ASS','ASS 2012.078','Regularização INSS  ','','','Rua Papa João Paulo I, nº 14','Vila Rica','','','',null,null,null,15111);
INSERT INTO hmprojetos.servico values (212082,'ASS','ASS 2012.082','Certidão Detalhada','','','Rua Papa João Paulo I, nº 14','Vila Rica','','','',null,null,null,15111);
INSERT INTO hmprojetos.servico values (07052,'PAQ','PAQ 2007.052','Estudo Construção','','','','Jardim Itapemirim','Cachoeiro de Itapemirim','ES','','2011-01-12','2019-02-08',null,15112);
INSERT INTO hmprojetos.servico values (211040,'ASS','ASS 2011.040','Assessoria Inventário','','','Rua Alfredo Levi Ramos, 103','Novo Parque','','','','2011-06-27','2017-05-22',null,15113);
INSERT INTO hmprojetos.servico values (212006,'ASS','ASS 2012.006','Indicação de Serviço / Confecção de ART','','','Rua Alfredo Levy Ramos, 103','Novo Parque','Cachoeiro de Itapemirim','ES','',null,null,null,15113);
INSERT INTO hmprojetos.servico values (214071,'ASS','ASS 2014.071','Levantamento Topografico','','','','Novo Parque','Cachoeiro de Itapemirim','ES','',null,null,null,15113);
INSERT INTO hmprojetos.servico values (09069,'PAQ','PAQ 2009.069','Regularização Residencial','','','','Novo Parque','','','','2010-01-20','2017-05-22',null,15113);
INSERT INTO hmprojetos.servico values (14037,'PAQ','PAQ 2014.037','Construção Uso Misto','','','Av. Carlos Lindemberg ','Novo Parque','Cachoeiro de Itapemirim','ES','','2014-05-07','2015-02-02',null,15113);
INSERT INTO hmprojetos.servico values (15053,'PAQ','PAQ 2015.053','Reforma Comercial (Cozinha e Escritório)','','','Rua Alfredo Levy Ramos, 103','Novo Parque','Cachoeiro de Itapemirim','ES','','2015-11-11','2018-02-17',null,15113);
INSERT INTO hmprojetos.servico values (110059,'PRS','PRS 2010.059','Usucapião','','','Rua Alfredo Levy Ramos, 103','Novo Parque','','','','2011-07-25','2019-07-15',null,15113);
INSERT INTO hmprojetos.servico values (112062,'PRS','PRS 2012.062','Planta de Situação','','','Lote 3 e 4 - Quadra 41','Village da Luz','Cachoeiro de Itapemirim','ES','','2012-10-25','2013-05-29',null,15113);
INSERT INTO hmprojetos.servico values (212070,'ASS','ASS 2012.070','Indicação de Serviço / Confecção de ART','','','Rua Lucinia Braga Machado, nº 87','Abelardo Ferreira Machado','','','',null,null,null,15115);
INSERT INTO hmprojetos.servico values (12045,'PAQ','PAQ 2012.045','Estudo Residencial','','','Rua Lucinia Braga Machado','Abelardo Ferreira Machado','Cachoeiro de Itapemirim','ES','','2012-06-14',null,null,15115);
INSERT INTO hmprojetos.servico values (207012,'ASS','ASS 2007.012','Regularização Comercial/ Habite-se','','','Rua Bernardo Horta, 284','Guandú','','','',null,null,null,15116);
INSERT INTO hmprojetos.servico values (10114,'PAQ','PAQ 2010.114','Regularização Residencial','','','Av. Fioravante Cipriano','Central Parque','Cachoeiro de Itapemirim','ES','','2010-11-12','2017-08-28',null,15117);
INSERT INTO hmprojetos.servico values (212224,'ASS','ASS 2012.224','Retificação de Área','','','','Arariguaba','','','',null,null,null,15118);
INSERT INTO hmprojetos.servico values (112063,'PRS','PRS 2012.063','Retificação de Área','','','','Arariguaba','','','',null,null,null,15118);
INSERT INTO hmprojetos.servico values (113052,'PRS','PRS 2013.052','Usucapião','','','Rua Amâncio Silva, nº 198 a 200','Arariguaba','','','',null,null,null,15118);
INSERT INTO hmprojetos.servico values (212251,'ASS','ASS 2012.251','Desmembramento de Área','','','Rua Miguel Dias Jaques, nº 148','Teixeira Leite','','','',null,null,null,15119);
INSERT INTO hmprojetos.servico values (13023,'PAQ','PAQ 2013.023','Reforma Residencial 2','','','','Pacotuba','','','','2013-03-20','2017-05-22',null,15120);
INSERT INTO hmprojetos.servico values (13048,'PAQ','PAQ 2013.048','Croqui Arquitetônico - Casa de Boneca','','','','Distrito de Pacotuba','Cachoeiro de Itapemirim','ES','','2013-06-13','2018-03-22',null,15120);
INSERT INTO hmprojetos.servico values (10033,'PAQ','PAQ 2010.033','Regularização Residencial','','','Rua Virgílio Pessini, 5','Rui Pinto Bandeira','','','','2011-04-01','2017-05-22',null,15121);
INSERT INTO hmprojetos.servico values (214109,'ASS','ASS 2014.109','Regularização INSS','','','Rua Atílio Vivacqua, n°195','Marataízes','','','',null,null,null,15122);
INSERT INTO hmprojetos.servico values (215007,'ASS','ASS 2015.007','Averbação de imóveis','','','Rua Atílio Vivacqua, n°195','Marataízes','Cachoeiro de Itapemirim','ES','','2015-01-15','2015-04-09',null,15122);
INSERT INTO hmprojetos.servico values (12063,'PAQ','PAQ 2012.063','Regularização Comercial','4600','','Rua José Paes Barreto','Centro','Cachoeiro de Itapemirim','ES','29300045','2012-07-11','2019-11-01',null,15123);
INSERT INTO hmprojetos.servico values (112016,'PRS','PRS 2012.016','Usucapião','','','Rua Virgilio Pessine','Rui Pinto Bandeira','','','',null,null,null,15124);
INSERT INTO hmprojetos.servico values (112007,'PRS','PRS 2012.007','Usucapião','','','Rua Nilton Fardim Perim','Vila Rica','','','','2012-03-06',null,null,15125);
INSERT INTO hmprojetos.servico values (09026,'PAQ','PAQ 2009.026','Construção Residencial','','','','Nossa Srª da Penha','','','',null,null,null,15126);
INSERT INTO hmprojetos.servico values (11035,'PAQ','PAQ 2011.035','Construção Residencial','','','','São Francisco de Assis','Cachoeiro de Itapemirim','ES','','2011-11-03','2018-01-16',null,15127);
INSERT INTO hmprojetos.servico values (12067,'PAQ','PAQ 2012.067','Revisão de Projeto','','','Rua Manoel Belmiro dos Santos, 42','Alto Novo Parque','','','',null,null,null,15129);
INSERT INTO hmprojetos.servico values (115017,'PRS','PRS 2015.017','Usucapião','','','','Lambari','','','',null,null,null,15132);
INSERT INTO hmprojetos.servico values (213002,'ASS','ASS 2013.002','Renovação de Alvará','','','Rua Eduardo Gomes, s/nº','Ibitiquara','Cachoeiro de Itapemirim','ES','','2013-01-02','2013-02-28',null,15133);
INSERT INTO hmprojetos.servico values (214095,'ASS','ASS 2014.095','Renovação de Alvará','','','Rua Eduardo Gomes, s/nº','Ibitiquara','Cachoeiro de Itapemirim','ES','','2014-07-21','2014-10-29',null,15133);
INSERT INTO hmprojetos.servico values (215017,'ASS','ASS 2015.017','Regularização INSS','','','Rua Eduardo Gomes s/n','Ibitiquara','Cachoeiro de Itapemirim','ES','','2015-02-06','2015-10-21',null,15133);
INSERT INTO hmprojetos.servico values (214088,'ASS','ASS 2014.088','Regularização Residencial','','','Rua Agapito Cola, nº 19','Caiçara','Cachoeiro de Itapemirim','ES','','2014-07-04','2017-08-28',null,15135);
INSERT INTO hmprojetos.servico values (13076,'PAQ','PAQ 2013.076','Regularização Residencial','','','Rua Agapito Cola, nº 19','Caiçara','Cachoeiro de Itapemirim','ES','','2013-12-09','2016-11-07',null,15135);
INSERT INTO hmprojetos.servico values (16016,'PAQ','PAQ 2016.016','Layout Arquetetônico','300','','Rodovia BR101, Km 428','Flecheiras','Atílio Vivacqua','ES','','2016-04-08','2016-04-13',null,15136);
INSERT INTO hmprojetos.servico values (212028,'ASS','ASS 2012.028','Transferência de Titularidade','','','Rua Dona Clarice Toledo, 64','Paraíso','Cachoeiro de Itapemirim','ES','',null,null,null,15136);
INSERT INTO hmprojetos.servico values (212029,'ASS','ASS 2012.029','Busca de IPTU','','','Rua Jeronimo Ribeiro, 391','Amarelo','Cachoeiro de Itapemirim','ES','',null,null,null,15136);
INSERT INTO hmprojetos.servico values (212030,'ASS','ASS 2012.030','Transferência de Titularidade','','','Rua Cid Luiz Borges','Paraíso','','','',null,null,null,15136);
INSERT INTO hmprojetos.servico values (212222,'ASS','ASS 2012.222','Habite-se','','','Rua Dona Clarice Toledo de Carvalho, 72','Paraíso','Cachoeiro de Itapemirim','ES','','2012-11-07','2014-02-20',null,15136);
INSERT INTO hmprojetos.codigo_prefeitura values (569,'6045','2013',212222);
INSERT INTO hmprojetos.servico values (214026,'ASS','ASS 2014.026','Certidão de demolição','','','Rua Basilio Pimenta, nº 13/21','Recanto','Cachoeiro de Itapemirim','ES','','2014-03-05','2014-10-13',null,15136);
INSERT INTO hmprojetos.servico values (214147,'ASS','ASS 2014.147','Averbação de Demolição','','','Rua Basilio Pimenta, nº 13/21','Recanto','Cachoeiro de Itapemirim','ES','','2014-12-15','2015-04-22',null,15136);
INSERT INTO hmprojetos.servico values (213095,'ASS','ASS 2013.095','Habite-se','','','Rua Mariano Bueno, nº 65','Amaral','','','','2013-06-06','2017-05-22',null,15137);
INSERT INTO hmprojetos.servico values (13013,'PAQ','PAQ 2013.013','Construção Residencial','','','Rodovia BR 101 - Km 418 - Independência','São José','Atílio Vivacqua','ES','','2013-02-25','2013-08-09',null,15138);
INSERT INTO hmprojetos.servico values (114028,'PRS','PRS 2014.028','Croqui Situação','','','','Km 90','','','',null,null,null,15139);
INSERT INTO hmprojetos.servico values (212084,'ASS','ASS 2012.084','Estudo Residencial','','','Rua Jorge Luiz da Silva n°139','Jardim Itapemirim','','','',null,null,null,15140);
INSERT INTO hmprojetos.servico values (12036,'PAQ','PAQ 2012.036','Estudo Residencial','','','Rua Jorge Luiz da Silva n°139','Jardim Itapemirim','','','','2012-06-08',null,null,15140);
INSERT INTO hmprojetos.servico values (12119,'PAQ','PAQ 2012.119','Construção Residencial','','','Rua Projetada, s/nº','Marobá - Presidente Kenedy','','','',null,null,null,15141);
INSERT INTO hmprojetos.servico values (12122,'PAQ','PAQ 2012.122','Regularização Residencial','','','Rua Alberto Sebastião dos Passos, 21','Basílio Pimenta','Cachoeiro de Itapemirim','ES','','2012-11-20','2014-11-21',null,15142);
INSERT INTO hmprojetos.servico values (08028,'PAQ','PAQ 2008.028','Estudo Construção','','','Rua Hugo Zago, 94/96','Monte Cristo','Cachoeiro de Itapemirim','ES','','2009-12-10','2017-05-22',null,15143);
INSERT INTO hmprojetos.servico values (212151,'ASS','ASS 2012.151','Regularização Obra','','','Rua Hugo Zago, 38','Alto Monte Cristo','Cachoeiro de Itapemirim','ES','','2012-07-03','2015-11-11',null,15143);
INSERT INTO hmprojetos.servico values (08001,'PAQ','PAQ 2008.001','Regularização Obra','','','Rua Hugo Zago, 94/96','Alto Monte Cristo','Cachoeiro de Itapemirim','ES','','2012-02-28','2015-11-11',null,15143);
INSERT INTO hmprojetos.servico values (15016,'PAQ','PAQ 2015.016','Reforma Religiosa e Complementos','','','Rua Maria Tallon, s/nº','Santa Cecília','Muniz Freire','ES','','2015-05-09','2017-11-30',null,15144);
INSERT INTO hmprojetos.servico values (15023,'PAQ','PAQ 2015.023','Construção Religiosa','','','','Itaoca','Cachoeiro de Itapemirim','ES','','2015-06-18','2018-02-20',null,15145);
INSERT INTO hmprojetos.servico values (214062,'ASS','ASS 2014.062','Habite-se / Certidão Detalhada','','','Rua José Dario Dian, s/nº','Coramara','','','','2014-05-07','2014-12-02',null,15147);
INSERT INTO hmprojetos.servico values (214141,'ASS','ASS 2014.141','Regularização INSS','','','Rua José Dario Dian, s/nº','Coramara','','','','2014-12-01','2015-01-28',null,15147);
INSERT INTO hmprojetos.servico values (215011,'ASS','ASS 2015.011','Averbação de Imóvel','','','Rua José Dario Dian, s/n','Coramara','Cachoeiro de Itapemirim','ES','','2015-01-28','2015-09-18',null,15147);
INSERT INTO hmprojetos.servico values (215097,'ASS','ASS 2015.097','Acompanhamento Escritura','50','','Rua José Joaquim do Carmo, nº 31 a 33','Vila Rica','Cachoeiro de Itapemirim','ES','','2015-08-15','2017-05-17',null,15148);
INSERT INTO hmprojetos.servico values (215080,'ASS','ASS 2015.080','Acompanhamento de usucapião','3150','6X','Rua Cesar de Brito Portas Filhos,nº15','Agostinho Simonato','Cachoeiro de Itapemirim','ES','','2015-07-10',null,null,15150);
INSERT INTO hmprojetos.servico values (113044,'PRS','PRS 2013.044','Usucapião','','','Rua Cesar De Brito Portas  Filho','Agostinho Simonato','Cachoeiro de Itapemirim','ES','','2013-08-23','2013-10-11',null,15150);
INSERT INTO hmprojetos.servico values (215056,'ASS','ASS 2015.056','Regularização INSS','','','Rua das Camélias','Paraiso','Cachoeiro de Itapemirim','ES','','2015-06-08',null,null,15151);
INSERT INTO hmprojetos.servico values (212056,'ASS','ASS 2012.056','Regularização INSS / IPTU','','','Avenida Christiano Dias Lopes Filho','Gilberto Machado','Cachoeiro de Itapemirim','ES','','2012-06-08','2013-02-15',null,15151);
INSERT INTO hmprojetos.servico values (212238,'ASS','ASS 2012.238','Averbação de Imóvel - Cartório','','','Avenida Christiano Dias Lopes Filho','Gilberto Machado','Cachoeiro de Itapemirim','ES','','2012-11-21','2013-11-19',null,15151);
INSERT INTO hmprojetos.servico values (213054,'ASS','ASS 2013.054','Habite-se','','','Rua das Camélias','Paraiso','Cachoeiro de Itapemirim','ES','','2013-03-28','2013-07-16',null,15151);
INSERT INTO hmprojetos.servico values (213064,'ASS','ASS 2013.064','Transferência de Titularidade de IPTU ','','','Rua das Camélias s/n','Paraíso','Cachoeiro de Itapemirim','ES','','2013-04-18','2013-07-16',null,15151);
INSERT INTO hmprojetos.servico values (214119,'ASS','ASS 2014.119','Desmembramento de Área - Cartório','300','','Rua Virginia, nº 18','Guandú','Cachoeiro de Itapemirim','ES','','2014-10-03','2016-02-24',null,15153);
INSERT INTO hmprojetos.servico values (12126,'PAQ','PAQ 2012.126','Regularização de Obra','2350','','Rua Virginia, nº 18','Guandú','Cachoeiro de Itapemirim','ES','','2012-07-13','2013-10-31',null,15153);
INSERT INTO hmprojetos.servico values (213182,'ASS','ASS 2013.182','2º Via de Certidão Detalhada / Cópia de planta','','','Rua Virginia, nº 18','Guandú','Cachoeiro de Itapemirim','ES','','2013-10-23','2014-09-26',null,15153);
INSERT INTO hmprojetos.servico values (113058,'PRS','PRS 2013.058','Retificação de Área','400','','Rua Virginia, nº 18','Guandú','Cachoeiro de Itapemirim','ES','','2013-10-31','2016-02-26',null,15153);
INSERT INTO hmprojetos.servico values (210035,'ASS','ASS 2010.035','Regularização Residencial','1200','3x','Quadra 21, Lote 17 e 18','Gilberto Machado','','','',null,null,null,15154);
INSERT INTO hmprojetos.servico values (212181,'ASS','ASS 2012.181','Regularização CREA','','','Rua José Goulart, 41','Nossa Senhora de Fátima','','','',null,null,null,15155);
INSERT INTO hmprojetos.servico values (07066,'PAQ','PAQ 2007.066','Anuência Prévia','','','Rua Marechal Mascarenhas de Moraes, 19','Santo Antônio','Cachoeiro de Itapemirim','ES','','2010-04-26',null,null,15156);
INSERT INTO hmprojetos.servico values (11013,'PAQ','PAQ 2011.013','Reforma Residencial','','','','Conceição de Castelo','','','',null,null,null,15157);
INSERT INTO hmprojetos.servico values (216014,'ASS','ASS 2016.014','Parcelamento Dívida Receita Federal','300','2x','Rua Walter dos Santos Paiva, nº 34 a 36','Dr. Luiz Tinoco da Fonseca (BNH)','Cachoeiro de Itapemirim','ES','','2016-02-12','2016-03-10',null,15158);
INSERT INTO hmprojetos.servico values (209011,'ASS','ASS 2009.011','Regularização Residencial','','','Rua Walter dos Santos Paiva, 13','BNH - Dr. Luiz Tinoco da Fonseca','Cachoeiro de Itapemirim','ES','','2011-11-10','2013-05-23',null,15158);
INSERT INTO hmprojetos.servico values (213088,'ASS','ASS 2013.088','Habite-se','','','Rua Walter dos Santos Paiva, nº 34 a 36','Dr. Luiz Tinoco da Fonseca (BNH)','Cachoeiro de Itapemirim','ES','','2013-05-23','2015-01-29',null,15158);
INSERT INTO hmprojetos.servico values (215013,'ASS','ASS 2015.013','Regularização INSS','','','Rua Walter dos Santos Paiva, nº 34 a 36','Dr. Luiz Tinoco da Fonseca (BNH)','','','','2015-02-04','2015-06-23',null,15158);
INSERT INTO hmprojetos.servico values (208021,'ASS','ASS 2008.021','Habite-se','400','2x','Rua Wallace de Mello Pereira Barreto, 16','Jardim Itapemirim','','','',null,null,null,15160);
INSERT INTO hmprojetos.servico values (13064,'PAQ','PAQ 2013.064','Regularização Residencial','','','Rua José Pereira Neto','','Presidente Kennedy','ES','','2012-10-31','2018-01-16',null,15161);
INSERT INTO hmprojetos.servico values (110005,'PRS','PRS 2010.005','Usucapião','','','Rua José Pereira Neto','','Presidente Kennedy','ES','','2012-10-31','2018-01-11',null,15161);
INSERT INTO hmprojetos.servico values (214067,'ASS','ASS 2014.067','Indicação de serviço','','','Avenida José Rosa Machado, nº 07','Abelardo Machado','','','','2014-03-27','2016-09-30',null,15163);
INSERT INTO hmprojetos.servico values (14024,'PAQ','PAQ 2014.024','Regularização Misto','2500','','Avenida José Rosa Machado, nº 07','Abelardo Machado','Cachoeiro de Itapemirim','ES','','2014-03-18','2014-12-22',null,15163);
INSERT INTO hmprojetos.servico values (212052,'ASS','ASS 2012.052','Desmembramento','','','Rua Luiz Rezinette, nº18','Aquidaban','','','',null,null,null,15164);
INSERT INTO hmprojetos.servico values (212218,'ASS','ASS 2012.218','Desmembramento Cartório','','','Rua Luiz Rezinette, nº18','Aquidaban','','','',null,null,null,15164);
INSERT INTO hmprojetos.servico values (112006,'PRS','PRS 2012.006','Desmembramento','','','Rua Luiz Rezinette, nº18','Aquidaban','','','',null,null,null,15164);
INSERT INTO hmprojetos.servico values (215032,'ASS','ASS 2015.032','Regularização INSS','','','Rua Aurelio Corte Imperial, nº 45','Santo Antônio','','','',null,null,null,15166);
INSERT INTO hmprojetos.servico values (107004,'PRS','PRS 2007.004','Montagem  de Áreas','','','Avenida Jones dos Santos Neves','Otto Marins','Cachoeiro de Itapemirim','ES','','2011-10-25','2019-03-08',null,15167);
INSERT INTO hmprojetos.servico values (113050,'PRS','PRS 2013.050','Croqui de Situação','300','','Avenida Jones dos Santos Neves','Otto Marins','Cachoeiro de Itapemirim','ES','','2013-09-12','2019-03-08',null,15167);
INSERT INTO hmprojetos.servico values (212042,'ASS','ASS 2012.042','Acompanhamento de Processo','','','Rua Derly Machado Brasil, nº27','Monte Cristo','','','',null,null,null,15168);
INSERT INTO hmprojetos.servico values (213063,'ASS','ASS 2013.063','Retificação de Área','','','Rua Derly Machado Brasil, nº27','Monte Cristo','','','',null,null,null,15168);
INSERT INTO hmprojetos.servico values (112073,'PRS','PRS 2012.073','Retificação de Área','','','Rua Werly Brasil, s/n','Monte Cristo','','','',null,null,null,15168);
INSERT INTO hmprojetos.servico values (214094,'ASS','ASS 2014.094','Regularização Residencial','600','2x','Rua Alfredo Secco, 13 a 19','Boa Vista','Cachoeiro de Itapemirim','ES','','2014-07-15',null,null,15169);
INSERT INTO hmprojetos.codigo_prefeitura values (570,'25723','2014',214094);
INSERT INTO hmprojetos.servico values (209015,'ASS','ASS 2009.015','Usucapião','','','Rua Alfredo Secco, 13 a 19','Boa Vista','Cachoeiro de Itapemirim','ES','','2009-10-13','2014-04-02',null,15169);
INSERT INTO hmprojetos.servico values (14028,'PAQ','PAQ 2014.028','Regularização Residencial','2400','','Rua Alfredo Secco, nº 13 a 19','Boa Vista','Cachoeiro de Itapemirim','ES','','2014-04-02','2015-10-27',null,15169);
INSERT INTO hmprojetos.servico values (12035,'PAQ','PAQ 2012.035','Regularização Residencial','','','Rua Alcebirdes Jospe Sobreira n°19','BNH','','','',null,null,null,15170);
INSERT INTO hmprojetos.servico values (215002,'ASS','ASS 2015.002','Verificaçao valores IPTU','','','Rua Helena Debona n12','Aeroporto','Cachoeiro de Itapemirim','ES','','2015-01-06','2018-02-14',null,15172);
INSERT INTO hmprojetos.servico values (113029,'PRS','PRS 2013.029','Usucapião','','','Rua Helena Debona, 12','Aeroporto','Cachoeiro de Itapemirim','ES','','2013-05-29','2013-07-15',null,15172);
INSERT INTO hmprojetos.servico values (114012,'PRS','PRS 2014.012','Croqui de Situação','','','Rua Helena Debona, nº 12','Aeroporto','Cachoeiro de Itapemirim','ES','','2014-05-19','2014-07-11',null,15172);
INSERT INTO hmprojetos.servico values (211114,'ASS','ASS 2011.114','Transferência de Titularidade de IPTU','','','Rua Antônio Ganhoto, nº99','Aquidaban','Cachoeiro de Itapemirim','ES','29308250','2011-11-18','2019-12-28',null,15173);
INSERT INTO hmprojetos.link_externo values (1159,'IPTU 65463','http://www2.cachoeiro.es.gov.br:8080/ZimWeb/servlet/ZII?connection=producao&program=pwci001&vudTipoDocum=9&vudNoDocum=65463&vexercicio=2019',211114);
INSERT INTO hmprojetos.link_externo values (1160,'CND 65463','http://www2.cachoeiro.es.gov.br:8080/ZimWeb/servlet/ZII?vudTipoDocum=3&vudNoDocum=65463&debug=true&connection=producao&program=pwud001&template=%28vudTipoDocum%2CvudNoDocum%2CvudFinalidade%29&B1=Pesquisar',211114);
INSERT INTO hmprojetos.servico values (14060,'PAQ','PAQ 2014.060','Regularização de Garagem','','','Rua Antonio Vieira, nº 42 a 44','Santo Antõnio','Cachoeiro de Itapemirim','ES','29300650','2014-10-10','2014-11-21',null,15174);
INSERT INTO hmprojetos.servico values (114019,'PRS','PRS 2014.019','Usucapião','','','Rua José Paris','Vila Rica','','','',null,null,null,15175);
INSERT INTO hmprojetos.servico values (09015,'PAQ','PAQ 2009.015','Construção Residencial','','','','Jardim Itapemirim','Cachoeiro de Itapemirim','ES','','2009-05-19','2018-02-27',null,15176);
INSERT INTO hmprojetos.servico values (213173,'ASS','ASS 2013.173','Certidão / Habite-se','600','2x','Rua coelho Mello, 39','Independência','Cachoeiro de Itapemirim','ES','29307202','2013-10-10',null,null,15178);
INSERT INTO hmprojetos.link_externo values (1161,'IPTU 33620 - 33619 - 90732 - 90733 - 90734','http://www2.cachoeiro.es.gov.br:8080/ZimWeb/servlet/ZII?connection=producao&program=pwci001&vudTipoDocum=9&vudNoDocum=33620 - 33619 - 90732 - 90733 - 90734&vexercicio=2019',213173);
INSERT INTO hmprojetos.link_externo values (1162,'CND 33620 - 33619 - 90732 - 90733 - 90734','http://www2.cachoeiro.es.gov.br:8080/ZimWeb/servlet/ZII?vudTipoDocum=3&vudNoDocum=33620 - 33619 - 90732 - 90733 - 90734&debug=true&connection=producao&program=pwud001&template=%28vudTipoDocum%2CvudNoDocum%2CvudFinalidade%29&B1=Pesquisar',213173);
INSERT INTO hmprojetos.codigo_prefeitura values (571,'34852','2019',213173);
INSERT INTO hmprojetos.codigo_prefeitura values (572,'34853','2019',213173);
INSERT INTO hmprojetos.servico values (212160,'ASS','ASS 2012.160','Regularização Residencial','','','Rua Coelho Melo, nº27','Independência','Cachoeiro de Itapemirim','ES','','2012-07-13','2013-09-18',null,15178);
INSERT INTO hmprojetos.servico values (12029,'PAQ','PAQ 2012.029','Regularização Residencial','','','Rua Coelho Melo, nº27','Independência','Cachoeiro de Itapemirim','ES','','2012-04-05','2012-08-17',null,15178);
INSERT INTO hmprojetos.servico values (213206,'ASS','ASS 2013.206','Regularização Residencial','','','Rua Manoel Gonçalves, n°119','Marataizes','Cachoeiro de Itapemirim','ES','','2014-01-08','2014-09-04',null,15178);
INSERT INTO hmprojetos.servico values (115026,'PRS','PRS 2015.026','Unificação - Prefeitura','300','','Rua coelho Mello,n°27','Independência','Cachoeiro de Itapemirim','ES','','2015-08-31','2018-09-24',null,15178);
INSERT INTO hmprojetos.codigo_prefeitura values (573,'26825','2017',115026);
INSERT INTO hmprojetos.servico values (10109,'PAQ','PAQ 2010.109','Regularização Residencial','','','Rua José Rodrigues, 16','BNH - Dr. Luiz Tinoco da Fonseca','Cachoeiro de Itapemirim','ES','','2011-08-08','2018-03-10',null,15179);
INSERT INTO hmprojetos.servico values (213215,'ASS','ASS 2013.215','Blocos de Recibo','','','','Atilio Vivacqua','','','',null,null,null,15180);
INSERT INTO hmprojetos.servico values (213162,'ASS','ASS 2013.162','Laudo para Regularização - INSS','','','Rua José Calegário, s/nº','Aeroporto','','','',null,null,null,15181);
INSERT INTO hmprojetos.servico values (11087,'PAQ','PAQ 2011.087','Regularização Residencial','','','Sabino Joaquim Coelho, 21','Valão - Elpidio Volpini','','','',null,null,null,15182);
INSERT INTO hmprojetos.servico values (09002,'PAQ','PAQ 2009.002','Croqui Arquitetônico','','','','Alto União','Cachoeiro de Itapemirim','ES','','2009-01-24','2018-02-20',null,15183);
INSERT INTO hmprojetos.servico values (09096,'PAQ','PAQ 2009.096','Presbitério / Reforma Religiosa','','','','Valão','','','',null,null,null,15185);
INSERT INTO hmprojetos.servico values (113041,'PRS','PRS 2013.041','Croqui de Situação','','','Rua 25 De Março,Nº 143 Centro','Centro','Cachoeiro de Itapemirim','ES','','2013-08-12','2018-01-11',null,15186);
INSERT INTO hmprojetos.servico values (214112,'ASS','ASS 2014.112','Renovação de Alvará','','','Rua Miguel Dias Jaques','Teixeira Leite','','','',null,null,null,15187);
INSERT INTO hmprojetos.servico values (114018,'PRS','PRS 2014.018','Planta para Usucapião','','','Rua Gilson Lesqueves, 02','Monte Belo','Cachoeiro de Itapemirim','ES','','2014-06-24','2018-05-28',null,15188);
INSERT INTO hmprojetos.servico values (213147,'ASS','ASS 2013.147','Lavratura de Escritura','','','','Presidente Kennedy','','','',null,null,null,15189);
INSERT INTO hmprojetos.servico values (12085,'PAQ','PAQ 2012.085','','','','','','','','',null,null,null,15190);
INSERT INTO hmprojetos.servico values (215018,'ASS','ASS 2015.018','Acompanhamento de Usucapião','3000','6x','Rua Nazira Ginaid Felipe','Boa Esperança','Cachoeiro de Itapemirim','ES','','2015-01-19','2017-11-20',null,15192);
INSERT INTO hmprojetos.servico values (114031,'PRS','PRS 2014.031','Usucapião','','','Rua Nazira Ginaid Felipe','Boa Esperança','Cachoeiro de Itapemirim','ES','','2014-11-12','2015-01-20',null,15192);
INSERT INTO hmprojetos.servico values (15008,'PAQ','PAQ 2015.008','Reforma Religiosa','','','Rua Gilson Lesqueves, 02','Monte Belo','Cachoeiro de Itapemirim','ES','','2015-02-19','2015-09-18',null,15193);
INSERT INTO hmprojetos.servico values (12090,'PAQ','PAQ 2012.090','Reforma Religiosa','','','','Aeroporto','Cachoeiro de Itapemirim','ES','','2012-09-18','2012-11-15',null,15194);
INSERT INTO hmprojetos.servico values (212135,'ASS','ASS 2012.135','Fachada Religiosa / Torre ','','','','Alto Moledo','','','',null,null,null,15195);
INSERT INTO hmprojetos.servico values (10053,'PAQ','PAQ 2010.053','Fachada Religiosa / Torre ','','','Rua Projetada','Alto Moledo','Cachoeiro de Itapemirim','ES','','2011-06-20','2014-02-18',null,15195);
INSERT INTO hmprojetos.servico values (10122,'PAQ','PAQ 2010.122','Estacionamento / Presbitério','','','Rua Nestor Ribeiro, s/nº','Abelardo Ferreira Machado','Cachoeiro de Itapemirim','ES','','2011-02-08','2015-12-22',null,15196);
INSERT INTO hmprojetos.servico values (212217,'ASS','ASS 2012.217','Acompanhamento de processo','','','Av. Dr. João de Deus Madureira Filho, 28','Ilha da Luz','','','',null,null,null,15197);
INSERT INTO hmprojetos.servico values (209049,'ASS','ASS 2009.049','Habite-se','5000','Parcela Única','Rua Demétrio Ultramar, nº 22/28','Parque das Laranjeiras','','','','2009-10-21','2013-05-09',null,15198);
INSERT INTO hmprojetos.servico values (213204,'ASS','ASS 2013.204','ART para Escelsa','','','Rua Amélia Cordeiro, s/nº','Arariguaba','','','',null,null,null,15199);
INSERT INTO hmprojetos.servico values (12125,'PAQ','PAQ 2012.125','Substituição de Projeto','','','Rua Amélia Cordeiro, s/nº','Arariguaba','','','','2012-11-26',null,null,15199);
INSERT INTO hmprojetos.servico values (108021,'PRS','PRS 2008.021','Usucapião','','','Rua Francisco Pereira Basilio, s/nº','Pacotuba','Cachoeiro de Itapemirim','ES','','2013-10-15','2015-10-19',null,15200);
INSERT INTO hmprojetos.servico values (113059,'PRS','PRS 2013.059','Croqui de Situação','','','Rua Projetada','Pedra Branca','Jaciquá','ES','','2013-11-11','2018-01-11',null,15201);
INSERT INTO hmprojetos.servico values (07031,'PAQ','PAQ 2007.031','Regularização Resiliosa','','','Rua José Calegário, s/nº','Aeroporto','Cachoeiro de Itapemirim','ES','','2008-02-29','2018-07-28',null,15202);
INSERT INTO hmprojetos.servico values (216036,'ASS','ASS 2016.036','Regularização Religiosa','600','','Rua Abel Santana','Gilson Carone','Cachoeiro de Itapemirim','ES','','2016-03-11',null,null,15204);
INSERT INTO hmprojetos.codigo_prefeitura values (574,'38748','2017',216036);
INSERT INTO hmprojetos.servico values (214041,'ASS','ASS 2014.041','Alteração de Razão Social','','','Rodovia Cachoeiro x Muqui','Santa Fé de Baixo','Cachoeiro de Itapemirim','ES','','2014-03-21','2014-03-21',null,15206);
INSERT INTO hmprojetos.servico values (11078,'PAQ','PAQ 2011.078','Construção Religiosa','','','Rodovia Cachoeiro x Muqui','Santa Fé de Baixo','Cachoeiro de Itapemirim','ES','','2012-05-25','2012-09-06',null,15206);
INSERT INTO hmprojetos.servico values (215074,'ASS','ASS 2015.074','Desmembramento de Área','','','Rodovia Cachoeiro x Muqui','Santa Fé de Baixo','Cachoeiro de Itapemirim','ES','','2015-06-25','2015-07-20',null,15206);
INSERT INTO hmprojetos.servico values (13085,'PAQ','PAQ 2013.085','Construção Religiosa','','','Rodovia Cachoeiro x Muqui','Santa Fé de Baixo','Cachoeiro de Itapemirim','ES','','2013-11-15','2015-08-31',null,15206);
INSERT INTO hmprojetos.servico values (112058,'PRS','PRS 2012.058','Usucapião / Desmembramento','','','Rodovia Cachoeiro x Muqui','Santa Fé de Baixo','Cachoeiro de Itapemirim','ES','','2012-10-04','2015-07-20',null,15206);
INSERT INTO hmprojetos.servico values (215051,'ASS','ASS 2015.051','Regularização Religiosa','','','Rua João Afonso de Miranda','Ruy Pinto Bandeira','Cachoeiro de Itapemirim','ES','','2015-05-25','2015-09-08',null,15207);
INSERT INTO hmprojetos.servico values (13028,'PAQ','PAQ 2013.028','Substituição de Projeto','','','Rua João Afonso de Miranda','Ruy Pinto Bandeira','Cachoeiro de Itapemirim','ES','','2013-02-23','2015-05-27',null,15207);
INSERT INTO hmprojetos.servico values (212041,'ASS','ASS 2012.041','Indicação de Serviço / Confecção de ART','','','Rua Papa João VI','Vilage da Luz','','','',null,null,null,15210);
INSERT INTO hmprojetos.servico values (11059,'PAQ','PAQ 2011.059','Reforma Religiosa','','','Av. Caiçara, 102','Alto Caiçara','Cachoeiro de Itapemirim','ES','','2011-11-25','2015-02-06',null,15211);
INSERT INTO hmprojetos.servico values (213073,'ASS','ASS 2013.073','Regularização Religiosa - Prefeitura','','','Rua Raimundo Fullin, s/nº','Boa Vista','','','',null,null,null,15212);
INSERT INTO hmprojetos.servico values (213150,'ASS','ASS 2013.150','Licença para Construção','','','Rua Raimundo Fullin, s/nº ','Boa Vista','','','',null,null,null,15212);
INSERT INTO hmprojetos.servico values (213167,'ASS','ASS 2013.167','Indicação de Projetos','','','Rua Raimundo Fullin, s/nº ','Boa Vista','','','',null,null,null,15212);
INSERT INTO hmprojetos.servico values (09025,'PAQ','PAQ 2009.025','Construção Religiosa ','','','Rua Raimundo Fullin, s/nº ','Boa Vista','','','',null,null,null,15212);
INSERT INTO hmprojetos.servico values (09060,'PAQ','PAQ 2009.060','Reforma Religiosa','','','','Vila do Sul ','Alegre','ES','','2011-11-01','2018-02-20',null,15214);
INSERT INTO hmprojetos.servico values (10066,'PAQ','PAQ 2010.066','Construção Religiosa','','','','Coramara','Cachoeiro de Itapemirim','ES','','2010-06-14','2018-02-20',null,15214);
INSERT INTO hmprojetos.servico values (213163,'ASS','ASS 2013.163','Indicação de Serviços','','','Rua das Garças, s/nº','Fé e Raça','Cachoeiro de Itapemirim','ES','','2013-09-16','2014-11-12',null,15215);
INSERT INTO hmprojetos.servico values (213174,'ASS','ASS 2013.174','Licença para Construção','','','Rua das Garças, s/nº','Fé e Raça','Cachoeiro de Itapemirim','ES','','2013-10-10','2014-09-12',null,15215);
INSERT INTO hmprojetos.servico values (14057,'PAQ','PAQ 2014.057','Construção Religiosa','','','Rua das Garças, s/nº','Fé e Raça','Cachoeiro de Itapemirim','ES','','2014-09-24','2016-05-16',null,15215);
INSERT INTO hmprojetos.servico values (12075,'PAQ','PAQ 2012.075','Regularização Religiosa','','','Corrego Vermelho - Rua José Fernandes, s/nº','Itaoca','Cachoeiro de Itapemirim','ES','','2012-08-13','2014-12-05',null,15216);
INSERT INTO hmprojetos.servico values (15046,'PAQ','PAQ 2015.046','Paginação de Piso','','','Rua Itajubá, 8','Amarelo','Cachoeiro de Itapemirim','ES','','2015-10-07','2015-12-02',null,15217);
INSERT INTO hmprojetos.servico values (114021,'PRS','PRS 2014.021','Retificação de Área','500','2x','Rua Itajubá, 8','Amarelo','Cachoeiro de Itapemirim','ES','','2014-11-27','2015-07-14',null,15217);
INSERT INTO hmprojetos.servico values (08065,'PAQ','PAQ 2008.065','Construção Igreja','','','','Centro','Vargem Alta','ES','','2009-10-15','2018-08-09',null,15218);
INSERT INTO hmprojetos.servico values (13006,'PAQ','PAQ 2013.006','Reforma Religiosa ','','','','Bebedouro','Cachoeiro de Itapemirim','ES','','2013-02-16','2018-02-20',null,15219);
INSERT INTO hmprojetos.servico values (214091,'ASS','ASS 2014.091','Levantamento Arquitetônico','','','Zona Rural','São João','Jaciguá','ES','','2014-07-10','2018-02-20',null,15220);
INSERT INTO hmprojetos.servico values (215029,'ASS','ASS 2015.029','Regularização Religiosa','700','','Rua José Marcondes de Souza, 5','Costa e Silva','Cachoeiro de Itapemirim','ES','','2015-03-16',null,null,15221);
INSERT INTO hmprojetos.codigo_prefeitura values (575,'13452','2015',215029);
INSERT INTO hmprojetos.servico values (116013,'PRS','PRS 2016.013','Planta para Usucapião','600','2x','Rua Maria Firmina Santana, nº11','São Lucas','Cachoeiro de Itapemirim','ES','','2016-04-01','2016-08-08',null,15223);
INSERT INTO hmprojetos.servico values (212057,'ASS','ASS 2012.057','Acompanhamento de Processo','','','Rua Maria Firmina Santana, nº11','São Lucas','Cachoeiro de Itapemirim','ES','','2012-04-02','2018-08-04',null,15223);
INSERT INTO hmprojetos.servico values (12042,'PAQ','PAQ 2012.042','Torre de Igreja','','','Rua Maria Firmina Santana n°11','São Lucas','Cachoeiro de Itapemirim','ES','','2012-05-19','2013-08-09',null,15223);
INSERT INTO hmprojetos.servico values (212103,'ASS','ASS 2012.103','Renovação de Alvará ','','','Rua Eloy Martins Pereira, s/nº','Alto União','','','',null,null,null,15226);
INSERT INTO hmprojetos.servico values (213158,'ASS','ASS 2013.158','Renovação de Alvará','','','Rua Eloy Martins Pereira, s/nº','Alto União','','','',null,null,null,15226);
INSERT INTO hmprojetos.servico values (15027,'PAQ','PAQ 2015.027','Construção Religiosa','','','Av.Jorge Simão','Coramara','Cachoeiro de Itapemirim','ES','','2015-07-16','2016-03-14',null,15227);
INSERT INTO hmprojetos.servico values (216075,'ASS','ASS 2016.075','Divisão Amigável','4500','6x','Rua Alameda João Paulo II','Rod. Safra x Cachoeiro','Cachoeiro de Itapemirim','ES','29300090','2016-08-20','2016-08-26',null,15228);
INSERT INTO hmprojetos.servico values (13072,'PAQ','PAQ 2013.072','Regularização Religiosa','','','Rua Alameda João Paulo II','Rod. Safra x Cachoeiro','Cachoeiro de Itapemirim','ES','','2013-06-21','2015-02-12',null,15228);
INSERT INTO hmprojetos.servico values (215086,'ASS','ASS 2015.086','Licença Escavação ','','','','Itaoca','Cachoeiro de Itapemirim','ES','','2015-07-24','2018-02-20',null,15229);
INSERT INTO hmprojetos.servico values (13073,'PAQ','PAQ 2013.073','Croqui Arquitetônico','','','Rua Costa Pereira, nº 39','Centro ','Cachoeiro de Itapemirim','ES','','2013-06-21','2014-06-27',null,15230);
INSERT INTO hmprojetos.servico values (212124,'ASS','ASS 2012.124','Regularização Religiosa','','','Rua Braz Vivacqua, s/nº','Itaóca','Cachoeiro de Itapemirim','ES','','2012-11-27','2014-09-19',null,15231);
INSERT INTO hmprojetos.servico values (212243,'ASS','ASS 2012.243','Alteração da Razão Social - Cartório','','','Rua Braz Vivacqua, s/nº','Itaóca','Cachoeiro de Itapemirim','ES','','2012-11-29','2013-02-15',null,15231);
INSERT INTO hmprojetos.servico values (212244,'ASS','ASS 2012.244','Regularização da Ampliação da Casa Paroquial','','','Rua Braz Vivacqua, s/nº','Itaóca','Cachoeiro de Itapemirim','ES','','2012-12-03','2015-04-30',null,15231);
INSERT INTO hmprojetos.servico values (12013,'PAQ','PAQ 2012.013','Levantamento arquitetônico - incêndio','','','Rua Braz Vivacqua, s/nº','distrito de Itaóca','Cachoeiro de Itapemirim','ES','','2012-02-25','2016-05-19',null,15231);
INSERT INTO hmprojetos.servico values (12016,'PAQ','PAQ 2012.016','Ampliação da Casa Paroquial','','','Rua Braz Vivacqua, s/nº','Itaóca','Cachoeiro de Itapemirim','ES','','2012-02-25','2016-02-22',null,15231);
INSERT INTO hmprojetos.servico values (12127,'PAQ','PAQ 2012.127','Regularização Religiosa','','','Rua Braz Vivacqua, s/nº','Itaóca','Cachoeiro de Itapemirim','ES','','2012-03-30','2012-11-27',null,15231);
INSERT INTO hmprojetos.servico values (16039,'PAQ','PAQ 2016.039','Atualização Arquitetônico','1258','','Avenida Allan Kardec, 30','Dr Luiz Tinoco da Fonseca','Cachoeiro de Itapemirim','ES','','2016-07-29','2017-03-24',null,15232);
INSERT INTO hmprojetos.servico values (16038,'PAQ','PAQ 2016.038','Regularização Cantina','2600','4x','Avenida Allan Kardec, 30','Dr Luiz Tinoco da Fonseca','Cachoeiro de Itapemirim','ES','29313226','2016-07-27',null,null,15232);
INSERT INTO hmprojetos.servico values (16037,'PAQ','PAQ 2016.037','Construção Nova Secretaria','500','','Avenida Allan Kardec, 30','Dr Luiz Tinoco da Fonseca','Cachoeiro de Itapemirim','ES','29313226','2016-07-27','2016-10-03',null,15232);
INSERT INTO hmprojetos.servico values (16024,'PAQ','PAQ 2016.024','Reforma Banheiros','900','3x','Avenida Allan Kardec, 30','Dr Luiz Tinoco da Fonseca','Cachoeiro de Itapemirim','ES','','2016-05-16','2016-07-20',null,15232);
INSERT INTO hmprojetos.servico values (11061,'PAQ','PAQ 2011.061','Reforma Religiosa','','','Avenida Allan Kardec, ','BNH de Cima','Cachoeiro de Itapemirim','ES','','2012-06-25','2012-06-25',null,15232);
INSERT INTO hmprojetos.servico values (12100,'PAQ','PAQ 2012.100','Reforma Religiosa','','','Avenida Allan Kardec, 30','Dr Luiz Tinoco da Fonseca','Cachoeiro de Itapemirim','ES','','2012-09-26','2013-02-22',null,15232);
INSERT INTO hmprojetos.servico values (13050,'PAQ','PAQ 2013.050','Layout de Estacionamento','','','Avenida Allan Kardec, s/nº','Dr. Luiz Tinoco (BNH)','Cachoeiro de Itapemirim','ES','','2013-06-21','2015-02-09',null,15232);
INSERT INTO hmprojetos.servico values (212076,'ASS','ASS 2012.076','Alteração de Razão Social e CNPJ','','','Avenida Domingos Dadalto, nº','Jardim Itapemirim','Cachoeiro de Itapemirim','ES','','2012-08-16','2012-08-16',null,15234);
INSERT INTO hmprojetos.servico values (212178,'ASS','ASS 2012.178','Retificação de Área','','','Av. Domingos Alcino Dadalto','Jardim Itapemirim','Cachoeiro de Itapemirim','ES','','2012-09-06','2012-10-15',null,15234);
INSERT INTO hmprojetos.servico values (112017,'PRS','PRS 2012.017','Retificação de Área','','','Rua AV. Domingos Alcino Dadalro','Jardim Itapemirim','Cachoeiro de Itapemirim','ES','','2012-08-03','2012-09-10',null,15234);
INSERT INTO hmprojetos.servico values (212210,'ASS','ASS 2012.210','Retificação de Área - Cartório','','','Av. Domingos Alcino Dadalro,146','Jardim Itapemirim','','','',null,null,null,15235);
INSERT INTO hmprojetos.servico values (113042,'PRS','PRS 2013.042','Levantamento Topográfico','','','','Jaciguá','','','',null,null,null,15238);
INSERT INTO hmprojetos.servico values (11107,'PAQ','PAQ 2011.107','Croqui Arquitetônico','','','Rua Barão de Itapemirim, 36','Centro','Cachoeiro de Itapemirim','ES','','2011-11-30','2015-02-24',null,15239);
INSERT INTO hmprojetos.servico values (11109,'PAQ','PAQ 2011.109','Croqui Arquitetônico','','','Praça da Bandeira, 1','Aquidaban','Cachoeiro de Itapemirim','ES','','2011-10-18','2018-01-11',null,15240);
INSERT INTO hmprojetos.servico values (210055,'ASS','ASS 2010.055','Mudança no PDM','','','Rua Costa Pereira, 39','Centro','','','',null,null,null,15241);
INSERT INTO hmprojetos.servico values (215045,'ASS','ASS 2015.045','Regularização INSS','','','','Centro','','','',null,null,null,15241);
INSERT INTO hmprojetos.servico values (15006,'PAQ','PAQ 2015.006','Reforma Residencial','','','Rodovia Cachoeiro x Vargem Alta','Soturno','Cachoeiro de Itapemirim','ES','','2015-02-03','2015-04-15',null,15243);
INSERT INTO hmprojetos.servico values (14081,'PAQ','PAQ 2014.081','Regularização Residencial','600','3x','Rua Angelo Maria Mignone, n° 19 (atual nº 03)','Independência','Cachoeiro de Itapemirim','ES','','2014-12-12','2015-01-14',null,15245);
INSERT INTO hmprojetos.servico values (15002,'PAQ','PAQ 2015.002','Digitalização de projeto','','','Rua Angelo Maria Mignone n19 (atual n3)','Independencia ','Cachoeiro de Itapemirim','ES','','2015-01-09','2015-02-19',null,15245);
INSERT INTO hmprojetos.servico values (212017,'ASS','ASS 2012.017','Regularização Comercial','','','Av. José Rosa Machado, nº213','Novo Parque','Cachoeiro de Itapemirim','ES','','-ci-in',null,null,15246);
INSERT INTO hmprojetos.servico values (213131,'ASS','ASS 2013.131','Transferência de Titularidade de IPTU','','','Rua Jose Rosa Machado, nº 215/227','Alto novo Parque','Cachoeiro de Itapemirim','ES','','2013-07-22','2014-04-29',null,15246);
INSERT INTO hmprojetos.servico values (214048,'ASS','ASS 2014.048','Retificação de Área - Cartório','','','Rua José Rosa Machado, nº 215/227','Alto Novo Parque','Cachoeiro de Itapemirim','ES','','2014-04-03','2018-03-12',null,15246);
INSERT INTO hmprojetos.servico values (114015,'PRS','PRS 2014.015','Desmembramento','','','Av. José Rosa Machado','Novo Parque','Cachoeiro de Itapemirim','ES','','2014-04-16','2018-03-12',null,15246);
INSERT INTO hmprojetos.servico values (112072,'PRS','PRS 2012.072','Desmembramento de Área','','','Rua Miguel Dias Jaques','Teixeira Leite','','','',null,null,null,15247);
INSERT INTO hmprojetos.servico values (214104,'ASS','ASS 2014.104','Regularização Residencial','','','Rua Miguel Dias Jaques, 186/188','Teixeira Leite','Cachoeiro de Itapemirim','ES','','2014-08-01','2015-09-08',null,15250);
INSERT INTO hmprojetos.servico values (14025,'PAQ','PAQ 2014.025','Regularização Residencial','','','Rua Miguel Dias Jaques, 186/188','Teixeira Leite','Cachoeiro de Itapemirim','ES','','2014-03-25','2014-08-01',null,15250);
INSERT INTO hmprojetos.servico values (112045,'PRS','PRS 2012.045','Usucapião','','','Rua Luiz Sacramento, nº 51','Recanto','Cachoeiro de Itapemirim','ES','','2012-08-06','2012-08-15',null,15250);
INSERT INTO hmprojetos.servico values (15038,'PAQ','PAQ 2015.038','Construção residencial Térreo','820','2x','Rua Miguel Dias Jaques, 186/188','Teixeira Leite','Cachoeiro de Itapemirim','ES','','2016-01-15','2016-02-11',null,15250);
INSERT INTO hmprojetos.servico values (215049,'ASS','ASS 2015.049','Consultoria Desmembramento','950','','Rua Dona Amélia','Zumbi','Cachoeiro de Itapemirim','ES','','2015-04-30',null,null,15251);
INSERT INTO hmprojetos.servico values (10046,'PAQ','PAQ 2010.046','Construção Residencial','','','Rua Maria Firmina Santana, 20 ','São Lucas','Cachoeiro de Itapemirim','ES','','2010-09-28','2016-01-28',null,15252);
INSERT INTO hmprojetos.servico values (215059,'ASS','ASS 2015.059','Regularização INSS','','','Rua Albano Custódio, nº 19','Dr. Gilberto Machado','Cachoeiro de Itapemirim','ES','','2015-06-11',null,null,15253);
INSERT INTO hmprojetos.servico values (212013,'ASS','ASS 2012.013','Construção Residencial','','','Rua Antonio Rodrigues, s/nº','Agostinho Simonato','','','',null,null,null,15254);
INSERT INTO hmprojetos.servico values (212034,'ASS','ASS 2012.034','Renovação de Alvará','','','Rua Carlos Gomes','Agostinho Simonato','','','',null,null,null,15254);
INSERT INTO hmprojetos.servico values (113021,'PRS','PRS 2013.021','Usucapião','','','Rua: Carlos Gomes s/n°','Agostinho Simonato','','','','2013-04-22','2019-03-20',null,15254);
INSERT INTO hmprojetos.servico values (111013,'PRS','PRS 2011.013','Usucapião','','','','Vila Rica','','','','2011-03-30','2011-12-20',null,15255);
INSERT INTO hmprojetos.servico values (112071,'PRS','PRS 2012.071','Usucapião','','','Rua Acácio Dutra de Oliveira','Vila Rica','','','',null,null,null,15255);
INSERT INTO hmprojetos.servico values (10047,'PAQ','PAQ 2010.047','Projeto Máquinas','','','','Aeroporto','','','','2010-05-10','2010-12-20',null,15256);
INSERT INTO hmprojetos.servico values (113019,'PRS','PRS 2013.019','Planta de Divisão Amigavél','','','Rua Julio Facini, s/nº','Aeroporto','Cachoeiro de Itapemirim','ES','','2013-04-17','2013-10-16',null,15256);
INSERT INTO hmprojetos.servico values (114001,'PRS','PRS 2014.001','Planta de Divisão Amigavél','','','Rua Projetada','Distrito de Itaoca','Cachoeiro de Itapemirim','ES','','2014-01-14','2016-01-14',null,15256);
INSERT INTO hmprojetos.servico values (213020,'ASS','ASS 2013.020','ART Escelsa','','','Rua José Olimpio Gomes , 13','Alto União','Cachoeiro de Itapemirim','ES','','2013-01-02','2013-02-01',null,15257);
INSERT INTO hmprojetos.servico values (10034,'PAQ','PAQ 2010.034','Regularização Residencial','','','Rua José Olimpio Gomes, 13','Alto União','Cachoeiro de Itapemirim','ES','','2011-12-20','2013-09-11',null,15257);
INSERT INTO hmprojetos.servico values (113048,'PRS','PRS 2013.048','Usucapião','','','Rua José Olimpio Gomes,n°13','Alto União','Cachoeiro de Itapemirim','ES','','2013-09-10','2019-03-08',null,15257);
INSERT INTO hmprojetos.servico values (12107,'PAQ','PAQ 2012.107','Regularização Residencial','','','Rua Maria Tereza Florinda, 32','Novo Parque','Cachoeiro de Itapemirim','ES','','2012-10-22','2018-03-19',null,15258);
INSERT INTO hmprojetos.servico values (12011,'PAQ','PAQ 2012.011','Regularização Residencial','','','Rua José Olimpio Gomes','Agostinho Simonato','','','',null,null,null,15259);
INSERT INTO hmprojetos.servico values (211049,'ASS','ASS 2011.049','Ampliação Residencial ','','','Rua José Barbosa de Sá, s/nº','Aeroporto','','','',null,null,null,15260);
INSERT INTO hmprojetos.servico values (214079,'ASS','ASS 2014.079','Transferência de Titularidade de IPTU','','','','Aeroporto','','','',null,null,null,15260);
INSERT INTO hmprojetos.servico values (15019,'PAQ','PAQ 2015.019','Construção Residencial e Comercial','','','Rua Julio Facine, s/n','Aeroporto','Cachoeiro de Itapemirim','ES','','2015-06-09','2015-08-31',null,15261);
INSERT INTO hmprojetos.servico values (209046,'ASS','ASS 2009.046','Acompanhamento de Processo','','','Rua Romildo Gomes Cazadini','Monte Cristo','','','','2009-12-29',null,null,15262);
INSERT INTO hmprojetos.servico values (214061,'ASS','ASS 2014.061','Regularização Crea','','','Rua Edílio Ribeiro, s/nº','Jardim Itapemirim','','','',null,null,null,15262);
INSERT INTO hmprojetos.servico values (14039,'PAQ','PAQ 2014.039','Regularização CREA','','','Rua Edílio Ribeiro, s/nº','Jardim Itapemirim','','','','2014-05-06','2019-03-20',null,15262);
INSERT INTO hmprojetos.servico values (14073,'PAQ','PAQ 2014.073','Construção Residencial','','','Rua Cel. Francisco Athayde','Distrito de Conduru','Cachoeiro de Itapemirim','ES','','2014-11-18','2018-03-19',null,15263);
INSERT INTO hmprojetos.servico values (213084,'ASS','ASS 2013.084','ART Escelsa','','','Rua Gabriel da Rosa Machado, s/nº','Novo Parque','','','',null,null,null,15264);
INSERT INTO hmprojetos.servico values (213139,'ASS','ASS 2013.139','Regularização CREA','','','Rua Antônio Secati, nº 56','Otton Marins','','','',null,null,null,15265);
INSERT INTO hmprojetos.servico values (13001,'PAQ','PAQ 2013.001','Substituição de Projeto / Regularização','','','Rua Marcolino Lino de Moraes, 11','Vila Rica','Cachoeiro de Itapemirim','ES','','2013-01-14','2013-07-15',null,15266);
INSERT INTO hmprojetos.servico values (212012,'ASS','ASS 2012.012','Cópia de projeto','','','Av. Frederico Augusto Coser, nº14','Aeroporto','','','',null,null,null,15268);
INSERT INTO hmprojetos.servico values (11115,'PAQ','PAQ 2011.115','Reforma Residencial','','','','Aeroporto','','','',null,null,null,15268);
INSERT INTO hmprojetos.servico values (212242,'ASS','ASS 2012.242','Regularização Comercial','','','Rodovia Ricardo Barbieri, 123','Boa Vista','Cachoeiro de Itapemirim','ES','','2012-11-24',null,null,15269);
INSERT INTO hmprojetos.codigo_prefeitura values (576,'47095','2012',212242);
INSERT INTO hmprojetos.servico values (12081,'PAQ','PAQ 2012.081','Regularização Comercial','','','Rodovia Ricardo Barbieri, 123','Boa Vista','Cachoeiro de Itapemirim','ES','','2012-08-22',null,null,15269);
INSERT INTO hmprojetos.servico values (213069,'ASS','ASS 2013.069','Cópia de Projeto','','','Rua Manoel Fonseca, nº 08','Ferroviários ','Cachoeiro de Itapemirim','ES','','2013-05-20','2018-07-26',null,15270);
INSERT INTO hmprojetos.servico values (212240,'ASS','ASS 2012.240','Construção Residencial','','','Rua Antônio Ribeiro Sobrino, s/nº','Alto Monte Cristo','Cachoeiro de Itapemirim','ES','','2012-07-13','2013-04-12',null,15271);
INSERT INTO hmprojetos.servico values (213005,'ASS','ASS 2013.005','Indicação de Projeto Elétrico','','','Rua Antônio Ribeiro Sobrino, s/nº','Alto Monte Cristo','Cachoeiro de Itapemirim','ES','','2013-01-11','2019-04-11',null,15271);
INSERT INTO hmprojetos.servico values (213046,'ASS','ASS 2013.046','Regularização CREA - Área de Lazer','','','Rua Antonio Ribeiro Sobrinho, nº 19','Alto Monte Cristo','Cachoeiro de Itapemirim','ES','','2013-03-11','2013-03-22',null,15271);
INSERT INTO hmprojetos.servico values (12097,'PAQ','PAQ 2012.097','Construção Residencial','','','','Alto Monte Cristo','Cachoeiro de Itapemirim','ES','','2012-09-24','2013-04-12',null,15271);
INSERT INTO hmprojetos.servico values (212001,'ASS','ASS 2012.001','Habite-se','','','Rua Dorian Pontes de Paula, nº12','Santa Helena','','','',null,null,null,15272);
INSERT INTO hmprojetos.servico values (112001,'PRS','PRS 2012.001','Usucapião','','','Rua Dorian Pontes de Paula, nº12','Santa Helena','Cachoeiro de Itapemirim','ES','','2012-01-23',null,null,15272);
INSERT INTO hmprojetos.servico values (15017,'PAQ','PAQ 2015.017','Regularização Residencial','','','Corintha Gomes da Silva','Coramara','','','','2015-05-09','2015-06-13',null,15273);
INSERT INTO hmprojetos.servico values (110007,'PRS','PRS 2010.007','Retificação de Área','','','Avenida José Felix Cheim','São Francisco de Assis','','','','2010-07-29','2018-08-09',null,15274);
INSERT INTO hmprojetos.servico values (16011,'PAQ','PAQ 2016.011','Construção Muro','300','','Rua Paulo Afonso, 83','IBC','Cachoeiro de Itapemirim','ES','','2016-03-03','2016-05-12',null,15275);
INSERT INTO hmprojetos.servico values (213212,'ASS','ASS 2013.212','Licença para Construção','','','Rua Paulo Afonso, nº 83','IBC','Cachoeiro de Itapemirim','ES','','2013-12-19','2014-08-06',null,15275);
INSERT INTO hmprojetos.servico values (13077,'PAQ','PAQ 2013.077','Construção Residencial','','','Rua Paulo Afonso, nº 83','IBC','Cachoeiro de Itapemirim','ES','','2013-10-14','2014-08-06',null,15275);
INSERT INTO hmprojetos.servico values (212071,'ASS','ASS 2012.071','Regularização Passagem Pública','','','Rua José Antonio Santana, nº103','Zumbi','Cachoeiro de Itapemirim','ES','','2012-04-28','2018-01-11',null,15276);
INSERT INTO hmprojetos.servico values (212096,'ASS','ASS 2012.096','Confecção de Escrituras','','','Rua Projetada E','Agostinho Simonato','','','',null,null,null,15277);
INSERT INTO hmprojetos.servico values (215048,'ASS','ASS 2015.048','Transferência de Titularidade de IPTU','','','Rua Walace de Castro Barbosa, nº 239','Village da Luz','Cachoeiro de Itapemirim','ES','','2015-04-30','2015-06-19',null,15278);
INSERT INTO hmprojetos.servico values (215050,'ASS','ASS 2015.050','Construção Residencial','','','Rua Walace de Castro Barbosa, nº 239','Village da Luz','Cachoeiro de Itapemirim','ES','','2015-04-29','2015-12-28',null,15278);
INSERT INTO hmprojetos.servico values (15010,'PAQ','PAQ 2015.010','Construção Residencial','','','Rua Walace de Castro Barbosa, 239/243','Village da Luz','Cachoeiro de Itapemirim','ES','','2015-03-06','2015-12-28',null,15278);
INSERT INTO hmprojetos.servico values (214123,'ASS','ASS 2014.123','Acompanhamento de Processo','200','2x','Rua José Bartista, n° 96 a 98','Recanto','Cachoeiro de Itapemirim','ES','','2014-10-02','2018-06-08',null,15279);
INSERT INTO hmprojetos.codigo_prefeitura values (577,'33368','2013',214123);
INSERT INTO hmprojetos.servico values (112013,'PRS','PRS 2012.013','Usucapião','','','Rua Clésio Gonçalves de Souza','Coramara','','','',null,null,null,15280);
INSERT INTO hmprojetos.servico values (209051,'ASS','ASS 2009.051','Regularização Piscina','8000','4x','Rua João Batista Calegario, 64','Aeroporto','','','','2012-07-18',null,null,15281);
INSERT INTO hmprojetos.servico values (12012,'PAQ','PAQ 2012.012','Regularização Piscina','','','Rua João Batista Calegário, 64','Aeroporto','','','',null,null,null,15281);
INSERT INTO hmprojetos.servico values (12112,'PAQ','PAQ 2012.112','Construção Residencial','','','','Jardim Itapemirim','Cachoeiro de Itapemirim','ES','','2012-10-25','2018-03-08',null,15282);
INSERT INTO hmprojetos.servico values (12059,'PAQ','PAQ 2012.059','Construção Residencial','','','','Rui Pinto Bandeira','Cachoeiro de Itapemirim','ES','','2012-06-27','2018-03-19',null,15283);
INSERT INTO hmprojetos.servico values (213214,'ASS','ASS 2013.214','ART Escelsa','','','','Pacotuba','','','',null,null,null,15286);
INSERT INTO hmprojetos.servico values (213039,'ASS','ASS 2013.039','Regularização de Obra','','','Rua Juvenal Rodrigues dos Santos, 41','Agostinho Simonato','','','',null,null,null,15287);
INSERT INTO hmprojetos.servico values (13012,'PAQ','PAQ 2013.012','Regularização de Obra','','','Rua Juvenal Rodrigues dos Santos, 41','Agostinho Simonato','','','',null,null,null,15287);
INSERT INTO hmprojetos.servico values (211143,'ASS','ASS 2011.143','Regularização Comercial','','','Avenida Aristides Campos, 188','Campo Leopoldina','Cachoeiro de Itapemirim','ES','','2011-09-06','2013-01-10',null,15289);
INSERT INTO hmprojetos.servico values (213003,'ASS','ASS 2013.003','Habite-se','','','Avenida Aristides Campos, 490','Campo da Leopoldina','Cachoeiro de Itapemirim','ES','29305360','2013-01-10','2013-07-29',null,15289);
INSERT INTO hmprojetos.servico values (213093,'ASS','ASS 2013.093','Renovação de Alvará','','','Avenida Aristides Campos, 490','Campo da Leopoldina','Cachoeiro de Itapemirim','ES','29305360','2013-06-06','2013-07-29',null,15289);
INSERT INTO hmprojetos.servico values (212072,'ASS','ASS 2012.072','Habite-se / Transferencia Titlaridadede IPTU','','','Rua Afonso Rigo, nº 11','Paraíso','Cachoeiro de Itapemirim','ES','','2012-05-24','2013-07-15',null,15290);
INSERT INTO hmprojetos.servico values (15018,'PAQ','PAQ 2015.018','Construção Residencial','300','','Rua Sidi Luiz Borges','Paraiso','Cachoeiro de Itapemirim','ES','','2015-05-09','2015-07-15',null,15290);
INSERT INTO hmprojetos.servico values (115008,'PRS','PRS 2015.008','Unificação de Àrea','','','','Paraíso','Cachoeiro de Itapemirim','ES','','2015-03-16','2015-03-20',null,15290);
INSERT INTO hmprojetos.servico values (210041,'ASS','ASS 2010.041','Investigação de Vizinhos','','','Rua José Pereira Barros','Arariguaba','','','',null,null,null,15291);
INSERT INTO hmprojetos.servico values (112048,'PRS','PRS 2012.048','Usucapião','','','Rua José Pereira Barros','Arariguaba','','','',null,null,null,15291);
INSERT INTO hmprojetos.servico values (212190,'ASS','ASS 2012.190','Desmembramento de Área','','','Rua Lafayete Bernardes, 12','Guandú','Cachoeiro de Itapemirim','ES','','2012-09-17','2019-03-18',null,15292);
INSERT INTO hmprojetos.servico values (112054,'PRS','PRS 2012.054','Desmembramento de Área','','','Rua Lafayete Bernardes, 12','Guandú','','','',null,null,null,15292);
INSERT INTO hmprojetos.servico values (215016,'ASS','ASS 2015.016','Vistoria Técnica','','','Rua Deodoro da Fonseca, n°52, apto103','Independência','','','',null,null,null,15293);
INSERT INTO hmprojetos.servico values (13005,'PAQ','PAQ 2013.005','Reforma Cozinha','','','Rua projetada, s/ nº','BNH','Cachoeiro de Itapemirim','ES','','2013-02-07','2013-04-22',null,15294);
INSERT INTO hmprojetos.servico values (15030,'PAQ','PAQ 2015.030','Levantamento para Construção da Capela ','200','','Bairro BNH','BNH','Cachoeiro de Itapemirim','ES','','2015-07-21','2017-04-05',null,15294);
INSERT INTO hmprojetos.servico values (115011,'PRS','PRS 2015.011','Usucapião','','','Av. Dr João de Deus Madureira Filho','Ilha da Luz','Cachoeiro de Itapemirim','ES','','2015-03-27','2019-03-08',null,15295);
INSERT INTO hmprojetos.servico values (09072,'PAQ','PAQ 2009.072','Regularização Residencial','800','','Rua Adão Matielo','Distrito de Gironda','Cachoeiro de Itapemirim','ES','','2011-10-05',null,null,15296);
INSERT INTO hmprojetos.servico values (110021,'PRS','PRS 2010.021','Retificação de Área','','','Avenida Monte Castelo, 167','Independência','Cachoeiro de Itapemirim','ES','','2010-03-25','2018-03-19',null,15297);
INSERT INTO hmprojetos.servico values (214058,'ASS','ASS 2014.058','Cópia de projeto','1200','3x','Rua Raul Luiz de Souza, nº 16 a 18','Monte Cristo','Cachoeiro de Itapemirim','ES','29312095','2014-04-24','2014-06-09',null,15298);
INSERT INTO hmprojetos.servico values (212134,'ASS','ASS 2012.134','Licença para Construção','','','Terreno C, nº2 - Linha Vermelha','Alto Independência','','','',null,null,null,15299);
INSERT INTO hmprojetos.servico values (214074,'ASS','ASS 2014.074','Renovação de Alvará','','','','Jardim Itapemirim','','','',null,null,null,15300);
INSERT INTO hmprojetos.servico values (13043,'PAQ','PAQ 2013.043','Reforma Residencial','','','Rua Miguel Dias Jaques, nº 36','Teixeira Leite','Cachoeiro de Itapemirim','ES','','2013-05-22','2015-04-16',null,15301);
INSERT INTO hmprojetos.servico values (14067,'PAQ','PAQ 2014.067','Reforma Comercial','','','','Morro Faria','','','',null,null,null,15302);
INSERT INTO hmprojetos.servico values (215028,'ASS','ASS 2015.028','Retificação de Àrea','','','Rodovia ES 189','Amapá','Atilio Vivácqua','ES','','2015-03-16','2018-03-19',null,15303);
INSERT INTO hmprojetos.servico values (114030,'PRS','PRS 2014.030','Retificação de Área','','','Rua da Cofril','Amapá','Atílio Vivacqua','ES','','2014-10-28','2015-01-14',null,15303);
INSERT INTO hmprojetos.servico values (215022,'ASS','ASS 2015.022','Apoio de Processo','','','','Campo Leopoldina','','','',null,null,null,15305);
INSERT INTO hmprojetos.servico values (107037,'PRS','PRS 2007.037','Retificação de Área','','','Rua Ernandes Duarte Fonseca, 14','Agostinho Simonato','Cachoeiro de Itapemirim','ES','','2009-11-27','2017-08-01',null,15306);
INSERT INTO hmprojetos.servico values (211012,'ASS','ASS 2011.012','Regularização Piscina','1305','3x','','Distrito de Itaoca','Cachoeiro de Itapemirim','ES','','2011-04-09','2019-04-11',null,15307);
INSERT INTO hmprojetos.servico values (12099,'PAQ','PAQ 2012.099','Construção Residencial','','','Rua Antônio Júlio Lisboa, s/nº','Vila Rica','Cachoeiro de Itapemirim','ES','','2012-09-26','2018-03-01',null,15308);
INSERT INTO hmprojetos.servico values (213105,'ASS','ASS 2013.105','Habite-se','','','Rua Prof. Ana Graça Brunelo de Freitas, nº 04','IBC','Cachoeiro de Itapemirim','ES','','2013-06-19','2015-10-29',null,15309);
INSERT INTO hmprojetos.servico values (16018,'PAQ','PAQ 2016.018','Construção residencial','1500','3x','Rua Espinha de Peixe, s/nº','Santa Rita 2','Marataízes','ES','','2016-04-17','2016-11-07',null,15310);
INSERT INTO hmprojetos.servico values (113037,'PRS','PRS 2013.037','Usucapião','','','Rua Espinha de Peixe, s/nº','Ilmenita','Marataízes','ES','','2013-07-15','2014-02-18',null,15310);
INSERT INTO hmprojetos.servico values (115030,'PRS','PRS 2015.030','Planta Sobreposição de Bairros','','','Rua Espinha de peixe, s/nº ','Bairro Ilmenita','Marataízes','ES','','2015-09-30','2018-03-01',null,15310);
INSERT INTO hmprojetos.servico values (212192,'ASS','ASS 2012.192','Regularização Residencial','','','Gelson Dias dos Santos, s/nº','Rui Pinto Bandeira','','','29315803','2012-11-26','2013-09-04',null,15311);
INSERT INTO hmprojetos.servico values (209061,'ASS','ASS 2009.061','Renovação de Alvará / Troca de Titularidade','','','Rua Apóstolo Tiago Menor, 8','Rui Pinto Bandeira','Cachoeiro de Itapemirim','ES','','2012-08-08','2012-10-16',null,15311);
INSERT INTO hmprojetos.servico values (214113,'ASS','ASS 2014.113','Cadastramento de IPTU','','','Rua Gelson Dias dos Santos,164','Rui Pinto Bandeira','Cachoeiro de Itapemirim','ES','','2014-09-05','2015-03-20',null,15311);
INSERT INTO hmprojetos.servico values (114026,'PRS','PRS 2014.026','Usucapião','500','','Rua Gelson Dias dos Santos,164','Rui Pinto Bandeira','Cachoeiro de Itapemirim','ES','','2014-10-02','2015-01-21',null,15311);
INSERT INTO hmprojetos.servico values (212230,'ASS','ASS 2012.230','Retificação de Área','','','Rua Validório Giro, 10','São Geraldo','','','',null,null,null,15312);
INSERT INTO hmprojetos.servico values (212231,'ASS','ASS 2012.231','Retificação de Área - Cartório','','','Rua Validório Giro, 10','São Geraldo','','','',null,null,null,15312);
INSERT INTO hmprojetos.servico values (213115,'ASS','ASS 2013.115','Regularização CREA','','','Rua Validorio Giro, nº 10','São Geraldo','','','',null,null,null,15312);
INSERT INTO hmprojetos.servico values (213153,'ASS','ASS 2013.153','Muro Divisa - Prefeitura','','','Rua Herculano Santana, 45','São Geraldo','','','',null,null,null,15312);
INSERT INTO hmprojetos.servico values (13038,'PAQ','PAQ 2013.038','Muro de Divisa','','','Rua Herculano Santana, 45','São Geraldo','','','',null,null,null,15312);
INSERT INTO hmprojetos.servico values (112041,'PRS','PRS 2012.041','Retificação de Área','','','Rua Validório Giro, 10','São Geraldo','','','',null,null,null,15312);
INSERT INTO hmprojetos.servico values (211155,'ASS','ASS 2011.155','Regularização Comercial','','','Rod. Cachoeiro x Alegre - ES 482, s/nº','Central Parque','','','',null,null,null,15313);
INSERT INTO hmprojetos.servico values (10105,'PAQ','PAQ 2010.105','Regularização Comercial','','','','Central Parque','','','',null,null,null,15313);
INSERT INTO hmprojetos.servico values (06085,'PAQ','PAQ 2006.085','Regularização 2º pav.','','','Rua Principal, s/nº - Lote 14, Quadra H','São Joaquim','Cachoeiro de Itapemirim','ES','','2009-09-24','2019-03-08',null,15314);
INSERT INTO hmprojetos.servico values (213151,'ASS','ASS 2013.151','Regularização Industrial','','','José Alves De Souza,s/n°','Atilio Vivacqua','','','',null,null,null,15317);
INSERT INTO hmprojetos.servico values (213194,'ASS','ASS 2013.194','Regularização INSS','','','','','','','',null,null,null,15317);
INSERT INTO hmprojetos.servico values (214056,'ASS','ASS 2014.056','Averbação de Imóvel','','','José Alves De Souza, s/n°','Atilio Vivacqua','','','',null,null,null,15317);
INSERT INTO hmprojetos.servico values (13065,'PAQ','PAQ 2013.065','Regularização Industrial','','','José Alves De Souza,s/n°','Atilio Vivacqua','','','',null,null,null,15317);
INSERT INTO hmprojetos.servico values (114022,'PRS','PRS 2014.022','Usucapião','','','Rua Eduardo Gomes,53','Ibitiquara','','','',null,null,null,15318);
INSERT INTO hmprojetos.servico values (212123,'ASS','ASS 2012.123','Desmembramento','','','Rua Eurico Monteiro de Castro','Valão','','','',null,null,null,15320);
INSERT INTO hmprojetos.servico values (112034,'PRS','PRS 2012.034','Usucapião','','','Rua Porfirio Biazatti, nº 17','Valão','','','',null,null,null,15320);
INSERT INTO hmprojetos.servico values (111042,'PRS','PRS 2011.042','Usucapião','','','São João da Lancha','Itapemirim','','','','2011-09-29','2011-12-20',null,15321);
INSERT INTO hmprojetos.servico values (211025,'ASS','ASS 2011.025','Acompanhamento de Processo','','','Praça João Santana, nº36','Sumaré','Cachoeiro de Itapemirim','ES','','2011-06-06','2018-03-01',null,15323);
INSERT INTO hmprojetos.servico values (215039,'ASS','ASS 2015.039','Confecção de Recibo','','','Vargem Alta','','','','',null,null,null,15324);
INSERT INTO hmprojetos.servico values (214007,'ASS','ASS 2014.007','Reforma Residencial','','','Avenida Francisco Lacerda de Aguiar, nº 26','Gilberto Machado','Cachoeiro de Itapemirim','ES','','2014-02-04','2014-10-17',null,15325);
INSERT INTO hmprojetos.servico values (14002,'PAQ','PAQ 2014.002','Reforma Residencial','','','Avenida Francisco Lacerda de Aguiar, nº 26','Gilberto Machado','','','',null,null,null,15325);
INSERT INTO hmprojetos.servico values (114005,'PRS','PRS 2014.005','Usucapião','125','1x','Rua Angelo Boss','Amaral','Cachoeiro de Itapemirim','ES','','2014-03-17','2014-09-30',null,15326);
INSERT INTO hmprojetos.servico values (211011,'ASS','ASS 2011.011','Acompanhamento de Processo','','','Rua Jão Penha, 24','Gilberto Machado','Cachoeiro de Itapemirim','ES','','2010-08-11','2018-03-10',null,15328);
INSERT INTO hmprojetos.servico values (211027,'ASS','ASS 2011.027','Revisão IPTU para Comercial','','','Rua João Pena,42','Gilberto Machado','Cachoeiro de Itapemirim','ES','','2012-05-02','2012-10-11',null,15328);
INSERT INTO hmprojetos.servico values (211150,'ASS','ASS 2011.150','Acompanhamento de Retificação','','','Rua Jão Penha, 24','Gilberto Machado','Cachoeiro de Itapemirim','ES','','2010-08-10','2012-10-15',null,15328);
INSERT INTO hmprojetos.servico values (212168,'ASS','ASS 2012.168','ART Escelsa','','','Rua Santo Antônio','Vargem Alta','','','',null,null,null,15329);
INSERT INTO hmprojetos.servico values (112059,'PRS','PRS 2012.059','Retificação de Área','','','Zona Rural','Distrito de São José das Torres','Mimoso do Sul','ES','','2012-10-04','2018-01-12',null,15330);
INSERT INTO hmprojetos.servico values (114029,'PRS','PRS 2014.029','Usucapião','','','Rua Helena Debora, n° 28','Aeroporto','Cachoeiro de Itapemirim','ES','','2014-10-27','2015-01-16',null,15331);
INSERT INTO hmprojetos.servico values (214068,'ASS','ASS 2014.068','Acompanhamento de Processo','','','Rua Brigida Cola Pim, nº 36 a 46','Caiçara','','','',null,null,null,15332);
INSERT INTO hmprojetos.servico values (214120,'ASS','ASS 2014.120','Desmembramento (Cartório)','','','','Caiçara','','','',null,null,null,15332);
INSERT INTO hmprojetos.servico values (114014,'PRS','PRS 2014.014','Desmembramento de Área','','','Rua Brigida Cola Pim, nº 36 a 46','Caiçara','','','',null,null,null,15332);
INSERT INTO hmprojetos.servico values (212113,'ASS','ASS 2012.113','Regularização Residencial','','','Rua Antônio Cardoso Coelho, 30','Jardim Itapemirim','Cachoeiro de Itapemirim','ES','','2012-04-25','2012-12-17',null,15335);
INSERT INTO hmprojetos.servico values (213037,'ASS','ASS 2013.037','Habite-se','','','Rua Antônio Cardoso Coelho, 30','Alto Monte Cristo','','','','2013-02-19','2013-10-08',null,15335);
INSERT INTO hmprojetos.servico values (212203,'ASS','ASS 2012.203','Habite-se','','','Rua Enerio Gomes, 8','Monte Belo','','','',null,null,null,15336);
INSERT INTO hmprojetos.servico values (212058,'ASS','ASS 2012.058','Licença Escavação','','','Rodvia Mauro Miranda Madureira','Teixeira Leite','Cachoeiro de Itapemirim','ES','','-ci-in',null,null,15338);
INSERT INTO hmprojetos.servico values (12031,'PAQ','PAQ 2012.031','Croqui para Licença de Escavação','','','Rodvia Mauro Miranda Madureira','Teixeira Leite','Cachoeiro de Itapemirim','ES','','2008-11-24',null,null,15338);
INSERT INTO hmprojetos.servico values (13011,'PAQ','PAQ 2013.011','Construção Residencial','','','Rua Vera Cruz Margarida Lucas,11','Basiléia','','','',null,null,null,15339);
INSERT INTO hmprojetos.servico values (212026,'ASS','ASS 2012.026','Aulas Autocad','','','','Atílio Vivacqua','','','','2012-02-07','2013-02-15',null,15341);
INSERT INTO hmprojetos.servico values (212130,'ASS','ASS 2012.130','Construção Residencial','','','Rua Raimundo Estevão Pereira, 17','Abelardo Ferreira Machado','','','',null,null,null,15342);
INSERT INTO hmprojetos.servico values (12004,'PAQ','PAQ 2012.004','Construção Residencial','','','Rua Nilton Fardim Perim','Vila Rica','','','',null,null,null,15342);
INSERT INTO hmprojetos.servico values (12046,'PAQ','PAQ 2012.046','Estudo Residencial','','','Rua Raimundo Estevão Pereira s/n°','Abelardo Ferreira Machado','','','',null,null,null,15342);
INSERT INTO hmprojetos.servico values (13008,'PAQ','PAQ 2013.008','Construção Residencial','','','','Paraiso','Cachoeiro de Itapemirim','ES','','2013-02-16','2018-03-10',null,15343);
INSERT INTO hmprojetos.servico values (212179,'ASS','ASS 2012.179','Regularização Industrial','','','Rua Deoclésio Cossi, s/nº','Itaoca','Cachoeiro de Itapemirim','ES','','2012-09-11',null,null,15344);
INSERT INTO hmprojetos.codigo_prefeitura values (578,'41475','2012',212179);
INSERT INTO hmprojetos.servico values (214081,'ASS','ASS 2014.081','Indicação de Projeto','','','','Itaoca','Cachoeiro de Itapemirim','ES','','2014-06-13','2014-12-12',null,15344);
INSERT INTO hmprojetos.servico values (12056,'PAQ','PAQ 2012.056','Regularização Industrial','','','','Itaoca','Cachoeiro de Itapemirim','ES','','2012-07-10','2015-12-11',null,15344);
INSERT INTO hmprojetos.servico values (214006,'ASS','ASS 2014.006','Indicação de Serviços','','','Rua Benedicto Abreu, nº 45','Jardim Itapemirim','Cachoeiro de Itapemirim','ES','','2014-01-15','2014-05-12',null,15345);
INSERT INTO hmprojetos.servico values (214044,'ASS','ASS 2014.044','ART para Escelsa','','','Rua Benedicto Abreu, nº 45','Jardim Itapemirim','Cachoeiro de Itapemirim','ES','','2014-03-24','2014-03-27',null,15345);
INSERT INTO hmprojetos.servico values (214125,'ASS','ASS 2014.125','Cadastro de IPTU','','','Rua Wallace de Melo Pereira Barreto, nº 51','Jardim Itapemirim','Cachoeiro de Itapemirim','ES','','2014-10-08','2015-03-18',null,15345);
INSERT INTO hmprojetos.servico values (14001,'PAQ','PAQ 2014.001','Regularização Residencial','','','Rua Benedicto Abreu, nº 45','Jardim Itapemirim','Cachoeiro de Itapemirim','ES','','2014-01-15',null,null,15345);
INSERT INTO hmprojetos.servico values (08075,'PAQ','PAQ 2008.075','Construção Residencial','','','','Recanto','','','','2009-05-01','2018-02-27',null,15346);
INSERT INTO hmprojetos.servico values (214009,'ASS','ASS 2014.009','Regularização Residencial','','','Rua Alcebiades José Sobreira, nº 60','Waldir Furtado de Amorim','','','','2014-01-16','2015-07-29',null,15347);
INSERT INTO hmprojetos.servico values (214010,'ASS','ASS 2014.010','Habite-se / Certidão Detalhada','','','Rua Alcebiades José Sobreira, nº 60','Waldir Furtado de Amorim','Cachoeiro de Itapemirim','ES','','2015-02-09','2015-07-02',null,15347);
INSERT INTO hmprojetos.servico values (214011,'ASS','ASS 2014.011','Atualização CND - Receita Federal','','','Rua Alcebiades José Sobreira, nº 60','Waldir Furtado de Amorim','Cachoeiro de Itapemirim','ES','','2015-07-29','2015-07-29',null,15347);
INSERT INTO hmprojetos.servico values (214148,'ASS','ASS 2014.148','Busca de Projeto','','','Rua Manoel Moreira Prates, nº 21','Sumaré','Cachoeiro de Itapemirim','ES','','2014-12-17','2015-01-19',null,15348);
INSERT INTO hmprojetos.servico values (14031,'PAQ','PAQ 2014.031','Cobertura Residencial','','','Rua Manoel Moreira Prates, nº 21','Sumaré','Cachoeiro de Itapemirim','ES','','2014-01-06','2016-01-19',null,15348);
INSERT INTO hmprojetos.servico values (09083,'PAQ','PAQ 2009.083','Estudo Residencial','','','','Aeroporto','','','',null,null,null,15349);
INSERT INTO hmprojetos.servico values (214040,'ASS','ASS 2014.040','Acompanhamento Serviços','','','','Itabira ','','','',null,null,null,15350);
INSERT INTO hmprojetos.servico values (111066,'PRS','PRS 2011.066','Retificação de Área','','','Avenida Cristiano Dias Lopes, 35','Gilberto Machado ','Cachoeiro de Itapemirim','ES','','2011-12-15','2018-03-10',null,15351);
INSERT INTO hmprojetos.servico values (10029,'PAQ','PAQ 2010.029','Projeto SSO','','','','Atílio Vivacqua','','','','2010-04-05','2010-12-20',null,15352);
INSERT INTO hmprojetos.servico values (10030,'PAQ','PAQ 2010.030','Regularização Galpão Industrial','','','Rodovia Cachoeiro x Atilio ES 289 Km 10','Alto São José','Atílio Vivacqua','ES','','2012-05-30',null,null,15352);
INSERT INTO hmprojetos.servico values (12111,'PAQ','PAQ 2012.111','Regularização Galpão da Serraria','7000','','Rodovia Cachoeiro x Atilio ES 289 Km 10','Alto São José','Atílio Vivacqua','ES','','2012-11-17','2017-07-22',null,15352);
INSERT INTO hmprojetos.servico values (110023,'PRS','PRS 2010.023','Usucapião','','','Rodovia Cachoeiro x Atílio','Moitânzinho','Cachoeiro de Itapemirim','ES','','2010-04-01','2018-03-10',null,15353);
INSERT INTO hmprojetos.servico values (14065,'PAQ','PAQ 2014.065','Croqui Arquitetônico','1280','','Rodovia Gumercindo Moura Menezes, s/n','Jaqueira','Cachoeiro de Itapemirim','ES','','2014-10-23','2014-11-21',null,15354);
INSERT INTO hmprojetos.servico values (213070,'ASS','ASS 2013.070','Regularização Imóvel Religioso - Prefeitura','','','Rua Benedicto Abreu, 27','Jardim Itapemirim','','','',null,null,null,15355);
INSERT INTO hmprojetos.servico values (12049,'PAQ','PAQ 2012.049','Regularização Imóvel Religioso','','','Rua Benedicto Abreu, 27','Jardim Itapemirim','','','',null,null,null,15355);
INSERT INTO hmprojetos.servico values (212233,'ASS','ASS 2012.233','Regularização INSS','','','Rua Amâncio Silva, nº 40','Arariguaba','Cachoeiro de Itapemirim','ES','','2012-11-17',null,null,15358);
INSERT INTO hmprojetos.servico values (213100,'ASS','ASS 2013.100','Regularização Residencial','','','Rua: Horácio Félix n° 6','Coramara','Cachoeiro de Itapemirim','ES','','2013-06-12','2015-01-21',null,15359);
INSERT INTO hmprojetos.servico values (213189,'ASS','ASS 2013.189','Licença para Construção','','','Rua: Horácio Félix, n° 38 a 40','Coramara','Cachoeiro de Itapemirim','ES','','2013-11-10','2015-12-22',null,15359);
INSERT INTO hmprojetos.servico values (13030,'PAQ','PAQ 2013.030','Construção Residencial','','','Rua: Horácio Félix, n° 38 a 40','Coramara','Cachoeiro de Itapemirim','ES','','2013-05-03','2015-06-12',null,15359);
INSERT INTO hmprojetos.servico values (13031,'PAQ','PAQ 2013.031','Regularização Residencial','','','Rua: Horácio Félix n° 6','Coramara','Cachoeiro de Itapemirim','ES','','2013-04-17','2013-06-13',null,15359);
INSERT INTO hmprojetos.servico values (212011,'ASS','ASS 2012.011','Aulas Autocad','','','','','','','',null,null,null,15360);
INSERT INTO hmprojetos.servico values (212003,'ASS','ASS 2012.003','Busca Processo','','','','Vila Rica','Cachoeiro de Itapemirim','ES','','2012-01-06','2018-03-10',null,15361);
INSERT INTO hmprojetos.servico values (212002,'ASS','ASS 2012.002','Regularização Comercial','','','Av. Pinheiro Júnior ','Ibitiquara','Cachoeiro de Itapemirim','ES','','2012-01-06','2018-03-10',null,15362);
INSERT INTO hmprojetos.servico values (211112,'ASS','ASS 2011.112','Certidão de Ônus','','','','Marataízes','','','',null,null,null,15363);
INSERT INTO hmprojetos.servico values (10070,'PAQ','PAQ 2010.070','Regularização Residencial','','','','Caiçara','','','',null,null,null,15364);
INSERT INTO hmprojetos.servico values (112070,'PRS','PRS 2012.070','Usucapião','1000','2x','Vanderley Maurício','Vila Rica','','','',null,null,null,15365);
INSERT INTO hmprojetos.servico values (212137,'ASS','ASS 2012.137','Desmembramento','','','Rua Alfredo Levy Ramos','Novo Parque','Cachoeiro de Itapemirim','ES','','2012-08-22','2013-01-16',null,15366);
INSERT INTO hmprojetos.servico values (213022,'ASS','ASS 2013.022','Desmembramento','','','Rua Alfredo Levy Ramos','Novo Parque','Cachoeiro de Itapemirim','ES','','2013-01-16','2019-07-31',null,15366);
INSERT INTO hmprojetos.servico values (08049,'PAQ','PAQ 2008.049',' Regularização de Obra ','','','Rua Prof. Gilceu Machado, 13','Amaral','Cachoeiro de Itapemirim','ES','','2009-05-26','2018-02-27',null,15367);
INSERT INTO hmprojetos.servico values (213094,'ASS','ASS 2013.094','Regularização Comercial - Prefeitura','','','Praça Gilberto Machado, nº 07','Dr. Gilberto Machado','Cachoeiro de Itapemirim','ES','','2013-06-04','2019-07-24',null,15368);
INSERT INTO hmprojetos.servico values (212098,'ASS','ASS 2012.098','Regularização Comercial','','','Praça Gilberto Machado, nº 07','Gilberto Machado','Cachoeiro de Itapemirim','ES','','2012-06-26','2015-12-31',null,15368);
INSERT INTO hmprojetos.servico values (16042,'PAQ','PAQ 2016.042','Construção 4º Pavimento','','','Rodovia Governador Lacerda de Aguiar - ES 488','Coronel Borges','Cachoeiro de Itapemirim','ES','29306868','2016-09-02','2019-07-24',null,15369);
INSERT INTO hmprojetos.servico values (213113,'ASS','ASS 2013.113','Habite-se / Certidão Detalhada','','','Rua Samuel Levy,nº 321 a 323','Aquidaban','Cachoeiro de Itapemirim','ES','','2013-07-02','2013-09-26',null,15370);
INSERT INTO hmprojetos.servico values (213117,'ASS','ASS 2013.117','Certidão Detalhada','','','Rua Manoel Paiva Sardenberg, s/nº','Coronel Borges','Cachoeiro de Itapemirim','ES','','2013-07-05','2013-10-08',null,15370);
INSERT INTO hmprojetos.servico values (213172,'ASS','ASS 2013.172','Regularização INSS','','','Rua Manoel Paiva Sardenberg, s/nº','Coronel Borges','Cachoeiro de Itapemirim','ES','','2013-10-08','2014-02-27',null,15370);
INSERT INTO hmprojetos.servico values (214004,'ASS','ASS 2014.004','Certidão de Demolição','','','Rua Samuel Levy,nº 321 a 323','Aquidaban','Cachoeiro de Itapemirim','ES','','2014-01-14','2019-07-13',null,15370);
INSERT INTO hmprojetos.servico values (214030,'ASS','ASS 2014.030','Averbação de Imovel','','','Rua Manoel Paiva Sardenberg, s/nº','Coronel Borges','Cachoeiro de Itapemirim','ES','','2014-03-05','2019-07-13',null,15370);
INSERT INTO hmprojetos.servico values (11057,'PAQ','PAQ 2011.057','Ampliação','','','Rua Nelson Brelli, nº27','Otto Marins','','','','2011-06-21','2018-03-06',null,15371);
INSERT INTO hmprojetos.servico values (111031,'PRS','PRS 2011.031','Retificação de Área','','','Rua Nelson Brelli, nº27','Otto Marins','','','','2011-09-08','2018-03-06',null,15371);
INSERT INTO hmprojetos.servico values (14061,'PAQ','PAQ 2014.061','Regularização da Reforma e Ampliação','','','Rua Carly Levy Ramos, s/n','Novo Parque','','','','2014-10-10','2015-03-12',null,15372);
INSERT INTO hmprojetos.servico values (10092,'PAQ','PAQ 2010.092','Regularização Religiosa','','','','Itaoca','','','',null,null,null,15373);
INSERT INTO hmprojetos.servico values (107048,'PRS','PRS 2007.048','Desmembramento','','','Rua Cabo Taveira, 5','Santa Cecília','Cachoeiro de Itapemirim','ES','','2008-12-05','2018-03-20',null,15374);
INSERT INTO hmprojetos.servico values (113049,'PRS','PRS 2013.049','Desmembramento','','','Rua Pedro Amorim Prates,n°17','Boa Vista','','','',null,null,null,15375);
INSERT INTO hmprojetos.servico values (213169,'ASS','ASS 2013.169','Recibo de Compra e Venda','140','','Rua Projetada','Morro Grande','Cachoeiro de Itapemirim','ES','','2013-10-08','2016-11-01',null,15376);
INSERT INTO hmprojetos.servico values (215057,'ASS','ASS 2015.057','Regularização INSS','','','Rodovia Gumercino Moura Nunes, s/nº','Village da Luz','Cachoeiro de Itapemirim','ES','','2015-06-11',null,null,15377);
INSERT INTO hmprojetos.servico values (216048,'ASS','ASS 2016.048','Averbação','1300','','Rua Moreira, 23 a 39','Independência','Cachoeiro de Itapemirim','ES','','2016-05-05','2019-10-30',null,15378);
INSERT INTO hmprojetos.servico values (214152,'ASS','ASS 2014.152','Regularização INSS','930','','Rua Moreira, 23 a 39','Independência','Cachoeiro de Itapemirim','ES','','2014-12-19','2016-05-11',null,15378);
INSERT INTO hmprojetos.servico values (216096,'ASS','ASS 2016.096','Unificação áreas Atílio','300','','Rodovia BR 101','Zona Rural','Atilio Vivacqua','ES','','2016-12-23',null,null,15380);
INSERT INTO hmprojetos.servico values (215031,'ASS','ASS 2015.031','Acomp. Cadastro Ambiental Rural','3000','6x','Rodovia BR 101','Zona Rural','Atilio Vivacqua','ES','','2015-03-12','2016-10-25',null,15380);
INSERT INTO hmprojetos.servico values (113056,'PRS','PRS 2013.056','Reserva Florestal - Herdeiros','','','Rodovia BR 101','Zona Rural','Atilio Vivacqua','ES','','2013-11-01','2015-03-19',null,15380);
INSERT INTO hmprojetos.servico values (213001,'ASS','ASS 2013.001','Regularização Residencial','','','Rua André Caetano, 12','Alto Novo Parque','Cachoeiro de Itapemirim','ES','','2013-01-03','2018-03-06',null,15381);
INSERT INTO hmprojetos.servico values (212049,'ASS','ASS 2012.049','Regularização Comercial','','','Rodov. Cachoeiro x Alegre','Morro Grande','Cachoeiro de Itapemirim','ES','','-ci-in',null,null,15382);
INSERT INTO hmprojetos.servico values (212106,'ASS','ASS 2012.106','Construção Galpão','','','Rodov. Cachoeiro x Alegre','Morro Grande','Cachoeiro de Itapemirim','ES','','-ci-in',null,null,15382);
INSERT INTO hmprojetos.servico values (12024,'PAQ','PAQ 2012.024','Construção Galpão','','','Rodov. Cachoeiro x Alegre','Morro Grande','Cachoeiro de Itapemirim','ES','','-ci-in',null,null,15382);
INSERT INTO hmprojetos.servico values (14066,'PAQ','PAQ 2014.066','Galpão Industrial','','','Rodovia do Frade','Timbó','Cachoeiro de Itapemirim','ES','','2014-10-30','2016-03-31',null,15382);
INSERT INTO hmprojetos.servico values (09073,'PAQ','PAQ 2009.073','Reforma Residencial','','','','Gilberto Machado','Cachoeiro de Itapemirim','ES','','2011-12-02','2018-03-20',null,15383);
INSERT INTO hmprojetos.servico values (08070,'PAQ','PAQ 2008.070','Projeto Residêncial','','','','Guaçuí','','','',null,null,null,15384);
INSERT INTO hmprojetos.servico values (112026,'PRS','PRS 2012.026','Croqui de Divisão Amigavel','','','Avenida Jones dos Santos Neves, s/nº','São Francisco de Assis','','','',null,null,null,15385);
INSERT INTO hmprojetos.servico values (213146,'ASS','ASS 2013.146','Regularização CREA','','','Rua Manoel Gomes Soares, nº 03','Zumbi','','','',null,null,null,15386);
INSERT INTO hmprojetos.servico values (214131,'ASS','ASS 2014.131','Regularização Comercial','','','Rod. BR 482','BNH de Baixo','Cachoeiro de Itapemirim','ES','','2014-10-28','2016-02-15',null,15387);
INSERT INTO hmprojetos.servico values (211148,'ASS','ASS 2011.148','Remodelação Fachada','','','Rua Francisco Lacerda de Aguiar, 50/52','Gilberto Machado','Cachoeiro de Itapemirim','ES','','2011-01-26','2014-11-26',null,15387);
INSERT INTO hmprojetos.servico values (213128,'ASS','ASS 2013.128','Retificação de Área / Desmembramento','','','Rua Bernardo Horta, s/nº','Guandú','Cachoeiro de Itapemirim','ES','','2013-07-17','2015-11-20',null,15387);
INSERT INTO hmprojetos.servico values (213210,'ASS','ASS 2013.210','Retificação de Área - Cartório','','','Rua Bernardo Horta, s/nº','Guandú','Cachoeiro de Itapemirim','ES','','2013-12-19','2014-11-28',null,15387);
INSERT INTO hmprojetos.servico values (214140,'ASS','ASS 2014.140','Desmembramento de Área - Prefeitura/Cartório','','','Rua Bernardo Horta, s/nº','Guandú','Cachoeiro de Itapemirim','ES','','2014-11-24','2015-12-16',null,15387);
INSERT INTO hmprojetos.servico values (110058,'PRS','PRS 2010.058','Retificação de Área ','','','Rua Bernardo Horta, s/nº','Guandú','Cachoeiro de Itapemirim','ES','','2011-02-03','2013-07-29',null,15387);
INSERT INTO hmprojetos.servico values (14069,'PAQ','PAQ 2014.069','Reforma do Banheiro','','','Av. Francisco Lacerda de Aguiar','Gilberto Machado','Cachoeiro de Itapemirim','ES','','2014-11-12','2016-02-15',null,15387);
INSERT INTO hmprojetos.servico values (212046,'ASS','ASS 2012.046','Reforma Comercial','','','Av. Francisco Lacerda de Aguiar, nº 56','Gilberto Machado','Cachoeiro de Itapemirim','ES','','2012-03-04','2012-10-10',null,15388);
INSERT INTO hmprojetos.servico values (14018,'PAQ','PAQ 2014.018','Regularização Comercial','2500','','Av. Francisco Lacerda de Aguiar, nº 56','Gilberto Machado','Cachoeiro de Itapemirim','ES','','2014-03-13','2016-08-30',null,15388);
INSERT INTO hmprojetos.servico values (213090,'ASS','ASS 2013.090','Licença para Construção','','','Rua Agostinho Segundo Tirelo, 03','Aeroporto','','','',null,null,null,15389);
INSERT INTO hmprojetos.servico values (213140,'ASS','ASS 2013.140','Regularização de Obra - Prefeitura','','','Rua Agostinho Segundo Tirelo, nº 03','Aeroporto','','','',null,null,null,15389);
INSERT INTO hmprojetos.servico values (214014,'ASS','ASS 2014.014','Licença para Construção','','','Rua Horácio Leandro de Souza, s/nº','Basiléia','','','',null,null,null,15390);
INSERT INTO hmprojetos.servico values (15009,'PAQ','PAQ 2015.009','Construção Residencial','','','Estrada da Cobiça','Nossa Senhora Aparecida','Cachoeiro de Itapemirim','ES','','2015-02-19','2018-03-07',null,15391);
INSERT INTO hmprojetos.servico values (112005,'PRS','PRS 2012.005','Usucapião','','','Estrada da Cobiça','Nossa Senhora Aparecida','Cachoeiro de Itapemirim','ES','','2012-02-19','2018-03-07',null,15391);
INSERT INTO hmprojetos.servico values (214045,'ASS','ASS 2014.045','Retificação de Área','','','Praça Anisio Ramos, s/nº','Ilha da Luz','Cachoeiro de Itapemirim','ES','','2014-04-02','2016-12-20',null,15392);
INSERT INTO hmprojetos.servico values (213152,'ASS','ASS 2013.152','Retificação de Área','','','Praça Anisio Ramos, s/nº','Ilha da Luz','Cachoeiro de Itapemirim','ES','','2013-08-29','2014-04-23',null,15392);
INSERT INTO hmprojetos.servico values (113016,'PRS','PRS 2013.016','Retificação de Área','','','Praça Anisio Ramos, s/nº','Ilha da Luz','Cachoeiro de Itapemirim','ES','','2013-04-09','2013-08-29',null,15392);
INSERT INTO hmprojetos.servico values (213138,'ASS','ASS 2013.138','Regularização Residencial','','','Rua Hermes Gomes da Silva, nº 20','Boa Vista','','','','2013-07-30','2014-04-11',null,15393);
INSERT INTO hmprojetos.servico values (13057,'PAQ','PAQ 2013.057','Estudo Residencial','','','Rua Hermes Gomes da Silva, nº 20','Boa Vista','Cachoeiro de Itapemirim','ES','','2013-07-30','2018-02-17',null,15393);
INSERT INTO hmprojetos.servico values (113034,'PRS','PRS 2013.034','Retificação de Área','','','Rua Hermes Gomes da Silva, nº 20','Boa Vista','','','','2013-07-05',null,null,15393);
INSERT INTO hmprojetos.servico values (213035,'ASS','ASS 2013.035','Retificação de Área','','','Rua Emílio Passamai, 24','Otton Marins','','','',null,null,null,15394);
INSERT INTO hmprojetos.servico values (213067,'ASS','ASS 2013.067','Retificação de Área - Cartório','','','Rua Emílio Passamai, 24','Otton Marins','','','',null,null,null,15394);
INSERT INTO hmprojetos.servico values (14076,'PAQ','PAQ 2014.076','Regularização Residencial','','','Rua Emilio Passamai, nº 24','Otton Marins','','','','2014-11-28','2015-06-26',null,15394);
INSERT INTO hmprojetos.servico values (109016,'PRS','PRS 2009.016','Retificação de Área','','','Rua Emílio Passamai, 24','Otton Marins','','','',null,null,null,15394);
INSERT INTO hmprojetos.servico values (212075,'ASS','ASS 2012.075','Regularização Residencial','','','Rua João Brithes, s/nº','Boa Vista','','','',null,null,null,15397);
INSERT INTO hmprojetos.servico values (12034,'PAQ','PAQ 2012.034','Regularização Residencial','','','Rua Antonio Correa Cardoso, s/nº','Boa Vista','','','',null,null,null,15397);
INSERT INTO hmprojetos.servico values (213060,'ASS','ASS 2013.060','CND Atualizada','','','Rua Benjamim Silva, nº 76','Aquidaban','','','',null,null,null,15399);
INSERT INTO hmprojetos.servico values (212220,'ASS','ASS 2012.220','Construção Residencial','','','Rua Projetada','Itaipava','','','','2012-11-03','2014-12-20',null,15400);
INSERT INTO hmprojetos.servico values (212221,'ASS','ASS 2012.221','Acompanhamento de Projetos Complementares','','','Rua Projetada','Itaipava','','','',null,null,null,15400);
INSERT INTO hmprojetos.servico values (12071,'PAQ','PAQ 2012.071','Construção Residencial','','','Rua Projetada','Itaipava','','','',null,null,null,15400);
INSERT INTO hmprojetos.servico values (113054,'PRS','PRS 2013.054','Reserva Florestal','','','','Itaoca','Cachoeiro de Itapemirim','ES','','2013-04-24','2018-03-17',null,15401);
INSERT INTO hmprojetos.servico values (11012,'PAQ','PAQ 2011.012','Regularização Residencial','','','Rua Libio Vieira machado, 28','Paraíso','Cachoeiro de Itapemirim','ES','','2011-08-15','2013-08-12',null,15402);
INSERT INTO hmprojetos.servico values (17005,'PAQ','PAQ 2017.005','Ampliação Residencial','1000','2x','Rua Genaro Ribeiro, 64 a 74','Sumaré','Cachoeiro de Itapemirim','ES','','2017-02-11','2017-03-27',null,15403);
INSERT INTO hmprojetos.servico values (212024,'ASS','ASS 2012.024','Regularização Garagem','','','Rua Genaro Ribeiro','Sumaré','Cachoeiro de Itapemirim','ES','','-ci-in',null,null,15403);
INSERT INTO hmprojetos.servico values (212095,'ASS','ASS 2012.095','Prorrogação de Notificação','','','','Sumaré','Cachoeiro de Itapemirim','ES','','2012-06-26','2012-11-14',null,15403);
INSERT INTO hmprojetos.servico values (212207,'ASS','ASS 2012.207','Renovação de Alvará','','','Rua Genaro Ribeiro, 64 a 74','Sumaré','Cachoeiro de Itapemirim','ES','','2012-10-09','2013-09-03',null,15403);
INSERT INTO hmprojetos.servico values (112066,'PRS','PRS 2012.066','Usucapião','','','Rua Projetada, s/nº','Nossa Senhora Aparecida','','','','2012-10-25',null,null,15404);
INSERT INTO hmprojetos.servico values (10124,'PAQ','PAQ 2010.124','Construção de Galpão','','','Rua João Batista Calegário','Aeroporto','','','',null,null,null,15405);
INSERT INTO hmprojetos.servico values (112014,'PRS','PRS 2012.014','Usucapião','','','Rua Elisário Corte Imperial','Vila Rica','','','',null,null,null,15406);
INSERT INTO hmprojetos.servico values (211008,'ASS','ASS 2011.008','Regularização Residencial','450','','','Gilberto Machado','Cachoeiro de Itapemirim','ES','','2011-02-18','2018-03-06',null,15408);
INSERT INTO hmprojetos.servico values (12076,'PAQ','PAQ 2012.076','Regularização Residencial','','','Rua Antônio Cardoso Coelho, 81','Monte Cristo','Cachoeiro de Itapemirim','ES','','2012-08-17','2015-08-20',null,15409);
INSERT INTO hmprojetos.servico values (213119,'ASS','ASS 2013.119','Regularização Residencial','','','Rua Severo Parteli, 12','Teixeira Leite','Cachoeiro de Itapemirim','ES','','2013-07-05','2013-08-13',null,15410);
INSERT INTO hmprojetos.servico values (13009,'PAQ','PAQ 2013.009','Regularização Residencial','','','Rua Severo Parteli, 12','Teixeira Leite','Cachoeiro de Itapemirim','ES','','2013-02-18','2013-08-12',null,15410);
INSERT INTO hmprojetos.servico values (212146,'ASS','ASS 2012.146','Desmembramento Cartório','','','Rua Basílio Pimenta, 96','Basiléia','','','',null,null,null,15411);
INSERT INTO hmprojetos.servico values (212194,'ASS','ASS 2012.194','Certidão Detalhada','','','Rua Basílio Pimenta, 96','Basiléia','','','',null,null,null,15411);
INSERT INTO hmprojetos.servico values (213121,'ASS','ASS 2013.121','Regularização INSS ','','','Rua Basílio Pimenta, 96','Basiléia','','','','2013-07-10','2014-12-24',null,15411);
INSERT INTO hmprojetos.servico values (213170,'ASS','ASS 2013.170','Retificação de Certidão de Desmembramento','','','Rua Basílio Pimenta, 96','Basiléia','Cachoeiro de Itapemirim','ES','',null,null,null,15411);
INSERT INTO hmprojetos.servico values (214038,'ASS','ASS 2014.038','Retificação de Escrituras','','','Rua Basílio Pimenta, nº 96','Basiléia','Cachoeiro de Itapemirim','ES','','2014-03-14','2014-09-09',null,15411);
INSERT INTO hmprojetos.servico values (109012,'PRS','PRS 2009.012','Usucapião','','','Escadari José Tres','Vila Rica','Cachoeiro de Itapemirim','ES','','2009-03-21','2018-02-27',null,15412);
INSERT INTO hmprojetos.servico values (209065,'ASS','ASS 2009.065','Regularização de Obra','','','Av. Francisco Mardegan, s/nº','Rui Pinto Bandeira','Cachoeiro de Itapemirim','ES','','2009-12-04','2013-07-29',null,15413);
INSERT INTO hmprojetos.servico values (215096,'ASS','ASS 2015.096','Unificação áreas Atílio','','','Rodovia BR 101','Zona Rural','Atilio Vivacqua','ES','','2015-09-08','2015-09-16',null,15413);
INSERT INTO hmprojetos.servico values (15042,'PAQ','PAQ 2015.042','Regularização Industrial','650','3x','Avenida Francisco Mardegam, 119','Ruy Pinto Bandeira','Cachoeiro de Itapemirim','ES','','2015-09-16','2016-01-13',null,15413);
INSERT INTO hmprojetos.servico values (212033,'ASS','ASS 2012.033','Retificação de Área - Cartório','','','Rua Cesar de Brito Portas Filho','Agostinho Simonato','','','',null,null,null,15414);
INSERT INTO hmprojetos.servico values (213034,'ASS','ASS 2013.034','Regularização Residencial','','','Rua César De Brito Portas Filho, 10','Agostinho Simonato','','','',null,null,null,15414);
INSERT INTO hmprojetos.servico values (213156,'ASS','ASS 2013.156','Regularização Industrial','','','Rua Cesar de Brito Portas Filho, 11','Agostinho Simonato','','','',null,null,null,15414);
INSERT INTO hmprojetos.servico values (12109,'PAQ','PAQ 2012.109','Regularização Residencial','','','Rua César De Brito Portas Filho, 10','Agostinho Simonato','','','',null,null,null,15414);
INSERT INTO hmprojetos.servico values (13039,'PAQ','PAQ 2013.039','Regularização Industrial','','','Rua Cesar de Brito Portas Filho, 11','Agostinho Simonato','','','',null,null,null,15414);
INSERT INTO hmprojetos.servico values (213134,'ASS','ASS 2013.134','Licença para Construção','2000','4x','Estrada Córrego do Braz x Córrego dos Monos','Córrego dos Monos','Cachoeiro de Itapemirim','ES','29328000','2013-10-22','2018-03-06',null,15415);
INSERT INTO hmprojetos.servico values (115035,'PRS','PRS 2015.035','Cróqui de Situação','','','','Córrego dos Monos','Cachoeiro de Itapemirim','ES','','2015-11-17','2015-12-03',null,15415);
INSERT INTO hmprojetos.servico values (13052,'PAQ','PAQ 2013.052','Construção Galpão','','','','Córrego dos Monos','','','',null,null,null,15415);
INSERT INTO hmprojetos.servico values (113051,'PRS','PRS 2013.051','Levantamento topografico','','','Rua Bernardo Horta,s/n°','Guandú','Cachoeiro de Itapemirim','ES','','2013-09-19','2013-10-24',null,15416);
INSERT INTO hmprojetos.servico values (109044,'PRS','PRS 2009.044','Usucapião','','','','São Geraldo','','','','2010-01-12','2010-12-20',null,15417);
INSERT INTO hmprojetos.servico values (211138,'ASS','ASS 2011.138','Regularização Residencial','','','Rua João de Souza Vieira Filho, 12','Dr. Luiz Tinoco da Tonetto - BNH','','','',null,null,null,15418);
INSERT INTO hmprojetos.servico values (211139,'ASS','ASS 2011.139','Regularização Residencial','','','Avenida Perimetral, 15','BNH','','','',null,null,null,15418);
INSERT INTO hmprojetos.servico values (211140,'ASS','ASS 2011.140','Regularização Residencial','','','Avenida Allan Kardec, 11','BNH','','','',null,null,null,15418);
INSERT INTO hmprojetos.servico values (212211,'ASS','ASS 2012.211','Habite-se','','','Avenida Allan Kardec, 12-16','Dr. Luiz Tinoco da Fonseca - BNH','','','',null,null,null,15418);
INSERT INTO hmprojetos.servico values (14072,'PAQ','PAQ 2014.072','Construção Residencial','','','Rua Cesar Brito Portas Filho, nº 26','Agostinho Simonato','Cachoeiro de Itapemirim','ES','','2014-11-17','2015-12-02',null,15419);
INSERT INTO hmprojetos.servico values (12052,'PAQ','PAQ 2012.052','Revisão de Projeto','','','Sysypho Sardemberg','São Luiz Gonzaga','','','',null,null,null,15420);
INSERT INTO hmprojetos.servico values (213096,'ASS','ASS 2013.096','Acompanhamento Usucapião','1000','4x','Alameda Prof. Azenath de Moraes Coelho, 11','Rui Pinto Bandeira','Cachoeiro de Itapemirim','ES','','2013-06-06',null,null,15421);
INSERT INTO hmprojetos.servico values (213078,'ASS','ASS 2013.078','Regularização Residencial','','','Alameda Prof. Azenath de Moraes Coelho, 11','Rui Pinto Bandeira','Cachoeiro de Itapemirim','ES','','2013-05-15','2014-02-18',null,15421);
INSERT INTO hmprojetos.servico values (13019,'PAQ','PAQ 2013.019','Regularização Residencial','','','Prof. Azenath de Moraes Coelho','Rui Pinto Bandeira','Cachoeiro de Itapemirim','ES','','2013-03-18','2013-04-30',null,15421);
INSERT INTO hmprojetos.servico values (113013,'PRS','PRS 2013.013','Usucapião','','','Rua Professora Azenath de Moraes Coelho, nº 29','Rui Pinto Bandeira','Cachoeiro de Itapemirim','ES','','2013-03-22','2013-07-15',null,15421);
INSERT INTO hmprojetos.servico values (12009,'PAQ','PAQ 2012.009','Construção Residencial','','','Rua Dino Trés, 05','Vila Rica','','','',null,null,null,15422);
INSERT INTO hmprojetos.servico values (12040,'PAQ','PAQ 2012.040','Construção Residencial','','','Rua Dino Trés,s/n','Vila Rica','Cachoeiro de Itapemirim','ES','','2013-02-07','2013-03-26',null,15422);
INSERT INTO hmprojetos.servico values (213006,'ASS','ASS 2013.006','Averbação de Reserva Florestal - Cartório','','','Localidade Beira Alta','Campos Elísios - Burarama','','','',null,null,null,15424);
INSERT INTO hmprojetos.servico values (207018,'ASS','ASS 2007.018','Anuência Prévia','200','','','Caiçara','','','',null,null,null,15425);
INSERT INTO hmprojetos.servico values (212014,'ASS','ASS 2012.014','Regularização Residencial','','','Rua Agapito Cola, 7','Caiçara','','','',null,null,null,15426);
INSERT INTO hmprojetos.servico values (212235,'ASS','ASS 2012.235','Regularização 2º Subsolo','','','Rua Agapito Cola, nº 7','Caiçara','','','',null,null,null,15426);
INSERT INTO hmprojetos.servico values (213143,'ASS','ASS 2013.143','Certidão de 1º Lançamento de IPTU','','','Rua Agapito Cola, 7','Caiçara','','','',null,null,null,15426);
INSERT INTO hmprojetos.servico values (213145,'ASS','ASS 2013.145','Renovação de Alvará','','','Rua Agapito Cola, 7','Caiçara','','','',null,null,null,15426);
INSERT INTO hmprojetos.servico values (12061,'PAQ','PAQ 2012.061','Regularização 2º Subsolo','','','Rua Agapito Cola, nº 7','Caiçara','','','',null,null,null,15426);
INSERT INTO hmprojetos.servico values (15059,'PAQ','PAQ 2015.059','Ampliação Resiencial','750','3x','Rua Lauro Lima, nº 169 a 171','Amaral','Cachoeiro de Itapemirim','ES','','2015-08-08','2016-01-19',null,15427);
INSERT INTO hmprojetos.servico values (210069,'ASS','ASS 2010.069','Regularização Residencial','','','Rua José Rico Ribeiro, nº 28','Coronel Borges','','','','2010-10-20','2014-12-20',null,15428);
INSERT INTO hmprojetos.servico values (11051,'PAQ','PAQ 2011.051','Regularização Residencial ','','','','São Joaquim','','','','2011-06-14','2011-12-20',null,15429);
INSERT INTO hmprojetos.servico values (210029,'ASS','ASS 2010.029','Regularização INSS','','','Rua Professora Luzinete Paris, 91/93','Vila Rica','','','',null,null,null,15431);
INSERT INTO hmprojetos.servico values (212148,'ASS','ASS 2012.148','Certidão de 1º Lançamento de IPTU','','','Rua Prof. Luzinete Paris, 91','Vila Rica','','','',null,null,null,15431);
INSERT INTO hmprojetos.servico values (212249,'ASS','ASS 2012.249','Averbação de Imóvel - Cartório','','','Rua Professora Luzinete Paris, 91/93','Vila Rica','Cachoeiro de Itapemirim','ES','','2012-12-10',null,null,15431);
INSERT INTO hmprojetos.servico values (14068,'PAQ','PAQ 2014.068','Croqui Arquitetônico (Gás)','','','','Beira Rio','','','',null,null,null,15432);
INSERT INTO hmprojetos.servico values (11069,'PAQ','PAQ 2011.069','Ampliação Varanda','','','Av. Beira Rio','Beira Rio','Cachoeiro de Itapemirim','ES','29300280','2011-07-28','2018-01-26',null,15433);
INSERT INTO hmprojetos.servico values (10133,'PAQ','PAQ 2010.133','Construção Residencial','','','','','Marataízes','ES','','2011-02-03','2018-03-01',null,15435);
INSERT INTO hmprojetos.servico values (214089,'ASS','ASS 2014.089','Levantamento Topografico','','','','Ibitiquara','','','',null,null,null,15436);
INSERT INTO hmprojetos.servico values (212255,'ASS','ASS 2012.255','Construção Residencial','','','Rua Hugo Cocco, 46','Santa Helena','','','',null,null,null,15437);
INSERT INTO hmprojetos.servico values (11025,'PAQ','PAQ 2011.025','Construção Residencial','','','Rua Hugo Cocco, 46','Santa Helena','','','',null,null,null,15437);
INSERT INTO hmprojetos.servico values (213185,'ASS','ASS 2013.185','Certidão Detalhada','','','Rua Ena Silvério, nº30','Rui Pinto Bandeira','Cachoeiro de Itapemirim','ES','','2013-10-31','2018-03-07',null,15438);
INSERT INTO hmprojetos.servico values (112036,'PRS','PRS 2012.036','Unificação de Área','','','Rua Bernardo horta, 315','Guandú','Cachoeiro de Itapemirim','ES','','2012-07-10','2016-02-14',null,15439);
INSERT INTO hmprojetos.servico values (113030,'PRS','PRS 2013.030','Usucapião','','','Rua Projetada, s/nº','Lagoa Funda - Marataízes','','','',null,null,null,15440);
INSERT INTO hmprojetos.servico values (210005,'ASS','ASS 2010.005','Regularização CREA','','','Rua José Barbosa de Sá, 15','Aeroporto','','','',null,null,null,15441);
INSERT INTO hmprojetos.servico values (212035,'ASS','ASS 2012.035','2º Certidão de Demolição','','','Avenida Beira Rio','Guandú','Cachoeiro de Itapemirim','ES','','-ci-in',null,null,15442);
INSERT INTO hmprojetos.servico values (212036,'ASS','ASS 2012.036','Cancelamento de Usufruto','','','Rua Santino Samuel de Aguiar, 38','São Francisco de Assis','Cachoeiro de Itapemirim','ES','','-ci-in',null,null,15442);
INSERT INTO hmprojetos.servico values (212145,'ASS','ASS 2012.145','Licença para Construção','','','Av. Jones dos Santos Neves','São Francisco de Assis','Cachoeiro de Itapemirim','ES','','2012-07-31','2012-09-27',null,15442);
INSERT INTO hmprojetos.servico values (212195,'ASS','ASS 2012.195','Acompanhamento de Processo','','','Av. Governador Chistiano Dias Lopes, Lote 48','Gilberto Machado','Cachoeiro de Itapemirim','ES','','2012-09-24','2012-11-22',null,15442);
INSERT INTO hmprojetos.servico values (212237,'ASS','ASS 2012.237','Retificação de Área - Cartório','','','Av. Governador Chistiano Dias Lopes, Lote 48','Gilberto Machado','Cachoeiro de Itapemirim','ES','','2012-11-21','2013-02-05',null,15442);
INSERT INTO hmprojetos.servico values (213065,'ASS','ASS 2013.065','Laudo de Irregularidades','','','Alameda Professora Azenath de Moraes Coelho, nº 12','Aeroporto','','','',null,null,null,15443);
INSERT INTO hmprojetos.servico values (13040,'PAQ','PAQ 2013.040','Construção Residencial','','','','Rui Pinto Bandeira','','','',null,null,null,15445);
INSERT INTO hmprojetos.servico values (211061,'ASS','ASS 2011.061','Regularização Residencial','','','Rua Álvaro Ramos, nº 28','Recanto','Cachoeiro de Itapemirim','ES','','2011-12-30','2014-02-14',null,15446);
INSERT INTO hmprojetos.servico values (212069,'ASS','ASS 2012.069','Transferência de Titularidade do Projeto','','','Rua José Paineiras, nº 12','Marbrasa','','','',null,null,null,15447);
INSERT INTO hmprojetos.servico values (212142,'ASS','ASS 2012.142','Construção Residencial','','','Rua Manoel Pereira Martins, 23 a 25','Boa Vista','','','',null,null,null,15448);
INSERT INTO hmprojetos.servico values (212183,'ASS','ASS 2012.183','Habite-se','','','Rua José Paineiras, nº 12 (24-26)','Marbrasa','','','',null,null,null,15449);
INSERT INTO hmprojetos.servico values (214116,'ASS','ASS 2014.116','ART para Escelsa','','','Rua Geraldo Ambrósio n°33','Gilson Carone','','','',null,null,null,15450);
INSERT INTO hmprojetos.servico values (112074,'PRS','PRS 2012.074','Usucapião','','','Rodovia Atílio Vivacqua X BR 101 - ES 489 KM 2','Distrito de Amapá','Atílio Vivacqua','ES','','2012-12-24','2013-04-25',null,15451);
INSERT INTO hmprojetos.servico values (16001,'PAQ','PAQ 2016.001','Regularização Industrial','','','Rodovia Atílio Vivacqua X BR 101 - ES 489 KM 2','Distrito de Amapá','Atilio Vivacqua','ES','','2016-01-15','2017-08-28',null,15451);
INSERT INTO hmprojetos.servico values (113057,'PRS','PRS 2013.057','','','','Rua Pedro Calegário, s/nº','Km 90','Cachoeiro de Itapemirim','ES','','2013-10-31','2018-10-22',null,15452);
INSERT INTO hmprojetos.servico values (214017,'ASS','ASS 2014.017','Licença para Regularização','','','Rua Astor Dillem Dos Santos,n°02','Vila Rica','Cachoeiro de Itapemirim','ES','','2014-02-03','2015-08-27',null,15454);
INSERT INTO hmprojetos.servico values (13071,'PAQ','PAQ 2013.071','Regularização Residencial','','','Rua Astor Dillem Dos Santos,n°02','Vila Rica','Cachoeiro de Itapemirim','ES','','2013-09-16','2014-04-01',null,15454);
INSERT INTO hmprojetos.servico values (11098,'PAQ','PAQ 2011.098','Regularização Residencial','','','Rua Anphilophio Braga, ','Gilberto Machado','Cachoeiro de Itapemirim','ES','','2011-11-01','2018-03-06',null,15455);
INSERT INTO hmprojetos.servico values (112060,'PRS','PRS 2012.060','Retificação de Área','','','Rua Anphilophio Braga, ','Gilberto Machado','Cachoeiro de Itapemirim','ES','','2012-10-05','2018-10-22',null,15455);
INSERT INTO hmprojetos.servico values (16050,'PAQ','PAQ 2016.050','Croqui Arquitetônico','13750','10x','Av. Jones dos Santos Neves, 500','Caiçara','Cachoeiro de Itapemirim','ES','29312300','2016-10-06','2017-06-23',null,15456);
INSERT INTO hmprojetos.servico values (214019,'ASS','ASS 2014.019','Licença para Construção','','','Rodovia Cachoeiro x Alegre, s/nº','Central Parque','Cachoeiro de Itapemirim','ES','','2014-02-05','2014-02-18',null,15456);
INSERT INTO hmprojetos.servico values (14003,'PAQ','PAQ 2014.003','Construção Industrial','','','Rodovia Cachoeiro x Alegre, s/nº','Central Parque','Cachoeiro de Itapemirim','ES','','2014-01-17','2014-02-18',null,15456);
INSERT INTO hmprojetos.servico values (111052,'PRS','PRS 2011.052','Usucapião','','','','Vila Rica','','','',null,null,null,15457);
INSERT INTO hmprojetos.servico values (116032,'PRS','PRS 2016.032','Geo Referenciamento','300','3x','Zona Rural','São Pedro do Rio Preto','Presidente Kennedy','ES','','2016-10-25','2017-01-09',null,15458);
INSERT INTO hmprojetos.servico values (112068,'PRS','PRS 2012.068','Usucapião','','','Zona Rural','São Pedro do Rio Preto','Presidente Kennedy','ES','','2012-12-03','2013-01-29',null,15458);
INSERT INTO hmprojetos.servico values (111025,'PRS','PRS 2011.025','Retificação de Área','400','','Ruas Alípio Emílio da Costa, 50','Paraíso','Cachoeiro de Itapemirim','ES','','2011-05-11','2014-11-05',null,15459);
INSERT INTO hmprojetos.servico values (212032,'ASS','ASS 2012.032','CND Previdência','','','Rua Bom Fim ','Itaoca - Itapemirim','Cachoeiro de Itapemirim','ES','','2012-07-02','2013-09-03',null,15460);
INSERT INTO hmprojetos.servico values (212126,'ASS','ASS 2012.126','Certidão Detalhada / Habite-se','','','Rua Bom Fim','Itaoca - Itapemirim','Cachoeiro de Itapemirim','ES','','2012-07-25','2013-03-28',null,15460);
INSERT INTO hmprojetos.servico values (213112,'ASS','ASS 2013.112','Regularização CREA','','','Rua Tupinambás, nº 42','Aquidaban','','','',null,null,null,15462);
INSERT INTO hmprojetos.servico values (115004,'PRS','PRS 2015.004','Usucapião','','','Rua Domingos Fabris, n°14','São Geraldo','','','',null,null,null,15463);
INSERT INTO hmprojetos.servico values (13051,'PAQ','PAQ 2013.051','Regularização Residencial','','','Rua Wallace de Cássio Barbosa, nº 59','Village da Luz','Cachoeiro de Itapemirim','ES','','2013-06-29','2018-04-13',null,15464);
INSERT INTO hmprojetos.servico values (12047,'PAQ','PAQ 2012.047','Regularização Residencial','','','Rua Alfredo Levy Ramos','Novo Parque','Cachoeiro de Itapemirim','ES','','2012-08-09',null,null,15465);
INSERT INTO hmprojetos.servico values (212059,'ASS','ASS 2012.059','Retificação de Área','','','Rua Reinaldo Machado','Basiléia','','','',null,null,null,15466);
INSERT INTO hmprojetos.servico values (212193,'ASS','ASS 2012.193','Retificação de Área - Cartório','','','Rua Reinaldo Machado','Basiléia','','','',null,null,null,15466);
INSERT INTO hmprojetos.servico values (213008,'ASS','ASS 2013.008','Unificação de Área - Cartório','','','av. Beira mar, Iriri, Anchieta','Bairro de Fátima','','','',null,null,null,15466);
INSERT INTO hmprojetos.servico values (213013,'ASS','ASS 2013.013','Demolição - Prefeitura','','','Rua Basilio Pimenta, 13 a 21','Basiléia','','','',null,null,null,15466);
INSERT INTO hmprojetos.servico values (213027,'ASS','ASS 2013.027','Pedido de viabilidade de indice urbanistico','','','Rua Basilio Pimenta, nº 13 a 21','Basileia','','','',null,null,null,15466);
INSERT INTO hmprojetos.servico values (213028,'ASS','ASS 2013.028','Furo de Sondagem','','','Rua Basilio Pimenta, nº 13 a 21','Basileia','','','',null,null,null,15466);
INSERT INTO hmprojetos.servico values (213080,'ASS','ASS 2013.080','Unificação de Área - Prefeitura','','','Rua Des. Antônio José Rua, nº 200 ','Fátima - Iriri','','','',null,null,null,15466);
INSERT INTO hmprojetos.servico values (213196,'ASS','ASS 2013.196','Cópia de Projetos aprovados','','','Rua Des. Antônio José Rua, nº 200 ','Fátima','Iriri','ES','','2013-11-22','2018-01-12',null,15466);
INSERT INTO hmprojetos.servico values (213197,'ASS','ASS 2013.197','Regularização Comercial','','','Coroa da Onça, s/nº','Itapemirim','','','',null,null,null,15466);
INSERT INTO hmprojetos.servico values (13080,'PAQ','PAQ 2013.080','Regularização Comercial','','','Coroa da Onça, s/nº','Itapemirim','','','',null,null,null,15466);
INSERT INTO hmprojetos.servico values (111060,'PRS','PRS 2011.060','Retificação de Área','','','','Basiléia','','','',null,null,null,15466);
INSERT INTO hmprojetos.servico values (113010,'PRS','PRS 2013.010','Planta de Situação ','','','','Itapemirim','','','',null,null,null,15466);
INSERT INTO hmprojetos.servico values (113023,'PRS','PRS 2013.023','Remembramento - Unificação de lotes','','','Rua Desembargador Antônio José rus, 200','Bairro de Fátima','','','',null,null,null,15466);
INSERT INTO hmprojetos.servico values (11002,'PAQ','PAQ 2011.002','Construção Residencial','','','','Boa Vista','Cachoeiro de Itapemirim','ES','','2011-01-07','2018-01-18',null,15467);
INSERT INTO hmprojetos.servico values (113014,'PRS','PRS 2013.014','Reserva Florestal','','','Desengano','Muqui','','','',null,null,null,15468);
INSERT INTO hmprojetos.servico values (211077,'ASS','ASS 2011.077','Regularização Residencial','','','Rua Alcebiades Sarmento, 27','Luiz Tinoco da Fonseca (BNH de Cima)','','','',null,null,null,15469);
INSERT INTO hmprojetos.servico values (211097,'ASS','ASS 2011.097','Retificação de Área - Cartório','','','Rua Alcebiades Sarmento, 27','Luiz Tinoco da Fonseca (BNH de Cima)','','','',null,null,null,15469);
INSERT INTO hmprojetos.servico values (215054,'ASS','ASS 2015.054','Regularização Residencial','','','Rua Mirela Nolasco Braga, nº 30 a 36','Alto Monte Cristo','Cachoeiro de Itapemirim','ES','','2015-05-28','2018-03-07',null,15470);
INSERT INTO hmprojetos.servico values (212081,'ASS','ASS 2012.081','ART Escelsa','','','Rua Flaudio Altoé, 32','Bom Pastor ','','','',null,null,null,15471);
INSERT INTO hmprojetos.servico values (214082,'ASS','ASS 2014.082','Renovação de Alvará','','','','Jardim Itapemirim','','','',null,null,null,15472);
INSERT INTO hmprojetos.servico values (214020,'ASS','ASS 2014.020','Regularização CREA','','','Rua José Herminio Altoé, nº 98','Jardim Itapemirim','Cachoeiro de Itapemirim','ES','','2014-02-06','2014-02-27',null,15472);
INSERT INTO hmprojetos.servico values (14050,'PAQ','PAQ 2014.050','Regularização Residencial','','','','Jardim Itapemirim','','','',null,null,null,15472);
INSERT INTO hmprojetos.servico values (09086,'PAQ','PAQ 2009.086','Regularização Residencial','','','Rua Presidente Juscelino Kubitschek, 3 (28)','Village da Luz','Cachoeiro de Itapemirim','ES','','2009-11-13','2018-03-01',null,15473);
INSERT INTO hmprojetos.servico values (09022,'PAQ','PAQ 2009.022','Construção Residencial','','','','Jardim Itapemirim','','','','2009-05-22','2018-03-01',null,15474);
INSERT INTO hmprojetos.servico values (12064,'PAQ','PAQ 2012.064','Construção Residencial','','','Rua do Morro','Paraíso','','','',null,null,null,15476);
INSERT INTO hmprojetos.servico values (115033,'PRS','PRS 2015.033','Usucapião','','','Rua das Palmeiras, 32 a 36','Alto Amarelo','Cachoeiro de Itapemirim','ES','','2015-10-27','2015-12-02',null,15477);
INSERT INTO hmprojetos.servico values (215121,'ASS','ASS 2015.121','Acompanhamento Usucapião','3000','','Rua das Palmeiras, 32 a 36','Alto Amarelo','Cachoeiro de Itapemirim','ES','','2015-12-01',null,null,15477);
INSERT INTO hmprojetos.servico values (215012,'ASS','ASS 2015.012','Regularização INSS','','','Marataizes','','','','',null,null,null,15478);
INSERT INTO hmprojetos.servico values (14063,'PAQ','PAQ 2014.063','Reforma Comercial','','','Rua Angêlo Maria Mignone,17','Independência','Cachoeiro de Itapemirim','ES','','2014-10-16','2015-12-03',null,15479);
INSERT INTO hmprojetos.servico values (12025,'PAQ','PAQ 2012.025','Construção Residencial','','','','Vila Rica','Cachoeiro de Itapemirim','ES','','2012-03-28','2018-03-01',null,15480);
INSERT INTO hmprojetos.servico values (11019,'PAQ','PAQ 2011.019','Croqui Arquitetônico','','','','Independência','','','','2011-02-22','2011-12-20',null,15481);
INSERT INTO hmprojetos.servico values (14021,'PAQ','PAQ 2014.021','Lazer Residencial','','','Aeroporto','Boa Vista','Cachoeiro de Itapemirim','ES','','2014-04-02','2014-06-26',null,15482);
INSERT INTO hmprojetos.servico values (214059,'ASS','ASS 2014.059','Indicação de Serviços - Terceiros','','','Avenida Caiçara s/n°','Caiçara','Cachoeiro de Itapemirim','ES','','2014-04-30','2018-01-12',null,15483);
INSERT INTO hmprojetos.servico values (13033,'PAQ','PAQ 2013.033','Construção Residencial','','','Avenida Caiçara s/n°','Caiçara','','','',null,null,null,15483);
INSERT INTO hmprojetos.servico values (13058,'PAQ','PAQ 2013.058','Construção Residencial','','','','','Cachoeiro de Itapemirim','ES','','2013-07-31','2018-03-06',null,15485);
INSERT INTO hmprojetos.servico values (113039,'PRS','PRS 2013.039','Usucapião','','','Rua Bom Pastor S/N°','Arariguaba','Cachoeiro de Itapemirim','ES','','2013-08-06','2018-03-06',null,15487);
INSERT INTO hmprojetos.servico values (213181,'ASS','ASS 2013.181','Licença para Construção','','','Rua Hugo Zago, nº 91 a 97','Alto Monte Cristo','','','',null,null,null,15488);
INSERT INTO hmprojetos.servico values (211101,'ASS','ASS 2011.101','Regularização Residencial','','','Rua Victório Conrado, nº 21','Aeroporto','Cachoeiro de Itapemirim','ES','','2011-11-16','2012-08-24',null,15490);
INSERT INTO hmprojetos.servico values (212208,'ASS','ASS 2012.208','Habite-se','','','Rua Victório Conrado, nº 21','Aeroporto','Cachoeiro de Itapemirim','ES','','2012-10-09','2014-06-04',null,15490);
INSERT INTO hmprojetos.servico values (14041,'PAQ','PAQ 2014.041','Estudo Residencial','','','','Rui Pinto Bandeira','','','',null,null,null,15490);
INSERT INTO hmprojetos.servico values (212045,'ASS','ASS 2012.045','Licença para Construção','','','Rua Herculano Santana','São Geraldo','Cachoeiro de Itapemirim','ES','','2012-08-08','2012-12-19',null,15491);
INSERT INTO hmprojetos.servico values (212079,'ASS','ASS 2012.079','CND de Demolição - INSS','','','Rua Herculano Santana','São Geraldo','Cachoeiro de Itapemirim','ES','','2012-06-12','2012-08-23',null,15491);
INSERT INTO hmprojetos.servico values (212164,'ASS','ASS 2012.164','Averbação de Demolição - Cartório','','','Rua Herculano Santana, 19','São Geraldo','Cachoeiro de Itapemirim','ES','','2012-08-24','2012-09-26',null,15491);
INSERT INTO hmprojetos.servico values (212232,'ASS','ASS 2012.232','Transferência de Titularidade de IPTU','','','Rua Herculano Santana, nº 17','São Geraldo','Cachoeiro de Itapemirim','ES','','2012-11-14','2013-05-08',null,15491);
INSERT INTO hmprojetos.codigo_prefeitura values (579,'47511','2012',212232);
INSERT INTO hmprojetos.servico values (213106,'ASS','ASS 2013.106','Regularização CREA','','','Avenida José Rosa Machado, nº 39','Alto Novo Parque','Cachoeiro de Itapemirim','ES','','2013-06-19','2013-07-29',null,15491);
INSERT INTO hmprojetos.servico values (213155,'ASS','ASS 2013.155','Licença para Construção','','','Avenida José Rosa Machado, nº 39','Alto Novo Parque','Cachoeiro de Itapemirim','ES','','2013-09-02','2014-11-13',null,15491);
INSERT INTO hmprojetos.servico values (213213,'ASS','ASS 2013.213','Renovação de Alvará','','','Rua Herculano Santana','São Geraldo','Cachoeiro de Itapemirim','ES','','2013-12-13','2014-03-07',null,15491);
INSERT INTO hmprojetos.servico values (215027,'ASS','ASS 2015.027','Titularidade de IPTU','','','Rua José Rosa Machado, nº146 a 154','Abelardo Ferreira Machado','Cachoeiro de Itapemirim','ES','','2015-03-11','2015-04-10',null,15491);
INSERT INTO hmprojetos.servico values (13053,'PAQ','PAQ 2013.053','Construção Residencial','','','Avenida José Rosa Machado, nº 39','Alto Novo Parque','Cachoeiro de Itapemirim','ES','','2013-07-23','2013-12-20',null,15491);
INSERT INTO hmprojetos.servico values (13060,'PAQ','PAQ 2013.060','Construção Residencial','','','Rua Wallace de Mello Pereira Barreto, nº 51','Jardim Itapemirim','Cachoeiro de Itapemirim','ES','','2013-09-05','2017-07-11',null,15493);
INSERT INTO hmprojetos.servico values (11085,'PAQ','PAQ 2011.085','Regularização Residencial','','','Rua Luiz Careiro, nº 27','BNH','Cachoeiro de Itapemirim','ES','','2011-08-17','2018-03-08',null,15494);
INSERT INTO hmprojetos.servico values (214144,'ASS','ASS 2014.144','Acompanhamento de Processo','','','Rua Giovanni Altoe, nº 21/23','Jardim Itapemirim','Cachoeiro de Itapemirim','ES','','2014-12-05','2015-03-31',null,15495);
INSERT INTO hmprojetos.servico values (10058,'PAQ','PAQ 2010.058','Reforma Residencial','','','','Paraíso','Cachoeiro de Itapemirim','ES','','2010-08-12','2018-03-08',null,15496);
INSERT INTO hmprojetos.servico values (215034,'ASS','ASS 2015.034','Pesquisa de Terreno','','','Rua Maurilio Coelho','Ilha da Luz','Cachoeiro de Itapemirim','ES','','2015-03-30','2015-04-16',null,15497);
INSERT INTO hmprojetos.servico values (15001,'PAQ','PAQ 2015.001','Croqui Arquitetônico','','','Ed. Monte Castelo','Independência','','','',null,null,null,15498);
INSERT INTO hmprojetos.servico values (114006,'PRS','PRS 2014.006','Usucapião','','','Rua Plinio Araújo, s/nº','Iriri','','','',null,null,null,15499);
INSERT INTO hmprojetos.servico values (13035,'PAQ','PAQ 2013.035','Reforma Residencial','','','Rua Bricio Mesquita, s/nº ','Maria Ortiz','','','',null,null,null,15501);
INSERT INTO hmprojetos.servico values (213076,'ASS','ASS 2013.076','Aulas Autocad','','','','','','','',null,null,null,15502);
INSERT INTO hmprojetos.servico values (12113,'PAQ','PAQ 2012.113','Croqui Arquitetônico','','','Rua Irineu Hermógenes Santos, 20','Santa Helena','','','',null,null,null,15503);
INSERT INTO hmprojetos.servico values (13003,'PAQ','PAQ 2013.003','Construção Residencial','','','','','','','',null,null,null,15503);
INSERT INTO hmprojetos.servico values (12053,'PAQ','PAQ 2012.053','Reforma Arquitetonica','','','','BNH','','','',null,null,null,15504);
INSERT INTO hmprojetos.servico values (212206,'ASS','ASS 2012.206','Regularização Residencial','','','Rua Santa Luzia, 63','Amarelo','Cachoeiro de Itapemirim','ES','','2012-10-08','2013-11-19',null,15505);
INSERT INTO hmprojetos.servico values (10042,'PAQ','PAQ 2010.042','Regularização Residencial','','','','Amarelo','Cachoeiro de Itapemirim','ES','','2010-04-27','2012-10-08',null,15505);
INSERT INTO hmprojetos.servico values (13082,'PAQ','PAQ 2013.082','Construção Residencial','','','Rua Santa Luzia, 63','Amarelo','Cachoeiro de Itapemirim','ES','','2013-11-18','2015-02-24',null,15505);
INSERT INTO hmprojetos.servico values (213050,'ASS','ASS 2013.050','Indicação de Projeto Elétrico','','','','Nova Brasília','Cachoeiro de Itapemirim','ES','','2013-03-21',null,null,15506);
INSERT INTO hmprojetos.servico values (215063,'ASS','ASS 2015.063','Regularização INSS','','','Rua Angelo Boss, nº 08','Baiminas','Cachoeiro de Itapemirim','ES','','2015-06-11','2018-06-26',null,15507);
INSERT INTO hmprojetos.servico values (215052,'ASS','ASS 2015.052','Certidão Detalhada','','','Rua Corina Caiado França, nº 10','Coramara','Cachoeiro de Itapemirim','ES','','2015-05-25','2015-10-23',null,15508);
INSERT INTO hmprojetos.servico values (215109,'ASS','ASS 2015.109','CND Receita Federal','300','','Rua Corina Caiado França, nº 10','Coramara','Cachoeiro de Itapemirim','ES','','2015-10-26','2016-03-21',null,15508);
INSERT INTO hmprojetos.servico values (113020,'PRS','PRS 2013.020','Usucapião','350','','Rua Hermes Gomes da Silva, nº 12','Boa Vista ','Cachoeiro de Itapemirim','ES','','2013-04-17','2015-10-08',null,15510);
INSERT INTO hmprojetos.servico values (15007,'PAQ','PAQ 2015.007','Regularização Residencial','','','Rua Hermes Gomes da Silva, nº 12','Boa Vista ','Cachoeiro de Itapemirim','ES','','2014-12-24','2018-01-18',null,15510);
INSERT INTO hmprojetos.servico values (214054,'ASS','ASS 2014.054','Cópia de projeto','','','Avenida Pinheiro Júnior, nº 19','Ibitiquara','Cachoeiro de Itapemirim','ES','','2014-04-14','2014-04-16',null,15511);
INSERT INTO hmprojetos.servico values (214078,'ASS','ASS 2014.078','Licença para Construção','','','Avenida Pinheiro Júnio,nº 19','Ibitiquara','Cachoeiro de Itapemirim','ES','','2014-06-16','2014-10-06',null,15511);
INSERT INTO hmprojetos.servico values (14026,'PAQ','PAQ 2014.026','Regularização Cobertura','','','Avenida Pinheiro Júnior, nº 19','Ibitiquara','Cachoeiro de Itapemirim','ES','','2014-03-26','2014-06-16',null,15511);
INSERT INTO hmprojetos.servico values (212060,'ASS','ASS 2012.060','Indicação de Serviço / Confecção de ART','','','Rua José Bonifácio, 17 ','Baiminas','Cachoeiro de Itapemirim','ES','','2012-04-25','2012-04-27',null,15513);
INSERT INTO hmprojetos.servico values (13074,'PAQ','PAQ 2013.074','Regularização Residencial','1255','','Rua Antonio Fernandes, nº 15','Baiminas','Cachoeiro de Itapemirim','ES','','2013-09-25',null,null,15513);
INSERT INTO hmprojetos.servico values (12017,'PAQ','PAQ 2012.017','Croqui Arquitetônico','','','Rua Mario Costa Imperial','Gilberto Machado','','','',null,null,null,15514);
INSERT INTO hmprojetos.servico values (09080,'PAQ','PAQ 2009.080','Estudo Construção','','','Rua Antônio Ribeiro, 3','Alto Monte Cristo','Cachoeiro de Itapemirim','ES','','2010-03-15','2018-03-17',null,15515);
INSERT INTO hmprojetos.servico values (210039,'ASS','ASS 2010.039','Licença para Construção','100','','','Aeroporto','','','',null,null,null,15516);
INSERT INTO hmprojetos.servico values (214064,'ASS','ASS 2014.064','Regularização INSS ','300','','Rua Antonio Pedro Carleto, nº 52 a 54','Vila Rica','Cachoeiro de Itapemirim','ES','','2014-04-24','2016-05-18',null,15517);
INSERT INTO hmprojetos.servico values (115021,'PRS','PRS 2015.021','Usucapião','','','Rua Timbó, nº 10','Amaral','Cachoeiro de Itapemirim','ES','','2015-07-24','2015-09-25',null,15518);
INSERT INTO hmprojetos.servico values (116036,'PRS','PRS 2016.036','Planta e marcação de lotes','300','','Rua Gercia Ferreira Guimarães','Independência','Cachoeiro de Itapemirim','ES','','2016-12-23','2017-01-03',null,15520);
INSERT INTO hmprojetos.servico values (112004,'PRS','PRS 2012.004','Croqui de Situação','','','Rua Gilberto Freyre, nº08','Coramara','Cachoeiro de Itapemirim','ES','','2012-01-13','2012-01-13',null,15520);
INSERT INTO hmprojetos.servico values (207017,'ASS','ASS 2007.017','Habite-se','425','','Rua Alfredo Pagani, 9','Dr. Luiz Tinoco da Fonseca - BNH','','','29313170','2007-11-27','2018-06-26',null,15521);
INSERT INTO hmprojetos.servico values (213130,'ASS','ASS 2013.130','Desmembramento','','','Maria Assuncão Athaide, s/nº ','Coramara','','','29313321','2013-09-20','2013-09-20',null,15522);
INSERT INTO hmprojetos.servico values (09032,'PAQ','PAQ 2009.032','Construção Residencial','','','Rua Maria Assumpção Athayde','Coramara','Cachoeiro de Itapemirim','ES','29313321','2012-01-10',null,null,15522);
INSERT INTO hmprojetos.servico values (111058,'PRS','PRS 2011.058','Desmembramento','','','Maria Assuncão Athaide, s/nº ','Coramara','','','',null,null,null,15522);
INSERT INTO hmprojetos.servico values (214128,'ASS','ASS 2014.128','Aula de Auto Cad','','','','Independência','','','','2014-10-15','2018-03-17',null,15524);
INSERT INTO hmprojetos.servico values (113045,'PRS','PRS 2013.045','Marcação De Lote','','','Rua Lemos,n°105','Vilage','','','',null,'2013-09-21',null,15525);
INSERT INTO hmprojetos.servico values (213209,'ASS','ASS 2013.209','Declaração de Vizinho','','','Rua Leontina Sedano da Costa, s/nº ','São Francisco de Assis','Cachoeiro de Itapemirim','ES','','2014-03-19','2014-12-20',null,15526);
INSERT INTO hmprojetos.servico values (13088,'PAQ','PAQ 2013.088','Regularização Residencial','','','Rua Leontina Sedano da Costa, s/nº ','São Francisco de Assis','Cachoeiro de Itapemirim','ES','','2013-12-09','2014-07-08',null,15526);
INSERT INTO hmprojetos.servico values (14023,'PAQ','PAQ 2014.023','Construção Comercial','2100','3x','Distrito de Córrego dos Monos','Córrego do Braz','Cachoeiro de Itapemirim','ES','','2014-03-17',null,null,15529);
INSERT INTO hmprojetos.servico values (212173,'ASS','ASS 2012.173','Projeto de Muro','','','Rua Paulina Simonato, s/nº','Agostinho Simonato','Cachoeiro de Itapemirim','ES','','2012-08-31','2018-05-28',null,15529);
INSERT INTO hmprojetos.servico values (213122,'ASS','ASS 2013.122','Regularização Comercial - Galpão','','','Rua Paulina Simonato, s/n','Agostinho Simonato','Cachoeiro de Itapemirim','ES','','2013-07-09','2015-06-25',null,15529);
INSERT INTO hmprojetos.servico values (12077,'PAQ','PAQ 2012.077','Projeto de Muro','','','Avenida Paulina Simonato','Agostinho Simonato','Cachoeiro de Itapemirim','ES','','2012-08-20','2012-09-03',null,15529);
INSERT INTO hmprojetos.servico values (13022,'PAQ','PAQ 2013.022','Regularização Comercial','700','2x','Rua Paulina Simonato, s/n','Agostinho Simonato','Cachoeiro de Itapemirim','ES','','2013-03-19','2018-05-28',null,15529);
INSERT INTO hmprojetos.servico values (08074,'PAQ','PAQ 2008.074',' Regularização Obra ','','','Av. Mauro Miranda Madureira','Teixeira Leite','Cachoeiro de Itapemirim','ES','','2009-11-12','2018-03-01',null,15530);
INSERT INTO hmprojetos.servico values (212122,'ASS','ASS 2012.122','Desmembramento de Área','','','Rua Eduvaldo DellaBela, 194 a 196','Alto Monte Cristo','Cachoeiro de Itapemirim','ES','','2012-07-11','2019-04-02',null,15532);
INSERT INTO hmprojetos.servico values (212066,'ASS','ASS 2012.066','Habite-se','','','Av. Domingos Dadalto ','Jardim Itapemirim','','','',null,null,null,15533);
INSERT INTO hmprojetos.servico values (212138,'ASS','ASS 2012.138','Regularização Residencial','','','Rua Cezar de Brito Portas Filho, 13-15','Agostinho Simonato','','','',null,null,null,15534);
INSERT INTO hmprojetos.servico values (11028,'PAQ','PAQ 2011.028','Construção Residencial','','','Rua Paulo Ribeiro da Silva','Monte Cristo','','','','2011-05-04','2011-12-20',null,15535);
INSERT INTO hmprojetos.servico values (08092,'PAQ','PAQ 2008.092','Ampliação 4º pav','','','Rua Dionísio Neves','Vila Rica','Cachoeiro de Itapemirim','ES','','2010-08-13',null,null,15536);
INSERT INTO hmprojetos.servico values (09017,'PAQ','PAQ 2009.017','Regularização Residencial','','','Rua Dionísio Neves','Vila Rica','Cachoeiro de Itapemirim','ES','','2009-04-13','2019-08-17',null,15536);
INSERT INTO hmprojetos.servico values (212085,'ASS','ASS 2012.085','Regularização Residencial','','','Rua Assunta Herminia Rizzo, nº 13','Agostinho Simonato','Cachoeiro de Itapemirim','ES','','2012-06-05','2013-05-31',null,15537);
INSERT INTO hmprojetos.servico values (213042,'ASS','ASS 2013.042','Acompanhamento de Elaboração da Escritura','150','','Rua Silvino Ambrósio, 106','Boa Vista','Cachoeiro de Itapemirim','ES','29315470','2013-03-04','2019-07-13',null,15538);
INSERT INTO hmprojetos.link_externo values (1163,'IPTU 52471','http://www2.cachoeiro.es.gov.br:8080/ZimWeb/servlet/ZII?connection=producao&program=pwci001&vudTipoDocum=9&vudNoDocum=52471&vexercicio=2019',213042);
INSERT INTO hmprojetos.link_externo values (1164,'CND 52471','http://www2.cachoeiro.es.gov.br:8080/ZimWeb/servlet/ZII?vudTipoDocum=3&vudNoDocum=52471&debug=true&connection=producao&program=pwud001&template=%28vudTipoDocum%2CvudNoDocum%2CvudFinalidade%29&B1=Pesquisar',213042);
INSERT INTO hmprojetos.servico values (10028,'PAQ','PAQ 2010.028','Estudo Residencial','1200','2x','Rua Silvino Ambrosio, 106/110','Aeroporto','Cachoeiro de Itapemirim','ES','29315470','2010-06-08','2019-07-13',null,15538);
INSERT INTO hmprojetos.link_externo values (1165,'IPTU 52471','http://www2.cachoeiro.es.gov.br:8080/ZimWeb/servlet/ZII?connection=producao&program=pwci001&vudTipoDocum=9&vudNoDocum=52471&vexercicio=2019',10028);
INSERT INTO hmprojetos.link_externo values (1166,'CND 52471','http://www2.cachoeiro.es.gov.br:8080/ZimWeb/servlet/ZII?vudTipoDocum=3&vudNoDocum=52471&debug=true&connection=producao&program=pwud001&template=%28vudTipoDocum%2CvudNoDocum%2CvudFinalidade%29&B1=Pesquisar',10028);
INSERT INTO hmprojetos.servico values (213164,'ASS','ASS 2013.164','Retificação de Área','','','Rua Etelvina Vivacqua, nº 60','Santo Antônio','Cachoeiro de Itapemirim','ES','','2011-11-02','2014-02-14',null,15539);
INSERT INTO hmprojetos.servico values (214001,'ASS','ASS 2014.001','Retificaão de Área - Cartório','','','Rua Etelvina Vivacqua, nº 60','Santo Antônio','Cachoeiro de Itapemirim','ES','','2014-01-06','2014-02-20',null,15539);
INSERT INTO hmprojetos.servico values (214028,'ASS','ASS 2014.028','Regularização Comercial','','','Rua Etelvina Vivacqua, nº 60','Santo Antônio','Cachoeiro de Itapemirim','ES','','2014-02-21','2015-04-10',null,15539);
INSERT INTO hmprojetos.servico values (215036,'ASS','ASS 2015.036','Habite-se e Certidão Detalhada','','','Rua Etelvina Vivacqua, nº 60','Santo Antônio','Cachoeiro de Itapemirim','ES','','2015-04-10','2015-12-03',null,15539);
INSERT INTO hmprojetos.servico values (13056,'PAQ','PAQ 2013.056','Regularização Comercial','650','1','Rua Etelvina Vivacqua, nº 60','Santo Antônio','Cachoeiro de Itapemirim','ES','','2013-07-19','2014-02-21',null,15539);
INSERT INTO hmprojetos.servico values (113038,'PRS','PRS 2013.038','Retificação de Área','','','Rua Etelvina Vivacqua, nº 60','Santo Antônio','Cachoeiro de Itapemirim','ES','','2013-07-19','2013-09-18',null,15539);
INSERT INTO hmprojetos.servico values (215120,'ASS','ASS 2015.120','CND - Receita Federal','','','Rua Etelvina Vivacqua, nº 60','Santo Antônio','Cachoeiro de Itapemirim','ES','','2015-11-30',null,null,15539);
INSERT INTO hmprojetos.servico values (112022,'PRS','PRS 2012.022','Divisão de Condominio','','','Cafundó',' ','Cachoeiro de Itapemirim','ES','','2012-04-09','2018-03-19',null,15540);
INSERT INTO hmprojetos.servico values (213144,'ASS','ASS 2013.144','Ligaçao Escelsa','300','2x','Rua José Antônio Santana , Nº 99','Zumbi','','','',null,null,null,15541);
INSERT INTO hmprojetos.servico values (111005,'PRS','PRS 2011.005','Usucapião','','','Rua Bernardino Moreira','Independência','','','','2011-02-22','2011-12-20',null,15542);
INSERT INTO hmprojetos.servico values (115014,'PRS','PRS 2015.014','Usucapião','','','Rua Augusto Nogueira, n°59','Zumbi','','','',null,null,null,15543);
INSERT INTO hmprojetos.servico values (210006,'ASS','ASS 2010.006','Usucapião','','','','Agostinho Simonato','','','',null,null,null,15544);
INSERT INTO hmprojetos.servico values (212215,'ASS','ASS 2012.215','Habite-se','','','Rua Wilian Manhães, 10','Agostinho Simonato','','','',null,null,null,15544);
INSERT INTO hmprojetos.servico values (211057,'ASS','ASS 2011.057','Licença para Construção','','','Rua Bernardo Horta, nº 64','Guandú','','','',null,null,null,15545);
INSERT INTO hmprojetos.servico values (15028,'PAQ','PAQ 2015.028','Reforma Residencial ','','','','Soturno ','Cachoeiro de Itapemirim','ES','','2015-07-17','2015-12-02',null,15546);
INSERT INTO hmprojetos.servico values (212015,'ASS','ASS 2012.015','Anuencia para Unificação','','','Rua Levino Fanzeres, nº109','Novo Parque','','','',null,null,null,15547);
INSERT INTO hmprojetos.servico values (212080,'ASS','ASS 2012.080','Atualização INCRA','','','Zona Rural','Sitio São José-Caxeta','Itapemirim','ES','','2012-08-10','2012-12-28',null,15547);
INSERT INTO hmprojetos.servico values (112061,'PRS','PRS 2012.061','Atualização INCRA','','','Zona Rural','Sitio São José - Caxeta','Itapemirim','ES','','2012-10-05','2012-10-08',null,15547);
INSERT INTO hmprojetos.servico values (209038,'ASS','ASS 2009.038','Regularização Residencial','1120','4x','Rua Adão Matielo','Distrito de Gironda','Cachoeiro de Itapemirim','ES','','2010-10-25','2019-05-06',null,15548);
INSERT INTO hmprojetos.codigo_prefeitura values (580,'31614','2009',209038);
INSERT INTO hmprojetos.servico values (112018,'PRS','PRS 2012.018','Usucapião','','','Rua Marcos Antônio Martins  dos Santos','Boa Esperança','','','',null,null,null,15549);
INSERT INTO hmprojetos.servico values (211056,'ASS','ASS 2011.056','Regularização Residencial','','','Rua Estanislan Almeida Souza, nº 35','Alto União','Cachoeiro de Itapemirim','ES','','2011-08-30','2018-03-17',null,15550);
INSERT INTO hmprojetos.servico values (12060,'PAQ','PAQ 2012.060','Regularização Uso Misto','','','Rua Jordão Passamai, nº 53','Zumbi','Cachoeiro de Itapemirim','ES','','2012-07-05','2018-03-01',null,15551);
INSERT INTO hmprojetos.servico values (212007,'ASS','ASS 2012.007','Investigação de Processos','','','Rua Gilberto Freyre, nº08','Coramara','Cachoeiro de Itapemirim','ES','','2012-05-25','2015-01-30',null,15552);
INSERT INTO hmprojetos.servico values (215055,'ASS','ASS 2015.055','Regularização Residencial','','','Rua Gilberto Freyre, 21 a 25','Coramara','Cachoeiro de Itapemirim','ES','','2014-01-22','2015-12-07',null,15552);
INSERT INTO hmprojetos.servico values (15005,'PAQ','PAQ 2015.005','Regularização Residencial','','','Rua Gilberto Freyre, nº08','Coramara','Cachoeiro de Itapemirim','ES','','2015-01-30','2015-12-02',null,15552);
INSERT INTO hmprojetos.servico values (111055,'PRS','PRS 2011.055','Usucapião','','','Rua Maria Dolores Santana, 52','Alto Zumbi','','','','2011-11-11','2011-12-20',null,15553);
INSERT INTO hmprojetos.servico values (112027,'PRS','PRS 2012.027','Croqui de Situação','','','Rua Dr. Deolindo','Baiminas','','','',null,null,null,15554);
INSERT INTO hmprojetos.servico values (14059,'PAQ','PAQ 2014.059','Regularização Comercial','','','Rua Edmar Soares, s/n°','Coramara','Cachoeiro de Itapemirim','ES','','2014-10-07','2018-03-01',null,15556);
INSERT INTO hmprojetos.servico values (10074,'PAQ','PAQ 2010.074','Estudo Residencial','','','','Vila Rica','','','',null,null,null,15557);
INSERT INTO hmprojetos.servico values (214021,'ASS','ASS 2014.021','Acompanhamento de processo ','','','Rua Jeronimo Ribeiro, nº 133','Amarelo','','','',null,null,null,15558);
INSERT INTO hmprojetos.servico values (214034,'ASS','ASS 2014.034','Regularização de Obra','','','Rua Jeronimo Ribeiro, nº133','Amarelo','','','',null,null,null,15558);
INSERT INTO hmprojetos.servico values (211089,'ASS','ASS 2011.089','Construção Residencial','','','Rua Projetada 02, nº 62','Jardim Itapemirim','Cachoeiro de Itapemirim','ES','','2012-07-04','2014-11-19',null,15559);
INSERT INTO hmprojetos.servico values (216049,'ASS','ASS 2016.049','Defesa Auto de Infração','150','','Rua Benedito Abreu nº57','Jardim Itapemirim','Cachoeiro de Itapemirim','ES','','2016-05-12','2016-12-14',null,15560);
INSERT INTO hmprojetos.servico values (15029,'PAQ','PAQ 2015.029','Regularização Residencial','786','','Rua Benedito Abreu nº57','Jardim Itapemirim','Cachoeiro de Itapemirim','ES','','2015-07-17','2016-03-09',null,15560);
INSERT INTO hmprojetos.servico values (210054,'ASS','ASS 2010.054','Habite-se','','','Rua Principal, s/nº','Gironda','','','',null,null,null,15561);
INSERT INTO hmprojetos.servico values (12105,'PAQ','PAQ 2012.105','Construção Residencial','','','Itaoca','Itapemirim','','','',null,null,null,15561);
INSERT INTO hmprojetos.servico values (112028,'PRS','PRS 2012.028','Usucapião','','','Rua Principal, s/nº','Gironda','','','',null,null,null,15561);
INSERT INTO hmprojetos.servico values (215064,'ASS','ASS 2015.064','Regularização INSS','','','Rua Márcio Vitor de Moura, s/n','Gilberto Machado','Cachoeiro de Itapemirim','ES','','2015-06-11','2018-06-26',null,15562);
INSERT INTO hmprojetos.servico values (107052,'PRS','PRS 2007.052','Desmembramento','','','Praça Abel Santana ','Bairro Basileia','Cachoeiro de Itapemirim','ES','','2009-12-23','2018-06-26',null,15563);
INSERT INTO hmprojetos.servico values (07104,'PAQ','PAQ 2007.104',' Regularização Obra ','','','Rua José Barbosa, 12','Jardim Itapemirim','Cachoeiro de Itapemirim','ES','','2011-11-27','2013-04-30',null,15564);
INSERT INTO hmprojetos.servico values (215061,'ASS','ASS 2015.061','Regularização INSS','','','Avenida Cristiano Dias Lopes, nº 12','Dr. Gilberto Machado','Cachoeiro de Itapemirim','ES','','2015-06-11','2018-06-26',null,15565);
INSERT INTO hmprojetos.servico values (10142,'PAQ','PAQ 2010.142','Regularização Residencial','','','','Marbrasa','Cachoeiro de Itapemirim','ES','29314100','2010-11-25','2018-06-26',null,15566);
INSERT INTO hmprojetos.servico values (213015,'ASS','ASS 2013.015','Desmembramento de Área','','','Rua Jerônimo Moreira Filho, s/n','Distrito de Gironda','Cachoeiro de Itapemirim','ES','','2013-01-16','2014-06-30',null,15567);
INSERT INTO hmprojetos.servico values (214083,'ASS','ASS 2014.083','Desmembramento - Cartório','','','Rua Jerônimo Moreira Filho, s/n','Distrito de Gironda','Cachoeiro de Itapemirim','ES','','2014-07-03','2015-03-10',null,15567);
INSERT INTO hmprojetos.servico values (112064,'PRS','PRS 2012.064','Desmembramento de Área','','','Rua Jerônimo Moreira Filho, s/n','Distrito de Gironda','Cachoeiro de Itapemirim','ES','','2012-11-08','2013-01-16',null,15567);
INSERT INTO hmprojetos.servico values (216030,'ASS','ASS 2016.030','Averbação Cartório','400','','Rua Mario Soares Reis, 17 a 23','Alto Indepêndencia - 29306-355','Cachoeiro de Itapemirim','ES','','2016-03-12','2016-04-15',null,15569);
INSERT INTO hmprojetos.servico values (216016,'ASS','ASS 2016.016','CND - Receita Federal','350','','Rua Mario Soares Reis, 17 a 23','Alto Indepêndencia - 29306-355','Cachoeiro de Itapemirim','ES','','2016-02-16','2016-03-14',null,15569);
INSERT INTO hmprojetos.servico values (215069,'ASS','ASS 2015.069','Regularização Residencial - Prefeitura','','','Rua Mario Soares Reis, 17 a 23','Alto Indepêndencia - 29306-355','Cachoeiro de Itapemirim','ES','','2015-07-01','2015-10-19',null,15569);
INSERT INTO hmprojetos.servico values (15020,'PAQ','PAQ 2015.020','Regularização Residencial','','','Rua Mario Soares Reis, 15 a 17','Alto Indepêndencia - 29306-355','Cachoeiro de Itapemirim','ES','','2015-06-11','2015-08-31',null,15569);
INSERT INTO hmprojetos.servico values (214047,'ASS','ASS 2014.047','Construção Residencial','','','Rua Zélia Machado, lote 13','Marbrasa','Cachoeiro de Itapemirim','ES','','2014-04-01','2018-03-01',null,15570);
INSERT INTO hmprojetos.codigo_prefeitura values (581,'34164','2007',214047);
INSERT INTO hmprojetos.servico values (14012,'PAQ','PAQ 2014.012','Regularização Residencial','840','3x','Rua Prof. Ana Graça Brunelo Freitas, 281','IBC','Cachoeiro de Itapemirim','ES','','2014-02-21','2016-08-17',null,15571);
INSERT INTO hmprojetos.servico values (13063,'PAQ','PAQ 2013.063','Ampliação Residencial','','','Rua Fausto Mercon, nº 50','Alto Monte Cristo','','','',null,null,null,15573);
INSERT INTO hmprojetos.servico values (115003,'PRS','PRS 2015.003','Usucapião','','','Rua Antonio Alves, 67','São Lucas ','','','',null,null,null,15576);
INSERT INTO hmprojetos.servico values (108011,'PRS','PRS 2008.011','Retificação de Área','','','Vila Amalia de Oliveira,37','Novo Parque','Cachoeiro de Itapemirim','ES','','2009-04-08','2018-02-27',null,15577);
INSERT INTO hmprojetos.servico values (212239,'ASS','ASS 2012.239','Regularização Residencial','','','Rua João Pancini, 83','Boa Vista','','','',null,null,null,15578);
INSERT INTO hmprojetos.servico values (12087,'PAQ','PAQ 2012.087','Regularização Residencial','','','Rua João Pancini, 83','Boa Vista','','','',null,null,null,15578);
INSERT INTO hmprojetos.servico values (212184,'ASS','ASS 2012.184','Acompanhamento de processo','','','Rua Ozires de Almeida Freitas, 169','Vila Rica','Cachoeiro de Itapemirim','ES','','2012-09-13','2012-12-05',null,15581);
INSERT INTO hmprojetos.servico values (12106,'PAQ','PAQ 2012.106','Construção Residencial','','','Rua Wanderlei Maurício de Oliveira, 6','Vila Rica','Cachoeiro de Itapemirim','ES','','2012-10-16','2018-03-17',null,12001);
INSERT INTO hmprojetos.servico values (09028,'PAQ','PAQ 2009.028','Construção Residencial ','','','','Arariquaba (Baiminas)','','','','2009-11-03','2010-12-20',null,15582);
INSERT INTO hmprojetos.servico values (114009,'PRS','PRS 2014.009','Usucapião','','','Rua Delcides Ferreira Carvalho, 17/19','IBC','Cachoeiro de Itapemirim','ES','','2014-04-24','2014-07-07',null,15583);
INSERT INTO hmprojetos.servico values (111050,'PRS','PRS 2011.050','Busca de Certidão - Inventário de Gilda Pinheiro Barde','','','','Coronel Borges','Cachoeiro de Itapemirim','ES','','2011-10-27','2018-03-01',null,15584);
INSERT INTO hmprojetos.servico values (13002,'PAQ','PAQ 2013.002','Reforma Residencial','','','Rua Osvaldo Alves, 49','Cidade Nova','','','',null,null,null,15585);
INSERT INTO hmprojetos.servico values (215042,'ASS','ASS 2015.042','Cadastro Ambiental Rural','','','',' ','Atilio Vivacqua','ES','','2015-04-22','2018-06-26',null,15586);
INSERT INTO hmprojetos.servico values (213081,'ASS','ASS 2013.081','Regularização Residencial','','','Rua Godofredo Adversi, nº 69','Monte Cristo','Cachoeiro de Itapemirim','ES','','2013-04-05',null,null,15587);
INSERT INTO hmprojetos.servico values (114003,'PRS','PRS 2014.003','Retificação de área','','','Rua José Antonio Campanhado, nº 18','Basiléia','Cachoeiro de Itapemirim','ES','','2014-02-24','2014-04-25',null,15588);
INSERT INTO hmprojetos.servico values (12057,'PAQ','PAQ 2012.057','Estudo de Fachada','','','Rua João Misse, 27','Valdir Furtado Amorim','','','',null,null,null,15589);
INSERT INTO hmprojetos.servico values (10089,'PAQ','PAQ 2010.089','Regularização Residencial','','','','Aeroporto','','','',null,null,null,15590);
INSERT INTO hmprojetos.servico values (113028,'PRS','PRS 2013.028','Usucapião','','','Rua Enesto Mendes, s/nº','Teixeira Leite','','','',null,null,null,15591);
INSERT INTO hmprojetos.servico values (11076,'PAQ','PAQ 2011.076','Lazer Residencial','','','','São Gabriel','Cachoeiro de Itapemirim','ES','','2011-07-06','2018-06-26',null,15592);
INSERT INTO hmprojetos.servico values (112011,'PRS','PRS 2012.011','Usucapião','','','Rua Manoel Campos, 10','Nova Brasilia','','','',null,null,null,15593);
INSERT INTO hmprojetos.servico values (08009,'PAQ','PAQ 2008.009','Estudo Escada','','','Rua das Acacias, 47','Vila Rica','Cachoeiro de Itapemirim','ES','','2008-06-06','2018-02-27',null,15594);
INSERT INTO hmprojetos.servico values (214029,'ASS','ASS 2014.029','Usucapião','','','Rua Brahim Depes, nº 170','Marataízes','','','',null,null,null,15595);
INSERT INTO hmprojetos.servico values (15015,'PAQ','PAQ 2015.015','Regularização Residencial','','','Rua Brahim Depes, nº 170','Marataízes','','','','2015-03-23',null,null,15595);
INSERT INTO hmprojetos.servico values (114002,'PRS','PRS 2014.002','Usucapião','','','Rua Brahim Depes, nº 170','Centro','Marataízes','ES','','2014-01-19',null,null,15595);
INSERT INTO hmprojetos.servico values (212023,'ASS','ASS 2012.023','Construção Residencial','','','Rua José Trés, s/nº','Vila Rica','','','',null,null,null,15596);
INSERT INTO hmprojetos.servico values (112002,'PRS','PRS 2012.002','Retificação de Área','','','Rua Aroldo Pastro, nº02','Basiléia','','','',null,null,null,15597);
INSERT INTO hmprojetos.servico values (212010,'ASS','ASS 2012.010','Indicação de Projeto','','','Rua Boa Ventura Guimarães Filho (Antiga Rua 26)','Abelardo Ferreira Machado','','','',null,null,null,15598);
INSERT INTO hmprojetos.servico values (212108,'ASS','ASS 2012.108','Construção Residencial','','','','Coronel Borges','','','',null,null,null,15599);
INSERT INTO hmprojetos.servico values (12010,'PAQ','PAQ 2012.010','Construção Residencial','','','Rua Des. Lourenço','Coronel Borges','','','',null,null,null,15599);
INSERT INTO hmprojetos.servico values (214076,'ASS','ASS 2014.076','Processo Prefeitura','','','Avenida Consolação, n° 151/157','Vila Rica','','','',null,null,null,15600);
INSERT INTO hmprojetos.servico values (214080,'ASS','ASS 2014.080','Regularização de INSS','','','Rua Elidio Piassi,nº 10','Maria Ortiz','','','',null,null,null,15600);
INSERT INTO hmprojetos.servico values (115019,'PRS','PRS 2015.019','Usucapião','','','Rua José Humberto Grillo, s/n','Vila Rica','Cachoeiro de Itapemirim','ES','','2015-07-07','2015-07-28',null,15601);
INSERT INTO hmprojetos.servico values (210070,'ASS','ASS 2010.070','Regularização de obra','','','','Baiminas','','','',null,null,null,15602);
INSERT INTO hmprojetos.servico values (213077,'ASS','ASS 2013.077','Regularização Residencial','','','Rua Apostolo Pedro, 37 a 39 - Quadra H, Lote 26','Rui Pinto Bandeira','Cachoeiro de Itapemirim','ES','29315798','2013-04-30','2014-07-09',null,15603);
INSERT INTO hmprojetos.servico values (215053,'ASS','ASS 2015.053','Regularização INSS','','','Rua Apostolo Pedro, 37 a 39 - Quadra H, Lote 26','Rui Pinto Bandeira','Cachoeiro de Itapemirim','ES','','2015-05-25',null,null,15603);
INSERT INTO hmprojetos.servico values (13010,'PAQ','PAQ 2013.010','Regularização Residencial','','','Rua Apostolo Pedro, 37 a 39 - Quadra H, Lote 26','Rui Pinto Bandeira','','','','2013-02-19',null,null,15603);
INSERT INTO hmprojetos.servico values (16015,'PAQ','PAQ 2016.015','Construção Comercial','1000','2x','Rua Dr. Ozires de Almeida Freitas, nº 89','Vila Rica','Cachoeiro de Itapemirim','ES','','2015-11-23','2018-02-17',null,15604);
INSERT INTO hmprojetos.servico values (213118,'ASS','ASS 2013.118','Recibo de Compra e Venda','','','Rua Antônio Julio Lisboa, s/nº','Vila Rica ','Cachoeiro de Itapemirim','ES','','2013-07-08','2013-07-15',null,15604);
INSERT INTO hmprojetos.servico values (13046,'PAQ','PAQ 2013.046','Construção de Muro de Arrimo','','','Rua Antônio Julio Lisboa, s/nº','Vila Rica ','Cachoeiro de Itapemirim','ES','','2013-06-11','2013-08-16',null,15604);
INSERT INTO hmprojetos.servico values (12014,'PAQ','PAQ 2012.014','Regularização Industrial','','','Rod. Cachoeiro X Atilio Vivacqua','Aeroporto','','','',null,null,null,15605);
INSERT INTO hmprojetos.servico values (11005,'PAQ','PAQ 2011.005','Área de Lazer','','','','São Gabriel','Cachoeiro de Itapemirim','ES','','2012-04-23','2016-01-20',null,15606);
INSERT INTO hmprojetos.servico values (112047,'PRS','PRS 2012.047','Usucapião','','','Rua Carolina Perin, nº 5','Vila Rica','','','',null,null,null,15607);
INSERT INTO hmprojetos.servico values (213191,'ASS','ASS 2013.191','Regularização CREA','','','Rua Levino Fanzeres, nº 62','Novo Parque','','','','2013-11-19','2013-11-19',null,15608);
INSERT INTO hmprojetos.servico values (10119,'PAQ','PAQ 2010.119','Regularização Residencial','','','Rua Cesar de Brito Portas Filho, 7','Agostinho Simonato','Cachoeiro de Itapemirim','ES','','2010-12-10','2013-01-30',null,15609);
INSERT INTO hmprojetos.servico values (12021,'PAQ','PAQ 2012.021','Estudo Residencial','','','Rua Abílio Ciciliote, nº38','Vila Rica','Cachoeiro de Itapemirim','ES','','2012-04-10','2018-03-01',null,15610);
INSERT INTO hmprojetos.servico values (115007,'PRS','PRS 2015.007','Usucapião','1650','3x','Rua Ilda Borges','Rubem Braga','Cachoeiro de Itapemirim','ES','','2015-03-14','2017-04-03',null,15611);
INSERT INTO hmprojetos.servico values (16027,'PAQ','PAQ 2016.027','Construção Residencial - 2º Pavimento','1000','4x','Rua Edmundo dos Santos, 93 a 95','Paraíso','Cachoeiro de Itapemirim','ES','','2016-06-07',null,null,15612);
INSERT INTO hmprojetos.servico values (14058,'PAQ','PAQ 2014.058','Regularização Residencial','','','Rua Edmundo dos Santos, n°43','Paraíso','Cachoeiro de Itapemirim','ES','','2014-10-21','2015-02-20',null,15612);
INSERT INTO hmprojetos.servico values (212051,'ASS','ASS 2012.051','Retificação de Área','','','Rua Regina Piassarolo','Agostinho Simonato','','','',null,null,null,15613);
INSERT INTO hmprojetos.servico values (212176,'ASS','ASS 2012.176','Retificação de Área - Cartório','','','Rua Regina Piassarolo, 15 a 21','Agostinho Simonato','','','',null,null,null,15613);
INSERT INTO hmprojetos.servico values (213016,'ASS','ASS 2013.016','Regularização Residencial','','','Rua Regina Piassarolo, nº 17 a 21','Agostinho Simonato','','','',null,null,null,15613);
INSERT INTO hmprojetos.servico values (214066,'ASS','ASS 2014.066','Habite-se / Certidão Detalhada','','','Rua Regina Piassarolo, nº 17 a 21','Agostinho Simonato','','','',null,null,null,15613);
INSERT INTO hmprojetos.servico values (214115,'ASS','ASS 2014.115','Regularização de INSS','','','Rua Regina  Piassarolo, n°17','Agostinho Simonato','','','',null,null,null,15613);
INSERT INTO hmprojetos.servico values (214146,'ASS','ASS 2014.146','Averbação de Imóvel','','','Rua Regina  Piassarolo, n°17','Agostinho Simonato','','','',null,null,null,15613);
INSERT INTO hmprojetos.servico values (12121,'PAQ','PAQ 2012.121','Regularização Residencial','','','Rua Regina Piassarolo, 15 a 21','Agostinho Simonato','','','',null,null,null,15613);
INSERT INTO hmprojetos.servico values (209017,'ASS','ASS 2009.017','Desmembramento','','','','São Geraldo','Cachoeiro de Itapemirim','ES','','2008-09-25','2014-07-22',null,15614);
INSERT INTO hmprojetos.servico values (214096,'ASS','ASS 2014.096','Renovação de Alvará','','','Rua Domingos Fabris, 55','São Geraldo','Cachoeiro de Itapemirim','ES','','2014-07-22','2014-12-05',null,15614);
INSERT INTO hmprojetos.servico values (216013,'ASS','ASS 2016.013','Licença para Construção','702,44','','Rodovia Gumercino Moura Nunes, Km 9','Vargem Grande de Soturno','Cachoeiro de Itapemirim','ES','','2016-02-03','2019-08-17',null,15615);
INSERT INTO hmprojetos.servico values (12050,'PAQ','PAQ 2012.050','Croqui Arquitetônico - Incêndio','','','Rod. José Zampirolli','Gironda','Cachoeiro de Itapemirim','ES','','2012-06-01','2012-12-14',null,15615);
INSERT INTO hmprojetos.servico values (16004,'PAQ','PAQ 2016.004','Construção Industrial - Imp Exp','3043,8','2x','Rodovia Gumercino Moura Nunes, Km 9','Vargem Grande de Soturno','Cachoeiro de Itapemirim','ES','','2015-12-28','2016-02-11',null,15615);
INSERT INTO hmprojetos.servico values (213127,'ASS','ASS 2013.127','Regularização Residencial','','','Rodovia Cachoeiro / Muqui','São Francisco','Muqui','ES','','2013-07-22','2013-07-29',null,15616);
INSERT INTO hmprojetos.servico values (13066,'PAQ','PAQ 2013.066','Reforma Residencial','','','Rua Mário Augusto de Morais','Gilberto Machado','','','',null,null,null,15617);
INSERT INTO hmprojetos.servico values (216066,'ASS','ASS 2016.066','Recibo Compra e Venda','400','','Rua Projetada 01','São Geraldo','Cachoeiro de Itapemirim','ES','','2016-07-19','2016-08-05',null,15618);
INSERT INTO hmprojetos.servico values (213071,'ASS','ASS 2013.071','Regularização Residencial - Área de Lazer','','','Rua Osvaldo Bonadiman n° 9','São Geraldo','Cachoeiro de Itapemirim','ES','','2013-04-27','2018-03-01',null,15618);
INSERT INTO hmprojetos.servico values (211121,'ASS','ASS 2011.121','Defesa de Auto','','','Rua Projetada , s/nº','São Geraldo','Cachoeiro de Itapemirim','ES','','2011-09-06','2012-08-14',null,15618);
INSERT INTO hmprojetos.servico values (211154,'ASS','ASS 2011.154','Regularização Residencial - Dois pavimentos','','','Rua Projetada , s/nº','São Geraldo','Cachoeiro de Itapemirim','ES','','2012-07-25','2012-10-23',null,15618);
INSERT INTO hmprojetos.servico values (212187,'ASS','ASS 2012.187','Certidão Detalhada','','','Rua Osvaldo Bonadiman, 07','São Geraldo','Cachoeiro de Itapemirim','ES','','2012-09-14','2013-07-16',null,15618);
INSERT INTO hmprojetos.servico values (212188,'ASS','ASS 2012.188','Transferência de Titularidade de IPTU','','','Rua Osvaldo Bonandi, 9','São Geraldo','Cachoeiro de Itapemirim','ES','','2012-09-14','2013-04-17',null,15618);
INSERT INTO hmprojetos.servico values (213107,'ASS','ASS 2013.107','Regularização INSS','','','Rua Osvaldo Bonadiman, 07','São Geraldo','Cachoeiro de Itapemirim','ES','','2013-06-19','2014-02-18',null,15618);
INSERT INTO hmprojetos.servico values (214022,'ASS','ASS 2014.022','Averbação de imóvel - Cartório','','','Rua Osvaldo Bonadiman, nº 07','São Geraldo','Cachoeiro de Itapemirim','ES','','2014-03-05','2015-07-08',null,15618);
INSERT INTO hmprojetos.servico values (214042,'ASS','ASS 2014.042','Acompanhamento de Serviços','','','Rua Osvaldo Bonadiman, 07','São Geraldo','Cachoeiro de Itapemirim','ES','','2014-03-19','2014-04-15',null,15618);
INSERT INTO hmprojetos.servico values (214052,'ASS','ASS 2014.052','Revisão de IPTU','','','Rua Osvaldo Bonadiman, nº 07','São Geraldo','Cachoeiro de Itapemirim','ES','','2014-04-14','2014-09-17',null,15618);
INSERT INTO hmprojetos.servico values (214101,'ASS','ASS 2014.101','Transferência de Titularidade','','','','Recanto','Cachoeiro de Itapemirim','ES','','2014-08-01','2015-07-08',null,15618);
INSERT INTO hmprojetos.servico values (12089,'PAQ','PAQ 2012.089','Construção Residencial - Área de Lazer','','','Rua Osvaldo Bonadiman, 09','São Geraldo','Cachoeiro de Itapemirim','ES','','2012-09-14','2015-12-22',null,15618);
INSERT INTO hmprojetos.servico values (214100,'ASS','ASS 2014.100','Averbação de Escrituras','','','Rua Alvaro Ramos','Recanto','Cachoeiro de Itapemirim','ES','','2014-07-30','2018-03-01',null,15618);
INSERT INTO hmprojetos.servico values (214102,'ASS','ASS 2014.102','Acompanhamento de Processo - Escritura','','','Rua Marcelino Lino de Moraes','Vila Rica','Cachoeiro de Itapemirim','ES','','2014-07-31','2017-03-28',null,15618);
INSERT INTO hmprojetos.servico values (213126,'ASS','ASS 2013.126','Aulas Autocad','','','','','','','',null,null,null,15619);
INSERT INTO hmprojetos.servico values (215003,'ASS','ASS 2015.003','Demolição de edificação','','','Rua Caboclo Honorio, n24 a 26','Aquidaban','','','',null,null,null,15620);
INSERT INTO hmprojetos.servico values (216018,'ASS','ASS 2016.018','CND - Receita federal','300','2x','Rua Coronel Francisco Braga, 59','Centro','Cachoeiro de Itapemirim','ES','','2016-02-18','2016-11-11',null,15621);
INSERT INTO hmprojetos.servico values (213043,'ASS','ASS 2013.043','Regularização Comercial','','','Rua Coronel Francisco Braga, 59','Centro','Cachoeiro de Itapemirim','ES','','2013-03-06','2015-01-12',null,15621);
INSERT INTO hmprojetos.servico values (213044,'ASS','ASS 2013.044','Retificação de Área','','','Rua Coronel Francisco Braga, 59 a 61','Centro','Cachoeiro de Itapemirim','ES','','2013-03-06','2013-04-18',null,15621);
INSERT INTO hmprojetos.servico values (213074,'ASS','ASS 2013.074','Retificação de Área - Cartório','','','Rua Coronel Francisco Braga, 59 a 61','Centro','Cachoeiro de Itapemirim','ES','','2013-04-23','2013-07-29',null,15621);
INSERT INTO hmprojetos.servico values (214084,'ASS','ASS 2014.084','Certidão de 1º Lançamento de IPTU','','','Rua Coronel Francisco Braga, 59','Centro','Cachoeiro de Itapemirim','ES','','2014-07-01','2014-08-07',null,15621);
INSERT INTO hmprojetos.servico values (215005,'ASS','ASS 2015.005','Unificação de Área - Prefeitura','','','Rua Coronel Francisco Braga, 59','Centro','Cachoeiro de Itapemirim','ES','','2015-01-12','2015-10-06',null,15621);
INSERT INTO hmprojetos.servico values (215104,'ASS','ASS 2015.104','Unificação Cartório','','','Rua Coronel Francisco Braga, 59','Centro','Cachoeiro de Itapemirim','ES','','2015-10-07','2015-11-11',null,15621);
INSERT INTO hmprojetos.servico values (213184,'ASS','ASS 2013.184','2º Via de Habite-se / Certidão Detalhada','250','2x','Avenida Beira Rio','Centro','','','','2013-10-30',null,null,15621);
INSERT INTO hmprojetos.codigo_prefeitura values (582,'44422','2013',213184);
INSERT INTO hmprojetos.codigo_prefeitura values (583,'44424','2013',213184);
INSERT INTO hmprojetos.servico values (12114,'PAQ','PAQ 2012.114','Regularização Comercial','','','Rua Coronel Francisco Braga, 59','Centro','Cachoeiro de Itapemirim','ES','','2012-10-30','2013-03-06',null,15621);
INSERT INTO hmprojetos.servico values (113005,'PRS','PRS 2013.005','Retificação de Área','','','','Centro','Cachoeiro de Itapemirim','ES','','2013-02-01','2013-03-06',null,15621);
INSERT INTO hmprojetos.servico values (115001,'PRS','PRS 2015.001','Unificação de Área','','','Rua Coronel Francisco Braga, 59','Centro','Cachoeiro de Itapemirim','ES','','2015-01-12','2015-01-14',null,15621);
INSERT INTO hmprojetos.servico values (110057,'PRS','PRS 2010.057','Usucapião','','','',' ','Jerônimo Monteiro','ES','','2011-12-02','2018-03-17',null,15622);
INSERT INTO hmprojetos.servico values (215023,'ASS','ASS 2015.023','Prorrogação de notificação','','','Rua Julio Facini','Aeroporto','','','','2015-03-05','2015-12-07',null,15623);
INSERT INTO hmprojetos.servico values (211045,'ASS','ASS 2011.045','Regularização Residencial','','','Rua Armando Reis Athaide, 16','Alto União','Cachoeiro de Itapemirim','ES','','2011-08-12','2018-03-19',null,15624);
INSERT INTO hmprojetos.servico values (211010,'ASS','ASS 2011.010','Construção Comercial  ( Cliente Euza - Dardengo - Carneiro Instrumentos )','','','Beira Rio','Guandu','Cachoeiro de Itapemirim','ES','','2011-03-23','2013-03-05',null,15625);
INSERT INTO hmprojetos.codigo_prefeitura values (584,'19471','2011',211010);
INSERT INTO hmprojetos.servico values (212019,'ASS','ASS 2012.019','Reguarização Subsolo ( Cliente Euza - Carneiro instrumentos )','','','Rua Lafayete Bernades, nº33','Guandú','Cachoeiro de Itapemirim','ES','','2012-02-02','2012-12-21',null,15625);
INSERT INTO hmprojetos.codigo_prefeitura values (585,'4519','2012',212019);
INSERT INTO hmprojetos.servico values (214025,'ASS','ASS 2014.025','Busca de Escritura ( Cliente do Nelson )','','','','Coronel  Borges','Cachoeiro de Itapemirim','ES','','2014-02-14','2014-02-27',null,15625);
INSERT INTO hmprojetos.servico values (212247,'ASS','ASS 2012.247','ART Escelsa','','','Rua Oscar Filipe Chamon, 16','Central Parque','','','',null,null,null,15626);
INSERT INTO hmprojetos.servico values (13059,'PAQ','PAQ 2013.059','Regularização Residencial','850','','Rua Benedito De Souza Machado,N° 63 apartamento 101','Santa Helena','Cachoeiro de Itapemirim','ES','','2013-08-12','2016-11-11',null,15627);
INSERT INTO hmprojetos.servico values (112051,'PRS','PRS 2012.051','Usucapião','','','Rua Alipio Francisco Moreira, 8 (Lote 8, quadra 9)','Village da Luz','','','',null,null,null,15628);
INSERT INTO hmprojetos.servico values (209059,'ASS','ASS 2009.059','Desmembramento de Área','300','2x','Rua Bernardo Horta','Guandú','','','',null,null,null,15630);
INSERT INTO hmprojetos.servico values (13018,'PAQ','PAQ 2013.018','Regularização Comercial','','','Rua Bernardo Horta','Guandú','Cachoeiro de Itapemirim','ES','','2013-03-12','2015-02-13',null,15631);
INSERT INTO hmprojetos.servico values (212156,'ASS','ASS 2012.156','Comissão de Indicação de Projeto','','','',' ','Iconha','ES','','2012-08-10','2018-03-17',null,15632);
INSERT INTO hmprojetos.servico values (212000,'ASS','ASS 2012.000','Regularização Residencial','','','Rua Rui marcos Novaes Facine, 27','Aeroporto','Cachoeiro de Itapemirim','ES','','2011-12-07','2018-01-12',null,15633);
INSERT INTO hmprojetos.servico values (211079,'ASS','ASS 2011.079','Regularização Residencial','','','Rua José Fiqueiredo, nº 10','Monte Cristo','','','',null,null,null,15634);
INSERT INTO hmprojetos.servico values (13091,'PAQ','PAQ 2013.091','Croqui Arquitetônico','','','Rua José Antônio do Amaral, nº 65/95','Aeroporto','','','',null,null,null,15635);
INSERT INTO hmprojetos.servico values (212053,'ASS','ASS 2012.053','Retificação de Área','','','Rua Geraldo Cortes Fragoso, nº 34 a 42','Campo Leopoldina','Cachoeiro de Itapemirim','ES','','2012-02-11','2017-06-27',null,15636);
INSERT INTO hmprojetos.servico values (111056,'PRS','PRS 2011.056','Retificação de Área','','','','Campo Leopoldina','Cachoeiro de Itapemirim','ES','','2012-01-16','2013-03-28',null,15636);
INSERT INTO hmprojetos.servico values (113011,'PRS','PRS 2013.011','Usucapião','','','Avenida Francisco Mardegan','Aeroporto','Cachoeiro de Itapemirim','ES','','2013-03-14','2013-08-09',null,15636);
INSERT INTO hmprojetos.servico values (113012,'PRS','PRS 2013.012','Usucapião','','','Avenida Francisco Mardegan, s/n','Aeroporto','Cachoeiro de Itapemirim','ES','','2013-03-16','2013-08-09',null,15636);
INSERT INTO hmprojetos.servico values (113053,'PRS','PRS 2013.053','Retificação de Área','','','Rua Professor Domingos','Independência','Cachoeiro de Itapemirim','ES','','2013-09-20','2014-08-28',null,15636);
INSERT INTO hmprojetos.servico values (10031,'PAQ','PAQ 2010.031','Reforma Residencial','','','','Vitória','','','','2010-03-24','2010-12-20',null,15637);
INSERT INTO hmprojetos.servico values (211087,'ASS','ASS 2011.087','Regularização 3º Pav.','','','Rua José Rosa Machado, 113','Alto Novo Parque','','','',null,null,null,15638);
INSERT INTO hmprojetos.servico values (12062,'PAQ','PAQ 2012.062','Regularização 3º Pav.','','','Rua José Rosa Machado, 113','Alto Novo Parque','','','',null,null,null,15638);
INSERT INTO hmprojetos.servico values (212038,'ASS','ASS 2012.038','Regularização Residencial','','','Rua Ailton Coelho Costa','Vila Rica','','','',null,null,null,15639);
INSERT INTO hmprojetos.servico values (213036,'ASS','ASS 2013.036','Ampliação Residencial','','','Rua Ailton Coelho Costa','Vila Rica','','','',null,null,null,15639);
INSERT INTO hmprojetos.servico values (12124,'PAQ','PAQ 2012.124','Ampliação Residencial','','','Rua Ailton Coelho Costa','Vila Rica','','','',null,null,null,15639);
INSERT INTO hmprojetos.servico values (07112,'PAQ','PAQ 2007.112','Orçamento','','','','Guandu','Cachoeiro de Itapemirim','ES','','2007-12-05','2018-01-18',null,15640);
INSERT INTO hmprojetos.servico values (210071,'ASS','ASS 2010.071','Construção Residencial','','','Rua Maria Amélia Curcio Xavier, 9','Paraíso','','','',null,null,null,15641);
INSERT INTO hmprojetos.servico values (213017,'ASS','ASS 2013.017','Atualizar Certidão','','','Rua Mariano Bueno, 18','Amaral','','','',null,null,null,15642);
INSERT INTO hmprojetos.servico values (213114,'ASS','ASS 2013.114','Regularização INSS','','','Rua Mariano Bueno, 18','Amaral','','','',null,null,null,15642);
INSERT INTO hmprojetos.servico values (214023,'ASS','ASS 2014.023','Averbação de imóvel','','','Rua Mariano Bueno, 18','Amaral','','','',null,null,null,15642);
INSERT INTO hmprojetos.servico values (211098,'ASS','ASS 2011.098','Acompanhamento de Processo','','','Rua Eurico Sartori, nº90','Alto Independência','','','','2011-10-11','2018-06-26',null,15643);
INSERT INTO hmprojetos.servico values (213161,'ASS','ASS 2013.161','Regularização Residencial','','','Rua Anibal Machado, s/nº','Marataízes','','','','2014-07-07','2015-01-12',null,15644);
INSERT INTO hmprojetos.servico values (215004,'ASS','ASS 2015.004','Regularização INSS','','','Rua Anibal Machado, s/nº','Ilmenita','Marataízes','ES','','2015-01-12','2015-10-08',null,15644);
INSERT INTO hmprojetos.servico values (12084,'PAQ','PAQ 2012.084','Regularização Residencial','','','Rua Anibal Machado, s/nº','','Marataízes','ES','','2012-08-28','2014-07-07',null,15644);
INSERT INTO hmprojetos.servico values (212091,'ASS','ASS 2012.091','Habite-se / Certidão Detalhada','','','Rua Gustavo Borges de Farias, 10-12','Parque Laranjeiras','','','',null,null,null,15645);
INSERT INTO hmprojetos.servico values (213195,'ASS','ASS 2013.195','Averbação de Imóvel','','','Rua Gustavo Borges de Faria, nº 10/12','Parque das Laranjeiras','','','',null,null,null,15645);
INSERT INTO hmprojetos.servico values (214031,'ASS','ASS 2014.031','Transferência Titularidade IPTU','','','Rua Gustavo Borges de Faria, nº 10/12','Parque das Laranjeiras','','','',null,null,null,15645);
INSERT INTO hmprojetos.servico values (213004,'ASS','ASS 2013.004','Habite-se','','','Rua Luiz Sacramento, 200/202','Recanto','','','',null,null,null,15646);
INSERT INTO hmprojetos.servico values (13016,'PAQ','PAQ 2013.016','Estudo Residencial','','','Rua Rita Rafael de Freitas, nº 15','Alto Vila Rica','','','',null,null,null,15647);
INSERT INTO hmprojetos.servico values (212027,'ASS','ASS 2012.027','Construção Residencial','','','Rua João Sasso, s/nº','Paraíso','Cachoeiro de Itapemirim','ES','','2012-07-13','2015-12-29',null,15648);
INSERT INTO hmprojetos.servico values (112012,'PRS','PRS 2012.012','Retificação de Área','','','Rua João Sasso, s/nº','Paraiso','Cachoeiro de Itapemirim','ES','','2012-03-15','2016-01-19',null,15648);
INSERT INTO hmprojetos.servico values (12005,'PAQ','PAQ 2012.005','Revisão de Projeto','','','Rua projetada, lote 18, quadra 2','Belvedere - Marataízes','','','',null,null,null,15649);
INSERT INTO hmprojetos.servico values (213211,'ASS','ASS 2013.211','Regularização da Reforma','','','','Centro','Alegre','ES','','2013-12-19','2014-09-08',null,15650);
INSERT INTO hmprojetos.servico values (214106,'ASS','ASS 2014.106','Habite-se e Certidão Detalhada','300','','','Centro','','','',null,null,null,15650);
INSERT INTO hmprojetos.servico values (10120,'PAQ','PAQ 2010.120','Regularização de Obra','','','','Alto Amarelo','Cachoeiro de Itapemirim','ES','','2011-09-13',null,null,15651);
INSERT INTO hmprojetos.servico values (212120,'ASS','ASS 2012.120','Regularização CREA','','','Av. Helena Paes Marcondes de Souza, 11','União','Cachoeiro de Itapemirim','ES','','2012-04-11','2018-03-10',null,15652);
INSERT INTO hmprojetos.servico values (115010,'PRS','PRS 2015.010','Usucapião','150','','Rua Bernardo Horta, 254','Guandu','Cachoeiro de Itapemirim','ES','','2015-03-21','2015-04-16',null,15653);
INSERT INTO hmprojetos.servico values (14020,'PAQ','PAQ 2014.020','Projeto Arquitetônico','500','2x','Avenida Itapemirim, 440','Itaipava','Itapemirim','ES','','2014-03-14','2018-03-07',null,15654);
INSERT INTO hmprojetos.servico values (216038,'ASS','ASS 2016.038','Desmembramento - Cartório','250','','Rua Maria Dias da Silva, nº 07','Zumbi','Cachoeiro de Itapemirim','ES','','2016-03-29','2016-06-22',null,15655);
INSERT INTO hmprojetos.servico values (114034,'PRS','PRS 2014.034','Desmembramento de Área','','','Rua Maria Dias da Silva, nº 07','Zumbi','Cachoeiro de Itapemirim','ES','','2014-12-03','2015-01-30',null,15655);
INSERT INTO hmprojetos.servico values (10007,'PAQ','PAQ 2010.007','Regularização Residencial','','','Rua Rafael Dias Pacheco, 39','Recanto','Cachoeiro de Itapemirim','ES','','2010-01-20','2018-03-10',null,15656);
INSERT INTO hmprojetos.servico values (214105,'ASS','ASS 2014.105','Regularização Residencial','','','Rua João Valdino nº 46','Coronel Borges','Cachoeiro de Itapemirim','ES','','2014-08-12','2015-06-22',null,15657);
INSERT INTO hmprojetos.servico values (14043,'PAQ','PAQ 2014.043','Regularização Residencial','','','Rua João Valdino nº 46','Coronel Borges','','','',null,null,null,15657);
INSERT INTO hmprojetos.servico values (213165,'ASS','ASS 2013.165','Transferencia Titularidade','','','Rua: Gelson Dias Dos Santos,n° 170 a 178','Ruy Pinto Bandeira','Cachoeiro de Itapemirim','ES','','2013-09-26','2014-07-29',null,15658);
INSERT INTO hmprojetos.servico values (214032,'ASS','ASS 2014.032','Renovação de Alvará','','','Rua Gelson Dias Dos Santos, n° 170 a 178','Ruy Pinto Bandeira','Cachoeiro de Itapemirim','ES','','2014-03-05','2014-05-13',null,15658);
INSERT INTO hmprojetos.servico values (111033,'PRS','PRS 2011.033','Usucapião','','','Rua Projetada s/nº','Zumbi','','','',null,null,null,15659);
INSERT INTO hmprojetos.servico values (213177,'ASS','ASS 2013.177','Aulas Auto Cad','','','','Gilberto Machado','','','',null,null,null,15660);
INSERT INTO hmprojetos.servico values (212048,'ASS','ASS 2012.048','Habite-se','','','Rua Agripino de Oliveira, 14','Indepêndencia','Cachoeiro de Itapemirim','ES','29306450','2012-06-21','2013-07-19',null,15661);
INSERT INTO hmprojetos.servico values (214117,'ASS','ASS 2014.117','Viabilidades de índices urbanisticos','','','Avenida José Felix Cheim, s/nº','Corte Grande','Cachoeiro de Itapemirim','ES','','2014-09-12','2014-11-06',null,15661);
INSERT INTO hmprojetos.servico values (12043,'PAQ','PAQ 2012.043','Construção Galpão Comercial','','','Linha Vermelha','Corte Grande','','','','2012-05-23','2012-08-21',null,15661);
INSERT INTO hmprojetos.servico values (14051,'PAQ','PAQ 2014.051','Construção Comercial','','','Avenida Jose Felix Cheim, s/n','Corte Grande','Cachoeiro de Itapemirim','ES','','2014-07-16','2015-07-08',null,15661);
INSERT INTO hmprojetos.servico values (14070,'PAQ','PAQ 2014.070','Construção Comercial','','','Rua Capivari, nº 70','Indepêndencia','','','','2014-11-12','2016-08-31',null,15661);
INSERT INTO hmprojetos.servico values (14032,'PAQ','PAQ 2014.032','Construção Residencial','','','Rua Nossa Senhora da Penha, nº 109','Alto Novo Parque','Cachoeiro de Itapemirim','ES','','2014-04-12','2018-03-07',null,15662);
INSERT INTO hmprojetos.servico values (113031,'PRS','PRS 2013.031','Usucapião ','','','Rua João Pancini, nº 135','Boa Vista','','','',null,null,null,15663);
INSERT INTO hmprojetos.servico values (116009,'PRS','PRS 2016.009','Usucapião','700','2x','Rua Carlos Pinheiro, 01','Nova Marataízes','Marataízes','ES','','2016-04-30','2018-01-30',null,15664);
INSERT INTO hmprojetos.servico values (214135,'ASS','ASS 2014.135','Regularização Residencial','1400','3x','Rua Eugênia Anna Dalleproni, s/nº','São Francisco de Assis','Cachoeiro de Itapemirim','ES','','2014-11-10','2016-01-19',null,15664);
INSERT INTO hmprojetos.servico values (16005,'PAQ','PAQ 2016.005','Construção Residencial','500','2x','Rua Carlos Pinheiro, 01','Nova Marataízes','Marataízes','ES','','2016-01-18','2016-04-30',null,15664);
INSERT INTO hmprojetos.servico values (212228,'ASS','ASS 2012.228','Construção Residencial','','','Rua Joaquim Caiado, nº33','Maria Ortiz','','','',null,null,null,15665);
INSERT INTO hmprojetos.servico values (212252,'ASS','ASS 2012.252','Habite-se','','','Rua Joaquim Caiado, nº33','Maria Ortiz','','','',null,null,null,15665);
INSERT INTO hmprojetos.servico values (12030,'PAQ','PAQ 2012.030','Construção Residencial','','','Rua Joaquim Caiado, nº33','Maria Ortiz','','','',null,null,null,15665);
INSERT INTO hmprojetos.servico values (13054,'PAQ','PAQ 2013.054','Construção Residencial','','','Rua Joaquim Caiado, nº33','Maria Ortiz','','','',null,null,null,15665);
INSERT INTO hmprojetos.servico values (212088,'ASS','ASS 2012.088','Construção Comercial / Industrial','','','Rodovia Casemiro Costa, s/nº','Soturno','Cachoeiro de Itapemirim','ES','','2012-06-20','2018-03-19',null,15666);
INSERT INTO hmprojetos.codigo_prefeitura values (586,'21910','2012',212088);
INSERT INTO hmprojetos.servico values (212008,'ASS','ASS 2012.008','Cópia de Projeto','','','Rodovia Mauro Miranda Madureira','Coramara','Cachoeiro de Itapemirim','ES','','2012-02-08','2012-02-08',null,15667);
INSERT INTO hmprojetos.servico values (212174,'ASS','ASS 2012.174','Regularização Comercial','','','Rodovia Mauro Miranda Madureira','Coramara','Cachoeiro de Itapemirim','ES','','2012-08-27','2013-04-30',null,15667);
INSERT INTO hmprojetos.servico values (212175,'ASS','ASS 2012.175','Certidão Detalhada / Habite-se','','','Rodovia Mauro Miranda Madureira','Coramara','Cachoeiro de Itapemirim','ES','','2012-08-27','2014-02-14',null,15667);
INSERT INTO hmprojetos.servico values (213082,'ASS','ASS 2013.082','2º Via de Habite-se','','','Rodovia Mauro Miranda Madureira, nº 1386/1432','Coramara','Cachoeiro de Itapemirim','ES','','2013-05-10','2013-07-29',null,15667);
INSERT INTO hmprojetos.servico values (213142,'ASS','ASS 2013.142','Regularização INSS','','','Rodovia Mauro Miranda Madureira','Coramara','Cachoeiro de Itapemirim','ES','','2013-08-08','2014-02-14',null,15667);
INSERT INTO hmprojetos.servico values (11086,'PAQ','PAQ 2011.086','Regularização Comercial','','','Rodovia Mauro Miranda Madureira','Coramara','Cachoeiro de Itapemirim','ES','','2012-04-05','2012-09-04',null,15667);
INSERT INTO hmprojetos.servico values (216037,'ASS','ASS 2016.037','Desmembramento Cartório','','','Avenida José Rosa Machado, 125 a 127','Abelardo Ferreira Machado','Cachoeiro de Itapemirim','ES','','2016-03-10','2016-05-20',null,15668);
INSERT INTO hmprojetos.servico values (214015,'ASS','ASS 2014.015','Unificação de Área - Prefeitura','300','','Avenida José Rosa Machado, 21','Abelardo Ferreira Machado','Cachoeiro de Itapemirim','ES','','2014-01-24','2014-08-08',null,15668);
INSERT INTO hmprojetos.servico values (214098,'ASS','ASS 2014.098','Unificação de Área - Cartório','300','','Avenida José Rosa Machado, 21','Abelardo Ferreira Machado','Cachoeiro de Itapemirim','ES','','2014-07-23','2015-07-22',null,15668);
INSERT INTO hmprojetos.servico values (112067,'PRS','PRS 2012.067','Unificação / Desmembramento','','','Avenida José Rosa Machado, 21','Abelardo Ferreira Machado','Cachoeiro de Itapemirim','ES','','2012-11-29','2014-01-28',null,15668);
INSERT INTO hmprojetos.servico values (212065,'ASS','ASS 2012.065','Habite-se / Certidão Detalhada','','','Rua João Batista Calegario','Aeroporto','Cachoeiro de Itapemirim','ES','','2012-05-07','2012-09-26',null,15671);
INSERT INTO hmprojetos.servico values (212201,'ASS','ASS 2012.201','CND Previdência','','','Rua João Batista Calegario','Aeroporto','Cachoeiro de Itapemirim','ES','','2012-09-26','2016-03-30',null,15671);
INSERT INTO hmprojetos.servico values (211137,'ASS','ASS 2011.137','Regularização Comercial','','','Rua João Batista Calegário, 38','Aeroporto','Cachoeiro de Itapemirim','ES','','2011-12-07','2013-05-31',null,15671);
INSERT INTO hmprojetos.servico values (213097,'ASS','ASS 2013.097','Habite-se','','','Rua João Batista Calegário, nº 38','Aeroporto','Cachoeiro de Itapemirim','ES','','2013-06-07','2015-03-04',null,15671);
INSERT INTO hmprojetos.servico values (13004,'PAQ','PAQ 2013.004','Ampliação Residencial','','','','Luiz Tinoco da Fonseca','Cachoeiro de Itapemirim','ES','','2013-01-30','2018-03-07',null,15672);
INSERT INTO hmprojetos.servico values (214043,'ASS','ASS 2014.043','Retificação de Área - Cartório','','','Rua Manoel Pereira da Silva, s/nº','Marbrasa','Cachoeiro de Itapemirim','ES','','2014-03-24','2014-04-30',null,15673);
INSERT INTO hmprojetos.servico values (113046,'PRS','PRS 2013.046','Retificação de Área','','','Rua Manoel Pereira da Silva, s/nº','Marbrasa','Cachoeiro de Itapemirim','ES','','2012-07-13','2013-11-18',null,15673);
INSERT INTO hmprojetos.servico values (212159,'ASS','ASS 2012.159','Regularização Residencial','','','Rua Coelho Melo, nº27','Independência','Cachoeiro de Itapemirim','ES','',null,'2013-04-30',null,15674);
INSERT INTO hmprojetos.servico values (213062,'ASS','ASS 2013.062','Habite-se','','','Rua Coelho Mello, nº 29','Indepedência','Cachoeiro de Itapemirim','ES','','2013-05-23','2013-07-15',null,15674);
INSERT INTO hmprojetos.servico values (214035,'ASS','ASS 2014.035','Certidão Detalhada','','','Rua Coelho Mello, nº 29','Indepedência','Cachoeiro de Itapemirim','ES','','2014-03-10','2015-07-24',null,15674);
INSERT INTO hmprojetos.servico values (215079,'ASS','ASS 2015.079','Regularização INSS','','','Rua Coelho Mello, nº 21','Indepedência','Cachoeiro de Itapemirim','ES','','2015-07-21','2015-12-11',null,15674);
INSERT INTO hmprojetos.servico values (215130,'ASS','ASS 2015.130','Averbação Cartório','2300','','Rua Coelho Mello, nº 21','Indepedência','Cachoeiro de Itapemirim','ES','29306540','2015-12-30',null,null,15674);
INSERT INTO hmprojetos.link_externo values (1167,'IPTU 33618- 33617 ','http://www2.cachoeiro.es.gov.br:8080/ZimWeb/servlet/ZII?connection=producao&program=pwci001&vudTipoDocum=9&vudNoDocum=33618- 33617 &vexercicio=2019',215130);
INSERT INTO hmprojetos.link_externo values (1168,'CND 33618- 33617 ','http://www2.cachoeiro.es.gov.br:8080/ZimWeb/servlet/ZII?vudTipoDocum=3&vudNoDocum=33618- 33617 &debug=true&connection=producao&program=pwud001&template=%28vudTipoDocum%2CvudNoDocum%2CvudFinalidade%29&B1=Pesquisar',215130);
INSERT INTO hmprojetos.servico values (12023,'PAQ','PAQ 2012.023','Regularização Residencial','','','Rua Coelho Melo, nº27','Independência','Cachoeiro de Itapemirim','ES','','2012-04-10',null,null,15674);
INSERT INTO hmprojetos.servico values (114004,'PRS','PRS 2014.004','Divisão Amigável','','','','Estrela do Norte','Castelo','ES','','2014-03-10','2018-03-07',null,15674);
INSERT INTO hmprojetos.servico values (212039,'ASS','ASS 2012.039','Projeto Incêndio','','','Av. Francisco Mardegan','Aeroporto','','','','-ci-in',null,null,15676);
INSERT INTO hmprojetos.servico values (212043,'ASS','ASS 2012.043','Substituição de Projeto','','','Av. Francisco Mardegan','Aeroporto','Cachoeiro de Itapemirim','ES','','-ci-in',null,null,15676);
INSERT INTO hmprojetos.servico values (212086,'ASS','ASS 2012.086','Habite-se','','','Avenida Francisco Mardegan, nº 90 - 100','Aeroporto','','','','2012-06-25',null,null,15676);
INSERT INTO hmprojetos.servico values (212205,'ASS','ASS 2012.205','CND prefeitura','','','Avenida Francisco Mardegan, nº 90 - 100','Aeroporto','','','','2012-10-03',null,null,15676);
INSERT INTO hmprojetos.servico values (215099,'ASS','ASS 2015.099','Desarquivar Processo e 1º certidão IPTU','','','Rua Almérico Martins Viana, nº 12','KM 90','Cachoeiro de Itapemirim','ES','','2015-09-23','2015-11-11',null,15676);
INSERT INTO hmprojetos.servico values (215117,'ASS','ASS 2015.117','CND - Receita Federal','','','Avenida Francisco Mardegan, nº 90 - 100','Aeroporto','Cachoeiro de Itapemirim','ES','','2015-11-11','2018-02-05',null,15676);
INSERT INTO hmprojetos.servico values (10143,'PAQ','PAQ 2010.143','Regularização Galpão','','','','Macaé','','','',null,null,null,15677);
INSERT INTO hmprojetos.servico values (11043,'PAQ','PAQ 2011.043','Galpão Pré-Moldado','8000','','','Vila Velha','','','',null,null,null,15678);
INSERT INTO hmprojetos.servico values (13049,'PAQ','PAQ 2013.049','Levantamento Arquitetônico','','','Rua Costa Pereira, nº 39','Centro ','','','',null,null,null,15679);
INSERT INTO hmprojetos.servico values (10009,'PAQ','PAQ 2010.009','Construção Comercial','','','','Aquidaban','','','',null,null,null,15680);
INSERT INTO hmprojetos.servico values (212248,'ASS','ASS 2012.248','Renovação de Alvará','','','Rua das Begonias, s/nº','Paraíso','Cachoeiro de Itapemirim','ES','','2012-12-07','2013-08-09',null,15682);
INSERT INTO hmprojetos.servico values (213053,'ASS','ASS 2013.053','Acerto de Logradouro ','','','Ruas das Begonias','Paraíso','Cachoeiro de Itapemirim','ES','','2013-03-22','2013-04-17',null,15682);
INSERT INTO hmprojetos.servico values (215060,'ASS','ASS 2015.060','Regularização INSS','','','Rua das Begônias, s/n','Paraíso','Cachoeiro de Itapemirim','ES','','2015-06-11',null,null,15682);
INSERT INTO hmprojetos.servico values (215068,'ASS','ASS 2015.068','Retificação de Área - duas áreas','','','Liane Avelar Rodrigues','Novo Parque','Cachoeiro de Itapemirim','ES','','2015-06-17','2015-12-03',null,15685);
INSERT INTO hmprojetos.servico values (113025,'PRS','PRS 2013.025','Retificação de Área - Duas áreas','','','Rua João Marques Carvalho Braga e Rua Liane Avelar Rodrigues','Novo Parque','Cachoeiro de Itapemirim','ES','','2013-04-29','2015-03-04',null,15685);
INSERT INTO hmprojetos.servico values (113035,'PRS','PRS 2013.035','Planta de Situação','','','Avenida Francisco Lacerda de Aguiar, s/nº','Gilberto Machado','','','',null,null,null,15686);
INSERT INTO hmprojetos.servico values (214051,'ASS','ASS 2014.051','Regularização CREA','','','Rodovia 482, s/nº','Morro Grande ','Cachoeiro de Itapemirim','ES','','2014-04-11','2014-04-30',null,15687);
INSERT INTO hmprojetos.servico values (109025,'PRS','PRS 2009.025','Desmembramento','','','','Morro Grande','Cachoeiro de Itapemirim','ES','','-ci-in',null,null,15687);
INSERT INTO hmprojetos.servico values (13007,'PAQ','PAQ 2013.007','Reforma Residencial','','','Zona Rural','Bebedouro','Cachoeiro de Itapemirim','ES','','2013-02-16','2018-03-06',null,15688);
INSERT INTO hmprojetos.servico values (14078,'PAQ','PAQ 2014.078','Regularização Religiosa','','','Rodovia Gumercindo Moura Nunes, s/n, km 09','Vargem Grande de Soturno','','','','2014-12-09','2019-07-31',null,15689);
INSERT INTO hmprojetos.servico values (213098,'ASS','ASS 2013.098','Acompanhamento de Processo','','','Rua Angelo Bressan, nº 22','Bela Vista','','','',null,null,null,15690);
INSERT INTO hmprojetos.servico values (214118,'ASS','ASS 2014.118','Regularização Residencial','','','Rua Projetada - Zona Rural','Vargem Grande de Soturno','Cachoeiro de Itapemirim','ES','','2014-10-09','2015-06-16',null,15691);
INSERT INTO hmprojetos.servico values (14053,'PAQ','PAQ 2014.053','Construção de Galpão','','','Rua Projetada','Vargem Grande de Soturno','Cachoeiro de Itapemirim','ES','','2014-08-14','2014-10-09',null,15691);
INSERT INTO hmprojetos.servico values (213038,'ASS','ASS 2013.038','Renovação de Alvará','','','Rua Mário Imperial Filho, 69 a 71','Santo Antônio','Cachoeiro de Itapemirim','ES','','2013-02-20','2013-04-03',null,15692);
INSERT INTO hmprojetos.servico values (214063,'ASS','ASS 2014.063','Renovação de Alvará','','','Rua Mário Imperial Filho, nº 69 a 71','Santo Antônio','Cachoeiro de Itapemirim','ES','','2014-05-07','2015-06-24',null,15692);
INSERT INTO hmprojetos.servico values (99022,'PAQ','PAQ 1999.022','Regularização Obra','','','Rua Paulino Vieira Tiradentes','Agostinho Simonato','Cachoeiro de Itapemirim','ES','','2008-09-29','2012-10-23',null,15692);
INSERT INTO hmprojetos.servico values (12108,'PAQ','PAQ 2012.108','Regularização Residencial','','','Rua Paulino Vieira Tiradentes, 7','Agostinho Simonato','Cachoeiro de Itapemirim','ES','','2012-10-23','2015-12-11',null,15692);
INSERT INTO hmprojetos.servico values (213085,'ASS','ASS 2013.085','Acompanhamento de Usucapião','2500','','Rua Paulino Vieira Tiradentes','Agostinho Simonato','Cachoeiro de Itapemirim','ES','','2013-04-04','2016-11-24',null,15692);
INSERT INTO hmprojetos.servico values (112023,'PRS','PRS 2012.023','Usucapião','','','Rua Paulino Vieira Tiradentes','Agostinho Simonato','Cachoeiro de Itapemirim','ES','','2012-07-05','2018-10-19',null,15692);
INSERT INTO hmprojetos.servico values (215037,'ASS','ASS 2015.037','Unificação de Área - Prefeitura','','','','Gilberto Machado','Cachoeiro de Itapemirim','ES','','2015-04-17','2015-10-28',null,15693);
INSERT INTO hmprojetos.servico values (115006,'PRS','PRS 2015.006','Unificação de Àrea ','','','','Gilberto Machado','Cachoeiro de Itapemirim','ES','','2015-03-10','2015-04-17',null,15693);
INSERT INTO hmprojetos.servico values (215111,'ASS','ASS 2015.111','Unificação de Área - Cartório','450','3x','Rua Mário Rezende, 02','Gilberto Machado','Cachoeiro de Itapemirim','ES','','2015-10-27','2016-05-20',null,15693);
INSERT INTO hmprojetos.servico values (212119,'ASS','ASS 2012.119','Licença para Construção','','','Rua Projetada  ','Soturno','','','',null,null,null,15694);
INSERT INTO hmprojetos.servico values (212044,'ASS','ASS 2012.044','Regularização Cobertura','','','Av. Domingos Dadalto ','IBC','','','',null,null,null,15695);
INSERT INTO hmprojetos.servico values (212143,'ASS','ASS 2012.143','Certidão Detalhada / Habite-se','','','Av. Domingos Dadalto ','IBC','','','',null,null,null,15695);
INSERT INTO hmprojetos.servico values (212200,'ASS','ASS 2012.200','Retificação de Área','','','Av Domingos Alcino Dadalto','IBC','','','',null,null,null,15695);
INSERT INTO hmprojetos.servico values (212234,'ASS','ASS 2012.234','Retificação de Área - Cartório','','','Av Domingos Alcino Dadalto','IBC','','','',null,null,null,15695);
INSERT INTO hmprojetos.servico values (112056,'PRS','PRS 2012.056','Retificação de Área','','','Av Domingos Alcino Dadalto','IBC','','','',null,null,null,15695);
INSERT INTO hmprojetos.servico values (12083,'PAQ','PAQ 2012.083','Croqui Arquitetônico','','','','Serra','','','',null,null,null,15696);
INSERT INTO hmprojetos.servico values (112043,'PRS','PRS 2012.043','Croqui de Situação','','','Av. Jones dos Santos neves, 280','Nova Brasilia','Cachoeiro de Itapemirim','ES','','2012-08-06','2015-03-27',null,15697);
INSERT INTO hmprojetos.servico values (113060,'PRS','PRS 2013.060','Croqui de Situação','','','Rua José de Lima Mothe, s/nº','Independencia','Cachoeiro de Itapemirim','ES','','2013-12-11','2014-12-15',null,15697);
INSERT INTO hmprojetos.servico values (211145,'ASS','ASS 2011.145','Regularização Residencial','','','Rua Alcebíades José Sobreira, 82/84','BNH de Baixo','Cachoeiro de Itapemirim','ES','','2012-07-09','2012-11-21',null,15698);
INSERT INTO hmprojetos.servico values (214013,'ASS','ASS 2014.013','Habite-se / Certidão Detalhada','','','Rua Alcebíades José Sobreira, nº 82/84','Waldir Furtado de Amorim','Cachoeiro de Itapemirim','ES','','2014-02-06','2015-11-06',null,15698);
INSERT INTO hmprojetos.servico values (116010,'PRS','PRS 2016.010','Croqui de Situação','','','Rua Espinha de peixe, s/nº ','Bairro Ilmenita','Marataízes','ES','','2016-05-07','2016-05-09',null,15700);
INSERT INTO hmprojetos.servico values (113036,'PRS','PRS 2013.036','Usucapião','','','Rua Espinha de peixe, s/nº ','Bairro Ilmenita','Marataízes','ES','','2013-07-15','2013-10-28',null,15700);
INSERT INTO hmprojetos.servico values (210046,'ASS','ASS 2010.046','Regularização Residencial','','','','Abelardo Ferreira Machado','','','',null,null,null,15702);
INSERT INTO hmprojetos.servico values (212092,'ASS','ASS 2012.092','Renovação de Alvará','','','Rua Bom Pastor, 18','Bela Vista','Cachoeiro de Itapemirim','ES','','2012-06-21','2012-10-30',null,15703);
INSERT INTO hmprojetos.servico values (213207,'ASS','ASS 2013.207','Renovação de Alvará','','','Rua Bom Pastor, 18','Bela Vista','','','','2013-12-13','2014-03-14',null,15703);
INSERT INTO hmprojetos.servico values (214110,'ASS','ASS 2014.110','Regularização Residencial','','','Rua Bom Pastor, nº 18','Bela Vista','Cachoeiro de Itapemirim','ES','','2014-08-25','2015-01-13',null,15703);
INSERT INTO hmprojetos.servico values (14019,'PAQ','PAQ 2014.019','Regularização Residencial','','','Rua Bom Pastor, 18','Bela Vista','Cachoeiro de Itapemirim','ES','','2014-03-11','2015-01-13',null,15703);
INSERT INTO hmprojetos.servico values (14014,'PAQ','PAQ 2014.014','Reforma Comercial','','','Rua Jerônimo Ribeiro','Amarelo','Cachoeiro de Itapemirim','ES','','2014-02-27','2018-02-19',null,15704);
INSERT INTO hmprojetos.servico values (212016,'ASS','ASS 2012.016','Transferência de Titularidade','','','Rua Oscar Montenegro, nº 15','Novo Parque','','','',null,null,null,15705);
INSERT INTO hmprojetos.servico values (209039,'ASS','ASS 2009.039','Regularização Residencial','','','Rua Adão Matielo','Gironda','','','','2009-09-29','2019-04-08',null,15706);
INSERT INTO hmprojetos.servico values (12101,'PAQ','PAQ 2012.101','Regularização Residencial','','','Rua Adão Matielo','Gironda','Cachoeiro de Itapemirim','ES','','2012-09-27','2019-04-08',null,15706);
INSERT INTO hmprojetos.servico values (211081,'ASS','ASS 2011.081','Regularização Comercial ( CREA )','','','Rua Fioravante Cipriano, s/nº','Central Parque','Cachoeiro de Itapemirim','ES','','2015-09-16','2015-12-07',null,15707);
INSERT INTO hmprojetos.servico values (216093,'ASS','ASS 2016.093','Retificação de área - Cartório','300','','Fazenda São Joaquim','São Joaquim','Cachoeiro de Itapemirim','ES','','2016-12-08','2019-04-08',null,15708);
INSERT INTO hmprojetos.servico values (111061,'PRS','PRS 2011.061','Desmembramento Rural','','','Fazenda São Joaquim','São Joaquim','Cachoeiro de Itapemirim','ES','','2012-01-23','2019-02-08',null,15708);
INSERT INTO hmprojetos.servico values (112030,'PRS','PRS 2012.030','Desmembramento de quadra','','','Fazenda São Joaquim','São Joaquim','Cachoeiro de Itapemirim','ES','','2012-07-02','2012-09-06',null,15708);
INSERT INTO hmprojetos.servico values (210057,'ASS','ASS 2010.057','Fração Ideal / Convenção de Condomínio','','','Rua Flauzino Jacinto Campos','Niteroi','Atílio Vivacqua','ES','','2011-04-14','2016-02-25',null,15710);
INSERT INTO hmprojetos.servico values (11031,'PAQ','PAQ 2011.031','Regularização Residencial','','','Rua Flauzino Jacinto Campos','Niteroi','Atilio Vivacqua','ES','','2011-06-30','2016-02-25',null,15710);
INSERT INTO hmprojetos.servico values (14052,'PAQ','PAQ 2014.052','Construção de escada','','','Rua Eugenio Amorim, s/nº ','Guandú','','','',null,null,null,15711);
INSERT INTO hmprojetos.servico values (213009,'ASS','ASS 2013.009','Renovação de Alvará','','','Rua Álvaro Ramos, s/ nº','Recanto','','','',null,null,null,15712);
INSERT INTO hmprojetos.servico values (214065,'ASS','ASS 2014.065','Habite-se / Certidão Detalhada','','','Rua Álvaro Ramos, s/nº','Recanto','Cachoeiro de Itapemirim','ES','','2014-05-02','2018-03-09',null,15712);
INSERT INTO hmprojetos.servico values (214070,'ASS','ASS 2014.070','Unificação de Área - Prefeitura','','','Rua Álvaro Ramos, s/nº','Recanto','','','',null,null,null,15712);
INSERT INTO hmprojetos.servico values (215067,'ASS','ASS 2015.067','Unificação de Área (Cartório)','','','Rua Álvaro Ramos, nº 113 a 119','Recanto','','','',null,null,null,15712);
INSERT INTO hmprojetos.servico values (114010,'PRS','PRS 2014.010','Unificação de Área','','','Rua Álvaro Ramos, s/nº','Recanto','','','',null,null,null,15712);
INSERT INTO hmprojetos.servico values (12041,'PAQ','PAQ 2012.041','Substituição de Projeto','','','Rua Alzira Martins Araujo,  13/15','Vila Rica','Cachoeiro de Itapemirim','ES','','2012-06-01','2018-03-08',null,15713);
INSERT INTO hmprojetos.servico values (15025,'PAQ','PAQ 2015.025','Croqui Arquitetônico','','','Avenida Francisco Lacerda de Aguiar, n° 382 a 408','Paraiso','','','',null,null,null,15714);
INSERT INTO hmprojetos.servico values (212212,'ASS','ASS 2012.212','Regularização Residencial','','','Rua Gerson Moura, nº 04','Vila Rica','','','',null,null,null,15715);
INSERT INTO hmprojetos.servico values (214018,'ASS','ASS 2014.018','Comissão de indicação de Projeto - Milton','','','Avenida Mauro Miranda Madureira, s/nº','Coramara','Cachoeiro de Itapemirim','ES','',null,null,null,15456);
INSERT INTO hmprojetos.servico values (13075,'PAQ','PAQ 2013.075','Regularização Industrial','','','Rua:Avenida Leopoldina Smarzaro s/n°','São Lucas','Cachoeiro de Itapemirim','ES','','2013-09-01','2013-11-08',null,15456);
INSERT INTO hmprojetos.servico values (212162,'ASS','ASS 2012.162','Unificação de Área - Prefeitura','','','Rua Hilda Lopes Barbieri','Jardim América','','','',null,null,null,15717);
INSERT INTO hmprojetos.servico values (212229,'ASS','ASS 2012.229','Unificação de Área - Cartório','','','Rua Hilda Lopes Barbieri','Jardim América','','','',null,null,null,15717);
INSERT INTO hmprojetos.servico values (12068,'PAQ','PAQ 2012.068','Construção Multifamiliar','','','Rua Hilda Lopes Barbieri','Jardim América','','','',null,null,null,15717);
INSERT INTO hmprojetos.servico values (10048,'PAQ','PAQ 2010.048',' Regularização Residencial','','','','Aeroporto','','','',null,null,null,15718);
INSERT INTO hmprojetos.servico values (13090,'PAQ','PAQ 2013.090','Construção Residencial','','','Rua Amélia Ronqueti, s/nº','Vila Rica','Cachoeiro de Itapemirim','ES','','2013-12-16','2018-03-09',null,15719);
INSERT INTO hmprojetos.servico values (113055,'PRS','PRS 2013.055','Usucapião','','','Rua João Satiro de Almeida, nº 22','Jardim América','Cachoeiro de Itapemirim','ES','','2013-10-29','2013-11-20',null,15720);
INSERT INTO hmprojetos.servico values (213193,'ASS','ASS 2013.193','Acompanhamento de Usucapião','','','Rua João Satiro de Almeida, nº 22','Jardim América','Cachoeiro de Itapemirim','ES','','2013-11-19','2016-03-22',null,15720);
INSERT INTO hmprojetos.servico values (210047,'ASS','ASS 2010.047','Construção Residencial','150','','Rua Projetada, 5','Aeroporto','Cachoeiro de Itapemirim','ES','','2011-01-26','2019-03-08',null,15721);
INSERT INTO hmprojetos.codigo_prefeitura values (587,'31743','2010',210047);
INSERT INTO hmprojetos.servico values (08052,'PAQ','PAQ 2008.052','Construção Galpão','','','Rodovia Ricardo barbieri - ES 489','Aeroporto','Cachoeiro de Itapemirim','ES','','2009-04-23','2013-07-15',null,15722);
INSERT INTO hmprojetos.servico values (12037,'PAQ','PAQ 2012.037','Regularização de Imóvel Comercial','500','2x','Rua Sebastião Simonato, s/nº','Agostinho Simonato','Cachoeiro de Itapemirim','ES','','2012-06-20','2019-03-08',null,15724);
INSERT INTO hmprojetos.servico values (212054,'ASS','ASS 2012.054','Retificação de Área','','','Rua Jeronimo Ribeiro ','Amarelo','Cachoeiro de Itapemirim','ES','','-ci-in',null,null,15725);
INSERT INTO hmprojetos.servico values (212083,'ASS','ASS 2012.083','Retificação de Área','','','','Amarelo','Cachoeiro de Itapemirim','ES','','2012-07-25','2013-05-08',null,15725);
INSERT INTO hmprojetos.servico values (12055,'PAQ','PAQ 2012.055','Regularização 4º pav.','','','Rua Jerônimo Ribeiro, 268','Amarelo','Cachoeiro de Itapemirim','ES','','2012-06-21','2013-05-10',null,15725);
INSERT INTO hmprojetos.servico values (112009,'PRS','PRS 2012.009','Retificação de Área','','','Rua Jeronimo Ribeiro ','Amarelo','Cachoeiro de Itapemirim','ES','','-ci-in',null,null,15725);
INSERT INTO hmprojetos.servico values (14008,'PAQ','PAQ 2014.008','Construção Residencial','','','Pça da Bandeira, s/nº','Aquidaban','','','',null,null,null,15726);
INSERT INTO hmprojetos.servico values (212115,'ASS','ASS 2012.115','Regularização Residencial','','','Rua José Morgan, nº 05','Caiçara','Cachoeiro de Itapemirim','ES','','2012-08-07','2013-01-22',null,15727);
INSERT INTO hmprojetos.servico values (212169,'ASS','ASS 2012.169','Habite-se','','','Rua José Morgan','Caiçara','Cachoeiro de Itapemirim','ES','','2012-08-29','2013-01-22',null,15727);
INSERT INTO hmprojetos.servico values (13014,'PAQ','PAQ 2013.014','Construção Residencial','','','Rua José Morgan 5','Caiçara','Cachoeiro de Itapemirim','ES','','2013-02-26','2018-03-09',null,15727);
INSERT INTO hmprojetos.servico values (10071,'PAQ','PAQ 2010.071','Regularização Residencial','','','','BNH','Cachoeiro de Itapemirim','ES','','2010-06-25','2018-03-08',null,15728);
INSERT INTO hmprojetos.servico values (110029,'PRS','PRS 2010.029','Usucapião','','','','Zumbi','','','','2010-05-18','2010-12-20',null,15729);
INSERT INTO hmprojetos.servico values (14042,'PAQ','PAQ 2014.042','Ampliação Residencial','','','Rua Antonio Ribeiro Sobrinho, nº 19','Alto Monte Cristo','','','',null,null,null,15730);
INSERT INTO hmprojetos.servico values (212037,'ASS','ASS 2012.037','Retificação de Área','','','Rua Carlindo Santana ','Basiléia','','','',null,null,null,15731);
INSERT INTO hmprojetos.servico values (114036,'PRS','PRS 2014.036','Usucapião','','','Rua Maranhão, nº 64','Santa Rita II - Marataizes','Cachoeiro de Itapemirim','ES','','2014-12-18','2018-03-09',null,15731);
INSERT INTO hmprojetos.servico values (110056,'PRS','PRS 2010.056','Desmembramento de Área','','','','Urtiga','','','','2010-10-14','2010-12-20',null,15732);
INSERT INTO hmprojetos.servico values (212127,'ASS','ASS 2012.127','Regularização INSS','','','Rua das Acacias','Vila Rica','','','',null,null,null,15733);
INSERT INTO hmprojetos.servico values (212074,'ASS','ASS 2012.074','Transferência de Titularidade do Projeto','','','Rua Antonio Carleto','Vila Rica','Cachoeiro de Itapemirim','ES','','2011-12-06',null,null,15734);
INSERT INTO hmprojetos.servico values (212110,'ASS','ASS 2012.110','Regularização Comercial Ampliação','','','Rua Antonio Carleto','Vila Rica','Cachoeiro de Itapemirim','ES','','2012-05-11','2014-12-05',null,15734);
INSERT INTO hmprojetos.servico values (212111,'ASS','ASS 2012.111','Regularização Comercial Substituição 3º pav.','','','Rua Antonio Carleto','Vila Rica','Cachoeiro de Itapemirim','ES','','2012-05-11','2014-12-05',null,15734);
INSERT INTO hmprojetos.servico values (214049,'ASS','ASS 2014.049','Renovação de Alvará','','','Avenida Mauro Miranda Madureira s/nº','Coramara','Cachoeiro de Itapemirim','ES','','2014-04-04','2017-05-02',null,15734);
INSERT INTO hmprojetos.servico values (212209,'ASS','ASS 2012.209','Regularização Residencial','','','Rua Wenceslau Braz, s/nº','Alto Independência','','','',null,null,null,15736);
INSERT INTO hmprojetos.servico values (12048,'PAQ','PAQ 2012.048','Regularização Residencial','','','Rua Wenceslau Braz','Alto Independência','','','',null,null,null,15736);
INSERT INTO hmprojetos.servico values (114027,'PRS','PRS 2014.027','Usucapião','','','','Pacotuba','','','',null,null,null,15737);
INSERT INTO hmprojetos.servico values (212226,'ASS','ASS 2012.226','Construção Comercial','','','Rua Raimundo Fullin, 2','Boa Vista','Cachoeiro de Itapemirim','ES','','2012-11-09','2013-04-17',null,15738);
INSERT INTO hmprojetos.servico values (12088,'PAQ','PAQ 2012.088','Construção Comercial','','','Rua Raimundo Fullin, 2','Boa Vista','Cachoeiro de Itapemirim','ES','','2012-09-12','2013-04-17',null,15738);
INSERT INTO hmprojetos.servico values (13081,'PAQ','PAQ 2013.081','Construção Residencial - 2º Pavimento','','','Rua César de Brito Portas Filho, 02','Agostinho Simonato','Cachoeiro de Itapemirim','ES','','2013-11-12','2014-04-07',null,15739);
INSERT INTO hmprojetos.servico values (216015,'ASS','ASS 2016.015','Laudo Técnico - Receita Federal','300','','Rua Cesar de Brito Portas Filho, 33 a 35','Agostinho Simonato','Cachoeiro de Itapemirim','ES','','2016-02-15',null,null,15740);
INSERT INTO hmprojetos.servico values (213099,'ASS','ASS 2013.099','Regularização Residencial','','','Rua Cesar de Brito Portas Filho, nº 12','Agostinho Simonato','Cachoeiro de Itapemirim','ES','','2013-06-12','2015-03-27',null,15740);
INSERT INTO hmprojetos.servico values (10094,'PAQ','PAQ 2010.094','Regularização Residencial','','','Rua Cesar de Brito Portas Filho, nº 12','Agostinho Simonato','Cachoeiro de Itapemirim','ES','','2010-09-08','2013-06-13',null,15740);
INSERT INTO hmprojetos.servico values (212163,'ASS','ASS 2012.163','Retificação de Área - Cartório','','','Rua Basílio Pimenta','Basileia','Cachoeiro de Itapemirim','ES','','2012-08-17','2013-05-08',null,15741);
INSERT INTO hmprojetos.servico values (11083,'PAQ','PAQ 2011.083','Regularização Residencial','','','Basílio Pimenta, nº 85','Basiléia','Cachoeiro de Itapemirim','ES','','2012-01-27','2015-03-30',null,15741);
INSERT INTO hmprojetos.servico values (112021,'PRS','PRS 2012.021','Retificação de Área','','','Rua Basílio Pimenta, 85','Basileia','Cachoeiro de Itapemirim','ES','','2012-08-17','2012-12-28',null,15741);
INSERT INTO hmprojetos.servico values (212154,'ASS','ASS 2012.154','Assessoria Inventário','','','','Monte Cristo','Cachoeiro de Itapemirim','ES','','2012-08-08','2019-02-11',null,15742);
INSERT INTO hmprojetos.servico values (212253,'ASS','ASS 2012.253','Regularização Residencial','','','Rua Professora Jéssica Ferreira Guimarães, 7','Independência','Cachoeiro de Itapemirim','ES','','2019-03-08','2019-03-08',null,15743);
INSERT INTO hmprojetos.servico values (213026,'ASS','ASS 2013.026','Pedido de Cópia do Projeto','','','Rua Professora Jéssica Ferreira Guimarães, 7','Independência','','','',null,null,null,15743);
INSERT INTO hmprojetos.servico values (12134,'PAQ','PAQ 2012.134','Regularização Residencial','280','2x','Rua Professora Jéssica Ferreira Guimarães, 7','Independência','Cachoeiro de Itapemirim','ES','','2012-12-18','2019-03-08',null,15743);
INSERT INTO hmprojetos.servico values (05111,'PAQ','PAQ 2005.111','Estudo Construção','','','Rua Adelino Della Bella','Monte Cristo','Cachoeiro de Itapemirim','ES','','2011-11-30','2018-03-09',null,15744);
INSERT INTO hmprojetos.servico values (09099,'PAQ','PAQ 2009.099','Reforma Residencial','','','Rua Adelino Della Bella','Monte Cristo','Cachoeiro de Itapemirim','ES','','2011-04-11','2018-03-09',null,15744);
INSERT INTO hmprojetos.servico values (113040,'PRS','PRS 2013.040','Usucapião','','','Rua Gargano Moreira De Souza S/Nº','Vila Rica','','','',null,null,null,15745);
INSERT INTO hmprojetos.servico values (114013,'PRS','PRS 2014.013','Usucapião','','','Rua Levino Fanzeres','Novo Parque','','','',null,null,null,15746);
INSERT INTO hmprojetos.servico values (113043,'PRS','PRS 2013.043','Usucapião','','','Rua Corinto barboza Lima,n°160','Village da Luz','','','',null,null,null,15748);
INSERT INTO hmprojetos.servico values (13061,'PAQ','PAQ 2013.061','Regularização Residencial','','','Rua Piaui,n°125','Ilemita-Marataizes','','','',null,null,null,15749);
INSERT INTO hmprojetos.servico values (113033,'PRS','PRS 2013.033','Usucapião','','','Rua Alfredo Martins Amaral, s/n','Bela Vista','','','',null,null,null,15749);
INSERT INTO hmprojetos.servico values (212114,'ASS','ASS 2012.114','Regularização Ampliação Residencial','','','Rua José Medeiros Corrêa, nº 15','Ibitiquara','','','',null,null,null,15750);
INSERT INTO hmprojetos.servico values (212068,'ASS','ASS 2012.068','Informação de Propriedade','','','Rua Nilton Fardim Perim','Vila Rica','','','',null,null,null,15751);
INSERT INTO hmprojetos.servico values (213111,'ASS','ASS 2013.111','Indicação Levantamento Topográfico','','','Rua Lucinda Braga Machado, nº 21','Abelardo Ferreira Machado','Cachoeiro de Itapemirim','ES','','2013-06-27','2013-08-13',null,15752);
INSERT INTO hmprojetos.servico values (13055,'PAQ','PAQ 2013.055','Construção de Muro de Arrimo','','','Rua Lucinda Braga Machado, nº 21','Abelardo Ferreira Machado','Cachoeiro de Itapemirim','ES','','2013-07-19','2013-08-16',null,15752);
INSERT INTO hmprojetos.servico values (14004,'PAQ','PAQ 2014.004','Construção Residencial','','','Rua Lucinda Braga Machado, nº 21','Abelardo Ferreira Machado','','','','2014-01-21','2014-09-18',null,15752);
INSERT INTO hmprojetos.servico values (113003,'PRS','PRS 2013.003','Usucapião','','','Zona Rural','Córrego dos Milagres - Atílio Vivacqua','','','',null,null,null,15753);
INSERT INTO hmprojetos.servico values (213066,'ASS','ASS 2013.066','Retificação de Área - Notificação Cartório','','','Rua Jeronimo Ribeiro, 329','Amarelo','Cachoeiro de Itapemirim','ES','','2010-05-03','2014-02-14',null,15754);
INSERT INTO hmprojetos.servico values (214016,'ASS','ASS 2014.016','Acompanhamento de Processo Judicial - 0014721-37.2014.8.08.0011','500','','Rua Jeronimo Ribeiro, 329','Amarelo','Cachoeiro de Itapemirim','ES','','2014-01-21','2014-06-12',null,15754);
INSERT INTO hmprojetos.servico values (112069,'PRS','PRS 2012.069','Retificação de Área','','','Rua Jerônimo Ribeiro, 206','Amarelo','Cachoeiro de Itapemirim','ES','','2012-12-03','2014-02-11',null,15754);
INSERT INTO hmprojetos.servico values (15034,'PAQ','PAQ 2015.034','Regularização Residencial','700','2x','Rua Cesar Brito Portas Filho, 24','Agostinho Simonato','Cachoeiro de Itapemirim','ES','','2015-08-10','2016-01-18',null,15755);
INSERT INTO hmprojetos.servico values (114033,'PRS','PRS 2014.033','Usucapião','','','Rua Luiz Gonzaga Oliveira','São Luiz Gonzaga','Cachoeiro de Itapemirim','ES','','2014-11-20','2015-08-31',null,15756);
INSERT INTO hmprojetos.servico values (211095,'ASS','ASS 2011.095','Regularização de Obra','','','Avenida Francisco Lacerda de Aguiar, s/nº ','Amarelo','Cachoeiro de Itapemirim','ES','','2012-02-03','2015-01-28',null,15758);
INSERT INTO hmprojetos.servico values (12131,'PAQ','PAQ 2012.131','Construção Comercial','','','Av. Jones dos Santos Neves','Jardim América','','','',null,null,null,15759);
INSERT INTO hmprojetos.servico values (212257,'ASS','ASS 2012.257','Regularização Residencial','645','','Rua Victorio Checon, 5','Aeroporto','','','','2011-09-01',null,null,15760);
INSERT INTO hmprojetos.codigo_prefeitura values (588,'560','2013',212257);
INSERT INTO hmprojetos.servico values (09051,'PAQ','PAQ 2009.051','Regularização Residencial','','','Rua Victorio Checon, 5','Aeroporto','Cachoeiro de Itapemirim','ES','','2011-09-01','2011-09-01',null,15760);
INSERT INTO hmprojetos.servico values (13024,'PAQ','PAQ 2013.024','Construção Residencial','','','Rua Victorio Checon, nº 05','Aeroporto','Cachoeiro de Itapemirim','ES','','2013-03-19','2018-03-06',null,15760);
INSERT INTO hmprojetos.servico values (212152,'ASS','ASS 2012.152','Construção Uso Misto','','','Rua Costa Pereira, s/nº','Centro','','','',null,null,null,15761);
INSERT INTO hmprojetos.servico values (11052,'PAQ','PAQ 2011.052','Regularização Residencial','','','Rua Projetada - lote 5 quadra D','Distrito de São Joaquim','Cachoeiro de Itapemirim','ES','','2011-06-20','2018-03-06',null,15762);
INSERT INTO hmprojetos.servico values (210067,'ASS','ASS 2010.067','Habite-se / Certidão Detalhada','4500','4x','Rua Lucínia Braga Machado, nº 61','Abelardo Ferreira Machado','','','',null,null,null,15763);
INSERT INTO hmprojetos.servico values (214073,'ASS','ASS 2014.073','Regularização INSS','','','Rua Lucínia Braga Machado, nº 61','Abelardo Ferreira Machado','','','',null,null,null,15763);
INSERT INTO hmprojetos.servico values (209034,'ASS','ASS 2009.034','Regularização de obra 2º pav.','','','Rua Edson Zardini Peixoto, 16','Agostinho Simonato','Cachoeiro de Itapemirim','ES','','2012-01-04','2015-09-09',null,15764);
INSERT INTO hmprojetos.servico values (09061,'PAQ','PAQ 2009.061','Regularização de obra 2º pav.','','','Rua Edson Zardini Peixoto, 16','Agostinho Simonato','Cachoeiro de Itapemirim','ES','','2012-01-25','2015-09-08',null,15764);
INSERT INTO hmprojetos.servico values (213178,'ASS','ASS 2013.178','Renovação de Alvará','','','Rua Augusto Lameira, nº 12','Zumbi','','','','2013-10-14','2014-07-14',null,15765);
INSERT INTO hmprojetos.servico values (104040,'PRS','PRS 2004.040','Retificação de Área','','','','Alto União','Cachoeiro de Itapemirim','ES','','2007-01-30','2018-02-27',null,15766);
INSERT INTO hmprojetos.servico values (214124,'ASS','ASS 2014.124','Confecção de Recibo','','','Tarcísio José Silveira,n° 88','Monte Belo','Cachoeiro de Itapemirim','ES','','2014-10-07','2014-10-14',null,15767);
INSERT INTO hmprojetos.servico values (212067,'ASS','ASS 2012.067','Desmembramento Cartório','','','Rua Francisco Leal Tosta','Corrégo dos Monos','','','',null,null,null,15768);
INSERT INTO hmprojetos.servico values (213136,'ASS','ASS 2013.136','ART Escelsa','','','Rua Soldado Júlio Cesar Santos, s/nº','Alto União','','','',null,null,null,15769);
INSERT INTO hmprojetos.servico values (15004,'PAQ','PAQ 2015.004','Regularização Residencial','','','Rua José Dias Lobato, 50 a 54','Otton Marins','Cachoeiro de Itapemirim','ES','','2015-01-26','2015-09-30',null,15770);
INSERT INTO hmprojetos.servico values (15037,'PAQ','PAQ 2015.037','Ampliação Residencial 2º pavimento','','','','Otton Marins','Cachoeiro de Itapemirim','ES','29300100','2015-08-13','2019-02-11',null,15770);
INSERT INTO hmprojetos.servico values (11053,'PAQ','PAQ 2011.053','Construção Residencial','','','Rua José Parteli, nº 31','Monte Cristo','Cachoeiro de Itapemirim','ES','','2011-11-03','2018-01-18',null,15772);
INSERT INTO hmprojetos.servico values (112038,'PRS','PRS 2012.038','Usucapião','','','Rua Dr. Benedito de Souza Machado, nº5','Santa Helena','Cachoeiro de Itapemirim','ES','','2012-07-12','2017-06-28',null,15773);
INSERT INTO hmprojetos.servico values (114025,'PRS','PRS 2014.025','Croqui de Situação','','','Rua Santino Samuel de Aguiar','São Francisco de Assis','Cachoeiro de Itapemirim','ES','','2014-09-29','2014-10-09',null,15774);
INSERT INTO hmprojetos.servico values (212009,'ASS','ASS 2012.009','Regularização Residencial','','','Rua Manoel Sobrinho, 13','Monte Cristo','Cachoeiro de Itapemirim','ES','','-ci-in',null,null,15776);
INSERT INTO hmprojetos.servico values (214060,'ASS','ASS 2014.060','Cópia de projeto / Tranferência de titularidade','','','Rua Manoel Felipe Sobrinho, nº 13','Monte Cristo','','','','2014-05-05','2014-09-19',null,15776);
INSERT INTO hmprojetos.servico values (213041,'ASS','ASS 2013.041','Habite-se','','','Rua das Orquídeas, 01 - Lot. Montanha Residencial. ','Paraíso','','','',null,null,null,15777);
INSERT INTO hmprojetos.servico values (10040,'PAQ','PAQ 2010.040','Construção Residencial','','','','Marataízes','','','','2010-05-13','2010-12-20',null,15778);
INSERT INTO hmprojetos.servico values (10021,'PAQ','PAQ 2010.021','Regularização Residencial','','','Rua Gonçalves Crespo, nº 38','Paraiso','','','','2015-02-27','2015-12-07',null,15779);
INSERT INTO hmprojetos.servico values (207019,'ASS','ASS 2007.019','Transferência de Titularidade','','','Rua Manoel da Silva Mota','Village da Luz','Cachoeiro de Itapemirim','ES','','2006-12-27','2019-02-11',null,15780);
INSERT INTO hmprojetos.servico values (14077,'PAQ','PAQ 2014.077','Regularização Residencial','','','','Otton Marins','','','','2014-11-28','2015-06-26',null,15781);
INSERT INTO hmprojetos.servico values (15011,'PAQ','PAQ 2015.011','Regularização de Garagem','','','Rua Emilio Passamae, n° 44 à 46','Otton Marins','Cachoeiro de Itapemirim','ES','','2014-12-29','2018-03-06',null,15781);
INSERT INTO hmprojetos.servico values (213068,'ASS','ASS 2013.068','Certidão de Ônus','','','Avenida Alipio Gomes de Moraes, nº 24','Basileia','','','',null,null,null,15782);
INSERT INTO hmprojetos.servico values (212128,'ASS','ASS 2012.128','Envio de Arquivo','','','','','Mimoso','ES','','2012-07-10','2018-03-06',null,15783);
INSERT INTO hmprojetos.servico values (04017,'PAQ','PAQ 2004.017','Estudo Comercial - Cartório','','','','Atilio Vivacqua','','','',null,null,null,15784);
INSERT INTO hmprojetos.servico values (12103,'PAQ','PAQ 2012.103','Construção Residencial','','','Rua Izabel pereira Lima, 53','Amaral','','','',null,null,null,15785);
INSERT INTO hmprojetos.servico values (213180,'ASS','ASS 2013.180','Reforma Comercial','','','Rua Caramuru, 38','Novo Parque','Cachoeiro de Itapemirim','ES','','2019-03-08','2019-03-08',null,15786);
INSERT INTO hmprojetos.servico values (13078,'PAQ','PAQ 2013.078','Reforma Comercial','','','Rua Maranhão, 1','Santo Antônio','Cachoeiro de Itapemirim','ES','','2013-09-23','2019-03-08',null,15786);
INSERT INTO hmprojetos.servico values (10141,'PAQ','PAQ 2010.141','Construção Sub-Sede','500','','','Vargem Alta','Cachoeiro de Itapemirim','ES','','2011-03-16','2017-10-05',null,15787);
INSERT INTO hmprojetos.servico values (13045,'PAQ','PAQ 2013.045','Construção Terraço','500','2x','Rua Levino Fanzeres, 13 B','Novo Parque','Cachoeiro de Itapemirim','ES','','2013-05-06','2019-02-11',null,15788);
INSERT INTO hmprojetos.servico values (11102,'PAQ','PAQ 2011.102','Construção Residencial','','','','Village da Luz','Cachoeiro de Itapemirim','ES','','2011-08-23','2019-03-22',null,15789);
INSERT INTO hmprojetos.servico values (09065,'PAQ','PAQ 2009.065','Regularização Residencial','','','','Rui Pinto Bandeira','','','','2010-01-13','2010-12-20',null,15790);
INSERT INTO hmprojetos.servico values (10113,'PAQ','PAQ 2010.113','Estudo Residencial','','','','Aquidaban','Cachoeiro de Itapemirim','ES','','2011-01-24','2018-03-06',null,15792);
INSERT INTO hmprojetos.servico values (14022,'PAQ','PAQ 2014.022','Croqui Arquitetônico','','','','Itaipava','Itapemirim','ES','','2014-02-12','2018-03-06',null,15793);
INSERT INTO hmprojetos.servico values (114023,'PRS','PRS 2014.023','Usucapião','','','Rua Principal, s/n','Distrito de Gironda','Cachoeiro de Itapemirim','ES','','2014-09-25','2015-04-08',null,15796);
INSERT INTO hmprojetos.servico values (12095,'PAQ','PAQ 2012.095','Regularização Industrial','','','Rua Oscar Felipe Chamon, 12','Coramara','Cachoeiro de Itapemirim','ES','','2012-09-21','2018-03-06',null,15797);
INSERT INTO hmprojetos.servico values (212204,'ASS','ASS 2012.204','Acompanhamento de Processo','','','Av. Carly Levi Ramos, 37 a 47','Novo Parque','','','',null,null,null,15798);
INSERT INTO hmprojetos.servico values (13015,'PAQ','PAQ 2013.015','Projeto Muro Contenção','200','','Av. Mauro Miranda Madureira, 510-512','Elpidio Volpini (Valão)','Cachoeiro de Itapemirim','ES','','2013-02-28','2016-01-20',null,15799);
INSERT INTO hmprojetos.servico values (14054,'PAQ','PAQ 2014.054','Levantamento Arquitetônico - Incêndio','','','Rodovia 482, s/nº','Morro Grande ','Cachoeiro de Itapemirim','ES','','2014-09-10','2015-01-13',null,15799);
INSERT INTO hmprojetos.servico values (113007,'PRS','PRS 2013.007','Planta de Situação de Áreas','','','Av. Mauro Miranda Madureira, 510-512','Elpidio Volpini (Valão)','Cachoeiro de Itapemirim','ES','','2013-02-08','2013-08-16',null,15799);
INSERT INTO hmprojetos.servico values (213030,'ASS','ASS 2013.030','Cancelamento de Edificações - IPTU','','','Av. Mauro Miranda Madureira, 510-512','Elpidio Volpini (Valão)','Cachoeiro de Itapemirim','ES','','2013-02-08','2018-03-06',null,15799);
INSERT INTO hmprojetos.servico values (113002,'PRS','PRS 2013.002','Usucapião','','','Av. Mauro Miranda Madureira, 510-512','Elpidio Volpini (Valão)','Cachoeiro de Itapemirim','ES','','2013-01-04',null,null,15799);
INSERT INTO hmprojetos.servico values (14074,'PAQ','PAQ 2014.074','Construção Residencial','','','Av. Dr João de Deus Madureira Filho','Ilha da Luz','Cachoeiro de Itapemirim','ES','','2014-11-17','2018-03-08',null,15800);
INSERT INTO hmprojetos.servico values (215083,'ASS','ASS 2015.083','Prefeitura - Regularização Industrial','','','Rua Alfredo Santiago Louzada, s/nº','Marbrasa','Cachoeiro de Itapemirim','ES','','2015-07-14','2015-12-07',null,15802);
INSERT INTO hmprojetos.servico values (15024,'PAQ','PAQ 2015.024','Regularização Industrial','','','Rua Alfredo Santiago Louzada, s/nº','Marbrasa','Cachoeiro de Itapemirim','ES','','2015-06-30','2015-12-03',null,15802);
INSERT INTO hmprojetos.servico values (212198,'ASS','ASS 2012.198','Regularização Industrial / Certidão / Habite-se','','','Rua Alfredo Santiago Louzada, 04','Marbrasa','Cachoeiro de Itapemirim','ES','','2012-09-26','2013-10-30',null,15802);
INSERT INTO hmprojetos.servico values (213149,'ASS','ASS 2013.149','Certidão de 1º Lançamento de IPTU','','','Rua Projetada VII,s/n°','Marbrasa','Cachoeiro de Itapemirim','ES','','2013-08-20','2013-09-23',null,15802);
INSERT INTO hmprojetos.servico values (214136,'ASS','ASS 2014.136','Habite-se e Certidão Detalhada','','','Rua Alfredo Santiago Louzada, 04','Marbrasa','Cachoeiro de Itapemirim','ES','','2014-11-17','2015-05-15',null,15802);
INSERT INTO hmprojetos.servico values (09098,'PAQ','PAQ 2009.098','Regularização Galpão Comercial','','','','São Joaquim','Cachoeiro de Itapemirim','ES','','2012-11-14','2019-07-03',null,15802);
INSERT INTO hmprojetos.servico values (12070,'PAQ','PAQ 2012.070','Regularização Industrial','','','Rua Alfredo Santiago Louzada, 04','Marbrasa','Cachoeiro de Itapemirim','ES','','2012-08-09',null,null,15802);
INSERT INTO hmprojetos.servico values (12123,'PAQ','PAQ 2012.123','Projeto do Sistema de Tratamento de Esgoto','','','','São Joaquim','Cachoeiro de Itapemirim','ES','','2012-11-21',null,null,15802);
INSERT INTO hmprojetos.servico values (16014,'PAQ','PAQ 2016.014','Regularização Residencial','300','','Rua José Cupertino Baptista, 48','Basiléia','Cachoeiro de Itapemirim','ES','','2016-03-23',null,null,15803);
INSERT INTO hmprojetos.servico values (212171,'ASS','ASS 2012.171','Regularização de Obra','','','Rua José Cupertino Baptista, 148','Basiléia','Cachoeiro de Itapemirim','ES','','2012-09-03','2012-11-05',null,15803);
INSERT INTO hmprojetos.servico values (09027,'PAQ','PAQ 2009.027','Regularização Obra','','','','Basiléia','','','',null,null,null,15803);
INSERT INTO hmprojetos.servico values (110013,'PRS','PRS 2010.013','Usucapião','','','','São Luiz Gonzaga','Cachoeiro de Itapemirim','ES','','2010-03-24','2010-12-20',null,15804);
INSERT INTO hmprojetos.servico values (216054,'ASS','ASS 2016.054','Averbação Cartório','300','','Rua Rafael Dias pacheco, 43','Recanto','Cachoeiro de Itapemirim','ES','','2016-05-24','2017-12-20',null,15805);
INSERT INTO hmprojetos.servico values (216022,'ASS','ASS 2016.022','CND Receita Federal','300','','Rua Rafael Dias Pacheco, nº 43','Recanto','Cachoeiro de Itapemirim','ES','','2016-02-25','2016-05-27',null,15805);
INSERT INTO hmprojetos.servico values (213108,'ASS','ASS 2013.108','Habite-se / Certidão Detalhada','','','Rua Rafael Dias Pacheco, nº 43','Recanto','Cachoeiro de Itapemirim','ES','','2013-07-16','2014-06-03',null,15805);
INSERT INTO hmprojetos.servico values (12051,'PAQ','PAQ 2012.051','Regularização Residencial','','','Rua Rafael Dias Pacheco, nº 43','Recanto','','','','2012-06-08','2013-12-03',null,15805);
INSERT INTO hmprojetos.servico values (213091,'ASS','ASS 2013.091','Regularização Residencial ','','','Rua Rafael Dias Pacheco, nº 43','Recanto','Cachoeiro de Itapemirim','ES','','2012-10-31','2014-06-02',null,15805);
INSERT INTO hmprojetos.servico values (213201,'ASS','ASS 2013.201','Regularização Terraço','','','Rua Rafael Dias Pacheco, nº 43','Recanto','Cachoeiro de Itapemirim','ES','','2013-11-29','2015-08-24',null,15805);
INSERT INTO hmprojetos.servico values (210016,'ASS','ASS 2010.016','Acompanhamento de Processo','','','Rua Valter Grechi, 03','Vila Rica','','','',null,null,null,15806);
INSERT INTO hmprojetos.servico values (14009,'PAQ','PAQ 2014.009','Regularização Industrial','','','Rua 3, s/nº','São Joaquim','Cachoeiro de Itapemirim','ES','','2014-02-14','2015-03-04',null,15807);
INSERT INTO hmprojetos.servico values (212180,'ASS','ASS 2012.180','Regularização Industrial','','','Rua 3, s/nº','São Joaquim','Cachoeiro de Itapemirim','ES','','2012-09-11','2014-12-19',null,15808);
INSERT INTO hmprojetos.servico values (12086,'PAQ','PAQ 2012.086','Regularização Industrial','','','Rua 3, s/nº','São Joaquim','Cachoeiro de Itapemirim','ES','','2012-09-11','2013-01-07',null,15808);
INSERT INTO hmprojetos.servico values (14056,'PAQ','PAQ 2014.056','Levantamento Arquitetônico - Incêndio','','','Rua 3, s/nº','São Joaquim','Cachoeiro de Itapemirim','ES','','2014-09-24','2014-12-17',null,15808);
INSERT INTO hmprojetos.servico values (214142,'ASS','ASS 2014.142','Acompanhamento de Confecção de Escritura','','','Rua Jose Barbosa, nº 28 a 30','Jardim Itapemirim','Cachoeiro de Itapemirim','ES','','2014-12-02','2015-03-10',null,15809);
INSERT INTO hmprojetos.servico values (212153,'ASS','ASS 2012.153','Certidão Detalhada / Habite-se','','','Rua Maria Emília Lesqueves, 38','Coramara','','','',null,null,null,15810);
INSERT INTO hmprojetos.servico values (212259,'ASS','ASS 2012.259','Regularização Residencial - INSS','','','Rua Maria Emilia Ribeiro Lesqueves, nº 38','Coramara','','','',null,null,null,15810);
INSERT INTO hmprojetos.servico values (213168,'ASS','ASS 2013.168','Indicação Serviço','','','Rua Maria Emilia Ribeiro Lesqueves, 38','Coramara','','','',null,null,null,15810);
INSERT INTO hmprojetos.servico values (214075,'ASS','ASS 2014.075','Averbação de Imóvel','','','','Coramara','','','',null,null,null,15810);
INSERT INTO hmprojetos.servico values (211030,'ASS','ASS 2011.030','Transferência de Titularidade de IPTU','','','Rua Aberlado Barbosa nº 16','Coramara','','','',null,null,null,15811);
INSERT INTO hmprojetos.servico values (110019,'PRS','PRS 2010.019','Usucapião','','','','Aeroporto','','','','2010-05-17','2010-12-20',null,15812);
INSERT INTO hmprojetos.servico values (210059,'ASS','ASS 2010.059','Pedido de Cópia de Projeto','','','Rua Apostolo Pedro, 29','Rui Pinto Bandeira','Cachoeiro de Itapemirim','ES','','2012-05-04','2012-11-05',null,15813);
INSERT INTO hmprojetos.servico values (212213,'ASS','ASS 2012.213','Desmembramento','','','Rua Silvino Ambrósio, Lote 9 - Quadra F','Boa Vista','Cachoeiro de Itapemirim','ES','','2012-03-22','2014-03-24',null,15813);
INSERT INTO hmprojetos.servico values (213200,'ASS','ASS 2013.200','Desmembramento - Cartório','','','Rua Silvino Ambrósio, Lote 9 - Quadra F','Boa Vista','Cachoeiro de Itapemirim','ES','','2014-01-24','2014-07-23',null,15813);
INSERT INTO hmprojetos.servico values (12116,'PAQ','PAQ 2012.116','Substituição do Projeto','','','Rua Apostolo Pedro, 29','Rui Pinto Bandeira','Cachoeiro de Itapemirim','ES','','2012-11-05','2016-01-19',null,15813);
INSERT INTO hmprojetos.servico values (112029,'PRS','PRS 2012.029','Desmembramento','','','Rua Silvino Ambrósio, Lote 9 - Quadra F','Boa Vista','Cachoeiro de Itapemirim','ES','','2012-05-10','2014-03-24',null,15813);
INSERT INTO hmprojetos.servico values (213031,'ASS','ASS 2013.031','Substituição de Projeto','','','Rua Apostolo Pedro, nº 29','Rui Pinto Bandeira','Cachoeiro de Itapemirim','ES','','2013-10-18',null,null,15813);
INSERT INTO hmprojetos.servico values (10138,'PAQ','PAQ 2010.138','Regularização do Galpão','','','Rua Silvino Ambrósio, Lote 9 - Quadra F','Boa Vista','Cachoeiro de Itapemirim','ES','','2012-05-05','2018-03-08',null,15813);
INSERT INTO hmprojetos.servico values (213059,'ASS','ASS 2013.059','Vistoria Técnica','','','Rua Carlos Marão s/nº','BNH de Cima','','','',null,null,null,15814);
INSERT INTO hmprojetos.servico values (112033,'PRS','PRS 2012.033','Usucapião','','','Rua Abilio Cicilioti e Aylton Coelho','Vila Rica','','','',null,null,null,15815);
INSERT INTO hmprojetos.servico values (212172,'ASS','ASS 2012.172','Aulas Autocad','','','Av. Mauro Miranda Madureira, 493','Coramara','','','',null,null,null,15816);
INSERT INTO hmprojetos.servico values (212227,'ASS','ASS 2012.227','ART Escelsa','','','Av. José Rosa Machado, 249','Novo Parque','','','',null,null,null,15818);
INSERT INTO hmprojetos.servico values (212185,'ASS','ASS 2012.185','Licença para Ampliação 1º pavimento - Prefeitura','','','Beco Florentino Vantil, 17','Paraíso','Cachoeiro de Itapemirim','ES','','2012-09-13','2013-08-05',null,15819);
INSERT INTO hmprojetos.servico values (213135,'ASS','ASS 2013.135','Comissão Estrutural','','','Beco Florentino Vantil, 17','Paraíso','Cachoeiro de Itapemirim','ES','','2013-07-29',null,null,15819);
INSERT INTO hmprojetos.servico values (12054,'PAQ','PAQ 2012.054','Construção Residencial','','','Beco Florentino Vantil, 17','Paraíso','Cachoeiro de Itapemirim','ES','29304250','2012-08-02','2018-04-04',null,15819);
INSERT INTO hmprojetos.servico values (13089,'PAQ','PAQ 2013.089','Construção Residencial','','','','São Simão','','','',null,null,null,15820);
INSERT INTO hmprojetos.servico values (213129,'ASS','ASS 2013.129','Licença para Construção','','','Rua Rodrigues Soares','IBC','','','',null,null,null,15821);
INSERT INTO hmprojetos.servico values (13026,'PAQ','PAQ 2013.026','Construção Residencial','','','Rua Rodrigues Soares','IBC','','','',null,null,null,15821);
INSERT INTO hmprojetos.servico values (213072,'ASS','ASS 2013.072','Retificação de Área','','','Rua Virgílio Alves, nº19','Ibitiquara','Cachoeiro de Itapemirim','ES','','2013-04-24','2015-03-19',null,15822);
INSERT INTO hmprojetos.servico values (12019,'PAQ','PAQ 2012.019','Regularização Residencial','1580','','Rua Virgílio Alves, nº19','Ibitiquara','Cachoeiro de Itapemirim','ES','','2012-05-21','2012-12-27',null,15822);
INSERT INTO hmprojetos.servico values (112075,'PRS','PRS 2012.075','Retificação de Área','','','Rua Virgílio Alves, nº19','Ibitiquara','Cachoeiro de Itapemirim','ES','','2012-12-27','2013-04-24',null,15822);
INSERT INTO hmprojetos.servico values (14010,'PAQ','PAQ 2014.010','Reforma Residencial ','','','','Aeroporto','Cachoeiro de Itapemirim','ES','','2014-02-18','2014-04-04',null,15824);
INSERT INTO hmprojetos.servico values (110028,'PRS','PRS 2010.028','Usucapião','','','Rua Galgano Moreira de Souza','Vila Rica','Cachoeiro de Itapemirim','ES','','2010-04-28','2018-01-27',null,15826);
INSERT INTO hmprojetos.servico values (217007,'ASS','ASS 2017.007','Atualizar IPTU','500','2x','Rua Euclides da Cunha, 35','Paraiso','Cachoeiro de Itapemirim','ES','','2017-02-16',null,null,15829);
INSERT INTO hmprojetos.servico values (213045,'ASS','ASS 2013.045','Renovação de Alvará','','','Rua Euclides da Cunha, 35','Paraíso','Cachoeiro de Itapemirim','ES','','2013-02-05','2013-07-19',null,15829);
INSERT INTO hmprojetos.servico values (211068,'ASS','ASS 2011.068','Localização de Lote','','','Rua Dr. Justino Hemrly Elias - lote 18','Gilberto Machado','Cachoeiro de Itapemirim','ES','','2011-09-28','2013-05-18',null,15829);
INSERT INTO hmprojetos.servico values (112015,'PRS','PRS 2012.015','Usucapião','','','Rua Isaac Aguiar, nº02','Jardim Itapemirim','','','',null,null,null,15831);
INSERT INTO hmprojetos.servico values (212166,'ASS','ASS 2012.166','Confecção de Declaração','','','Rua Willis Manhães, 10','Agostinho Simonato','','','',null,null,null,15833);
INSERT INTO hmprojetos.servico values (211142,'ASS','ASS 2011.142','Substituição de Projeto','','','','Coramara','','','',null,null,null,15834);
INSERT INTO hmprojetos.servico values (212005,'ASS','ASS 2012.005','Desarquivamento de Pocesso','','','Rodovia ES 482','BNH de Cima','','','',null,null,null,15835);
INSERT INTO hmprojetos.servico values (113032,'PRS','PRS 2013.032','Usucapião','','','Rua Fausto Mercon, nº 31','Alto Monte Cristo','Cachoeiro de Itapemirim','ES','','2013-06-18','2018-01-26',null,15836);
INSERT INTO hmprojetos.servico values (115022,'PRS','PRS 2015.022','Usucapião','900','','Rua Marcelino Pinto nº12','Basilio Pimenta','Cachoeiro de Itapemirim','ES','','2015-07-31','2019-02-11',null,15837);
INSERT INTO hmprojetos.servico values (12096,'PAQ','PAQ 2012.096','Regularização Residencial','','','Rua Walfrido Alves Machado, 26','Bom Pastor','','','',null,null,null,15838);
INSERT INTO hmprojetos.servico values (213132,'ASS','ASS 2013.132','Regularização Residencial','','','Rua Elvira Boghi Louzada, nº 05','Aeroporto','Cachoeiro de Itapemirim','ES','','2013-07-24','2016-05-31',null,15839);
INSERT INTO hmprojetos.codigo_prefeitura values (589,'26739','2013',213132);
INSERT INTO hmprojetos.servico values (13047,'PAQ','PAQ 2013.047','Regularização Residencial','','','Rua Elvira Boghi Louzada, nº 05','Aeroporto','Cachoeiro de Itapemirim','ES','','2013-06-11','2016-05-31',null,15839);
INSERT INTO hmprojetos.servico values (114017,'PRS','PRS 2014.017','Usucapião','500','5x','Rua Elvira Boghi Louzada, nº 25.','Aeroporto','Cachoeiro de Itapemirim','ES','','2014-06-18','2019-01-10',null,15839);
INSERT INTO hmprojetos.servico values (212062,'ASS','ASS 2012.062','Investigação de Divida Ativa','','','Rua Dr. Justino Hemerly Elias','Amarelo','Cachoeiro de Itapemirim','ES','','-ci-in',null,null,15840);
INSERT INTO hmprojetos.servico values (14080,'PAQ','PAQ 2014.080','Levantamento Arquitetônico (substituição)','','','Rua Dr Justino Hemerly Elias, nº 51/55','Amarelo','Cachoeiro de Itapemirim','ES','',null,'2016-09-24',null,15840);
INSERT INTO hmprojetos.servico values (215058,'ASS','ASS 2015.058','Regularização INSS','','','Rua Dr Justino Hermerly Elias, nº 51 a 55','Amarelo','Cachoeiro de Itapemirim','ES','','2015-06-11',null,null,15840);
INSERT INTO hmprojetos.servico values (212197,'ASS','ASS 2012.197','Reserva Florestal','','','A direita Rodovia Cachoeiro x Alegre - ES 482','Morro Grande','Cachoeiro de Itapemirim','ES','','2012-09-25','2013-07-29',null,15843);
INSERT INTO hmprojetos.servico values (213103,'ASS','ASS 2013.103','Acompanhamento Usucapião (Assessoria)','','','Fazenda Santa Clara','Morro Grande','Cachoeiro de Itapemirim','ES','','2013-06-13','2013-11-26',null,15843);
INSERT INTO hmprojetos.servico values (213203,'ASS','ASS 2013.203','Acompanhamento Georeferenciamento','3200','2x','Fazenda Santa Clara','Morro Grande','Cachoeiro de Itapemirim','ES','','2013-11-25','2018-01-26',null,15843);
INSERT INTO hmprojetos.servico values (112052,'PRS','PRS 2012.052','Reserva Florestal','','','A direita Rodovia Cachoeiro x Alegre - ES 482','Morro Grande','Cachoeiro de Itapemirim','ES','','2012-09-05','2013-07-29',null,15843);
INSERT INTO hmprojetos.servico values (112008,'PRS','PRS 2012.008','Usucapião','','','Rua Cicero Calmon de Aguiar','Oton Marins','','','',null,null,null,15845);
INSERT INTO hmprojetos.servico values (216073,'ASS','ASS 2016.073','Retificação Cartório','400','','Rua Miguel Dias Jaques, n° 26 a 36','Teixeira Leite','Cachoeiro de Itapemirim','ES','','2016-08-16',null,null,15846);
INSERT INTO hmprojetos.servico values (10090,'PAQ','PAQ 2010.090','Construção Comercial','','','Rua Miguel Dias Jacques, 18','Teixeira Leite','Cachoeiro de Itapemirim','ES','','2010-10-05','2015-04-16',null,15846);
INSERT INTO hmprojetos.servico values (114020,'PRS','PRS 2014.020','Usucapião','','','Rua Maurilio Coelho','Ilha da Luz','Cachoeiro de Itapemirim','ES','','2014-07-31','2014-10-15',null,15846);
INSERT INTO hmprojetos.servico values (115013,'PRS','PRS 2015.013','Retificação de Àrea','','','Rua Miguel Dias Jaques, n° 26 a 36','Teixeira Leite','Cachoeiro de Itapemirim','ES','','2015-04-01','2015-06-19',null,15846);
INSERT INTO hmprojetos.servico values (214138,'ASS','ASS 2014.138','Acompanhamento de Usucapião','2500','','Rua Maurilio Coelho, s/n','Ilha da Luz','Cachoeiro de Itapemirim','ES','','2014-11-27',null,null,15846);
INSERT INTO hmprojetos.servico values (15012,'PAQ','PAQ 2015.012','Construção Residencial','','','Rua Projetada','Jardim Itapemirim','Cachoeiro de Itapemirim','ES','','2015-03-06','2018-01-26',null,15849);
INSERT INTO hmprojetos.servico values (14006,'PAQ','PAQ 2014.006','Croqui Arquitetônico (Entreposto Pesqueiro)','','','Avenida Edevaldo Alves Coimbra, s/nº','Itaipava','','','','2014-01-23','2015-10-05',null,15851);
INSERT INTO hmprojetos.servico values (113001,'PRS','PRS 2013.001','Usucapião','','','Rua João Carriço de Queiróz, 44','Monte Cristo','','','',null,null,null,15852);
INSERT INTO hmprojetos.servico values (213010,'ASS','ASS 2013.010','Indicação de Serviço / Confecção de ART','','','Rua das Palmeiras, 6','Alto Amarelo','Cachoeiro de Itapemirim','ES','','2013-01-21','2013-02-05',null,15853);
INSERT INTO hmprojetos.servico values (12002,'PAQ','PAQ 2012.002','Construção Residencial','','','Ruas das Palmeiras e Luiz Gonzaga Santos','Alto Amarelo','','','',null,null,null,15853);
INSERT INTO hmprojetos.servico values (111041,'PRS','PRS 2011.041','Usucapião','','','Rua Santos Dumond, 25','Alto Amarelo','','','',null,null,null,15853);
INSERT INTO hmprojetos.servico values (213049,'ASS','ASS 2013.049','Licença para Construção','','','Rua Tupinambás, 23','Aquidaban','Cachoeiro de Itapemirim','ES','',null,null,null,15855);
INSERT INTO hmprojetos.servico values (213075,'ASS','ASS 2013.075','Retificação de Área','','','Rua Tupinambás, nº 39 a 41','Aquidaban','Cachoeiro de Itapemirim','ES','','2013-04-26','2018-03-09',null,15855);
INSERT INTO hmprojetos.servico values (13020,'PAQ','PAQ 2013.020','Construção Residencial','','','Rua Tupinambás, 23','Aquidaban','Cachoeiro de Itapemirim','ES','','2013-03-18','2018-03-08',null,15855);
INSERT INTO hmprojetos.servico values (113017,'PRS','PRS 2013.017','Retificação de Área','','','Rua Tupinambas','Aquidaban','Cachoeiro de Itapemirim','ES','','2013-04-12','2013-04-26',null,15855);
INSERT INTO hmprojetos.servico values (211080,'ASS','ASS 2011.080','Regularização Residencial','','','Rua Vitório Batista, nº 19','Baiminas','Cachoeiro de Itapemirim','ES','','2012-03-07','2018-03-08',null,15856);
INSERT INTO hmprojetos.servico values (115015,'PRS','PRS 2015.015','Usucapião','','','Rua Yolanda Scarpi Marchetti','Vila Rica','','','',null,null,null,15857);
INSERT INTO hmprojetos.servico values (115018,'PRS','PRS 2015.018','Usucapião','','','Rua Alfredo Levy, n° 132 a 136','Novo Parque','','','',null,'2015-08-06',null,15858);
INSERT INTO hmprojetos.servico values (215040,'ASS','ASS 2015.040','Desmembramento','','','Rua Marcolino Lino de Novaes, n°88','Vila Rica','Cachoeiro de Itapemirim','ES','','2015-04-20','2015-09-25',null,15859);
INSERT INTO hmprojetos.servico values (115009,'PRS','PRS 2015.009','Desmembramento de Àrea','','','Rua Marcolino Lino de Novaes, n°88','Vila Rica','Cachoeiro de Itapemirim','ES','','2015-03-18','2015-04-20',null,15859);
INSERT INTO hmprojetos.servico values (212025,'ASS','ASS 2012.025','Habite-se','','','Rua Alcebíades José Sobreira, 32','BNH de Cima','','','',null,null,null,15860);
INSERT INTO hmprojetos.servico values (213058,'ASS','ASS 2013.058','Instalação de AutoCad','','','','BNH','','','',null,null,null,15860);
INSERT INTO hmprojetos.servico values (214003,'ASS','ASS 2014.003','Instalação de Auto Cad','','','','','','','',null,null,null,15860);
INSERT INTO hmprojetos.servico values (212004,'ASS','ASS 2012.004','Aulas Autocad','','','','','','','',null,null,null,15861);
INSERT INTO hmprojetos.servico values (207004,'ASS','ASS 2007.004','Substituição de Projeto','','','Av. Aristides Campos, 21','Santo Antônio','Cachoeiro de Itapemirim','ES','','2008-08-18','2012-11-07',null,15862);
INSERT INTO hmprojetos.servico values (11125,'PAQ','PAQ 2011.125','Desmembramento de Lojas','300','','Rua Jeronimo Ribeiro, nº 81','Amarelo','Cachoeiro de Itapemirim','ES','','2011-11-03',null,null,15862);
INSERT INTO hmprojetos.servico values (113018,'PRS','PRS 2013.018','Usucapião','','','Avenida Aristídes Campos, 67','Santo Antônio','Cachoeiro de Itapemirim','ES','','2013-04-11','2013-09-13',null,15862);
INSERT INTO hmprojetos.servico values (214114,'ASS','ASS 2014.114','Transferência de titularidade','','','','Arariguaba','','','',null,null,null,15863);
INSERT INTO hmprojetos.servico values (212094,'ASS','ASS 2012.094','Regularização Comercial','','','Rod. Cachoeiro X Safra','União','Cachoeiro de Itapemirim','ES','','2012-05-18','2015-07-20',null,15864);
INSERT INTO hmprojetos.servico values (213123,'ASS','ASS 2013.123','Croqui de Situação','','','Rod. Cachoeiro X Safra','União','Cachoeiro de Itapemirim','ES','','2013-07-08','2013-07-12',null,15864);
INSERT INTO hmprojetos.servico values (14005,'PAQ','PAQ 2014.005','Croqui Arquitetônico','','','Rod. Cachoeiro X Safra','União','','','',null,null,null,15864);
INSERT INTO hmprojetos.servico values (16044,'PAQ','PAQ 2016.044','Construção 4º Pavimento','1600','4x','Rua Pedro Quinelato, 65','Ferroviários','Cachoeiro de Itapemirim','ES','29308071','2016-09-30','2017-11-10',null,15869);
INSERT INTO hmprojetos.servico values (15035,'PAQ','PAQ 2015.035','Ampliação Residencial','1305','','Rua Pedro Quinelato, 80','Ferroviários','Cachoeiro de Itapemirim','ES','','2015-07-14','2016-03-03',null,15869);
INSERT INTO hmprojetos.servico values (215089,'ASS','ASS 2015.089','Acompanhamento Usucapião - Menor','2450','7x','Rua Luiz Gonzaga de Oliveira, 35 a 39','São Luiz Gonzaga','Cachoeiro de Itapemirim','ES','','2015-08-13',null,null,15872);
INSERT INTO hmprojetos.servico values (215090,'ASS','ASS 2015.090','Acompanhamento Usucapião - Terreno Grande','2450','7x','Rua Luiz Gonzaga de Oliveira, 41 a 55','São Luiz Gonzaga','Cachoeiro de Itapemirim','ES','','2015-08-13',null,null,15872);
INSERT INTO hmprojetos.servico values (115024,'PRS','PRS 2015.024','Usucapião','','','Rua Projetada - lote 6','Gilberto Machado','Cachoeiro de itapemirim','ES','','2015-08-14','2018-08-30',null,15873);
INSERT INTO hmprojetos.servico values (15022,'PAQ','PAQ 2015.022','Construção Residencial','','','Rua das Amoreiras, s/nº','Monte Belo','Cachoeiro de Itapemirim','ES','','2015-06-17','2015-07-06',null,15875);
INSERT INTO hmprojetos.servico values (115027,'PRS','PRS 2015.027','Croqui de Situação','','','Rua Projetada','Arariguaba','Cachoeiro de Itapemirim','ES','','2015-08-28','2015-10-14',null,15875);
INSERT INTO hmprojetos.servico values (115028,'PRS','PRS 2015.028','Croqui de Situação','','','Rua Papa João Paulo II','Vila Rica ','Cachoeiro de Itapemirim','ES','','2015-08-29','2015-10-01',null,15876);
INSERT INTO hmprojetos.servico values (215094,'ASS','ASS 2015.094','Elaboração declaração','','','Rua Manoel Domingos Monteiro, 33/37','Nova Brasília','Cachoeiro de Itapemirim','ES','','2015-09-04','2017-10-31',null,15877);
INSERT INTO hmprojetos.servico values (215098,'ASS','ASS 2015.098','Transferência de Escritura','450','','Rua Pernambuco, 337','Ilmenita','Marataízes','ES','','2015-09-15','2016-03-08',null,15877);
INSERT INTO hmprojetos.servico values (15039,'PAQ','PAQ 2015.039','Construção Comercial','','','Avenida Francisco lacerda de Aguiar','Amarelo','Cachoeiro de Itapemirim','ES','','2015-09-09','2015-10-23',null,15878);
INSERT INTO hmprojetos.servico values (15040,'PAQ','PAQ 2015.040','Croqui Arquitetônico','','','Rodovia Cachoeiro x Muqui','Aeroporto','Cachoeiro de Itapemirim','ES','','2015-09-08','2015-09-30',null,15879);
INSERT INTO hmprojetos.servico values (15041,'PAQ','PAQ 2015.041','Reforma Residencial ','','','Rua Dulce Santos','Basiléia','Cachoeiro de Itapemirim','ES','','2015-09-16','2016-01-06',null,15880);
INSERT INTO hmprojetos.servico values (15043,'PAQ','PAQ 2015.043','Croqui Arquitetônico','','','Rua Eduardo Gomes, 25','Eupídio Volini','Cachoeiro de Itapemirim','ES','','2015-09-24','2018-03-17',null,15882);
INSERT INTO hmprojetos.servico values (15044,'PAQ','PAQ 2015.044','Reforma Religiosa','300','','Rua Antônio Pimentel de Jesus','Distrito de Córrego dos Monos','Cachoeiro de Itapemirim','ES','29328000','2015-09-26','2019-08-26',null,15884);
INSERT INTO hmprojetos.servico values (15045,'PAQ','PAQ 2015.045','Regularização Residencial','2000','','Rua Amélio Ronquete','Vila Rica','Cachoeiro de Itapemirim','ES','','2015-09-29','2015-12-03',null,15885);
INSERT INTO hmprojetos.servico values (111027,'PRS','PRS 2011.027','Usucapião','','','Rodovia BR 482 km 7','União','Cachoeiro de Itapemirim','ES','','2011-01-01','2011-01-01',null,15886);
INSERT INTO hmprojetos.servico values (215106,'ASS','ASS 2015.106','Elaboração de ART','','','Rua 19','Paraiso','Cachoeiro de Itapemirim','ES','','2015-10-08','2015-10-21',null,15887);
INSERT INTO hmprojetos.servico values (15047,'PAQ','PAQ 2015.047','Croqui Arquitetônico Para Projeto de Incêndio','4500','','ES','Cachoeiro de Itapemirim','Independência','Avenida Monte Castelo','','2015-10-21','2019-06-28',null,15888);
INSERT INTO hmprojetos.servico values (15048,'PAQ','PAQ 2015.048','Regularização Residencial','','','Auzilhia Greque Lunz, 14','Alto Independência','Cachoeiro de Itapemirim','ES','','2015-10-20','2019-09-02',null,15889);
INSERT INTO hmprojetos.servico values (215112,'ASS','ASS 2015.112','Apoio Processo Prefeitura','','','Rua João francisco Vieira, 36','Basiléia','Cachoeiro de Itapemirim','ES','','2015-10-31',null,null,15890);
INSERT INTO hmprojetos.servico values (15049,'PAQ','PAQ 2015.049','Ampliação Residencial','','','Rua Capitão José Vieira','Vila Rica','Cachoeiro de Itapemirim','ES','','2015-10-31','2016-05-17',null,15891);
INSERT INTO hmprojetos.servico values (12120,'PAQ','PAQ 2012.120','Rebaixamento do Teto','','','Estrada de São Vicente','Fruteiras','Cachoeiro de Itapemirim','ES','','2012-11-17','2013-01-12',null,15892);
INSERT INTO hmprojetos.servico values (15050,'PAQ','PAQ 2015.050','Construção Religiosa','','','Zona Rural - Estrada de São Vicente','Fruteiras - Itaoca','Cachoeiro de Itapemirim','ES','','2015-11-04','2016-02-12',null,15892);
INSERT INTO hmprojetos.servico values (15052,'PAQ','PAQ 2015.052','Reforma Residencial','','','Avn. Jones dos Santos Neves','Agosinho Simonato','Cachoeiro de Itapemirim','ES','','2015-11-06','2016-01-06',null,15893);
INSERT INTO hmprojetos.servico values (215115,'ASS','ASS 2015.115','Transferência Escritura','','','Rua Atanagildo de Araújo','IBC','Cachoeiro de Itapemirim','ES','','2015-04-01','2019-03-18',null,15894);
INSERT INTO hmprojetos.servico values (15054,'PAQ','PAQ 2015.054','Construção Religiosa','','','','Vila Bethânia','Venda Nova do Imigrante','ES','','2015-11-14','2018-01-11',null,15895);
INSERT INTO hmprojetos.servico values (15055,'PAQ','PAQ 2015.055','Reforma e Ampliação Religiosa','','','Pindobas','Vargem Grande','Venda Nova do Imigrante','ES','','2015-11-14','2018-02-20',null,15896);
INSERT INTO hmprojetos.servico values (115034,'PRS','PRS 2015.034','Levantamento Topográfico','','','','Vila Rica','Cachoeiro de Itapemirim','ES','','2015-11-14','2018-03-07',null,15897);
INSERT INTO hmprojetos.servico values (215129,'ASS','ASS 2015.129','Procurar "Maria da Gloria Santos"','','','Rua Clementina de Jesus, 52 a 56','Coramara','Cachoeiro de Itapemirim','ES','','2015-12-30','2019-03-29',null,15898);
INSERT INTO hmprojetos.servico values (115036,'PRS','PRS 2015.036','Usucapião','500','2x','Rua Virgílio Pessine, 7','Rui Pinto Bandeira','Cachoeiro de Itapemirim','ES','','2015-12-02','2016-01-13',null,15899);
INSERT INTO hmprojetos.servico values (115037,'PRS','PRS 2015.037','Croqui de Situação','','','Rua Nilton Fardim Perim','Vila Rica','Cachoeiro de Itapemirim','ES','','2015-12-03','2015-12-15',null,15900);
INSERT INTO hmprojetos.servico values (16045,'PAQ','PAQ 2016.045','Construção Residencial','2750','5x','Rua Jorcelino Lucas Pereira, 21 a 23','Monte Cristo','Cachoeiro de Itapemirim','ES','29312075','2016-10-03',null,null,15901);
INSERT INTO hmprojetos.link_externo values (1169,'IPTU 28657','http://www2.cachoeiro.es.gov.br:8080/ZimWeb/servlet/ZII?connection=producao&program=pwci001&vudTipoDocum=9&vudNoDocum=28657&vexercicio=2019',16045);
INSERT INTO hmprojetos.link_externo values (1170,'CND 28657','http://www2.cachoeiro.es.gov.br:8080/ZimWeb/servlet/ZII?vudTipoDocum=3&vudNoDocum=28657&debug=true&connection=producao&program=pwud001&template=%28vudTipoDocum%2CvudNoDocum%2CvudFinalidade%29&B1=Pesquisar',16045);
INSERT INTO hmprojetos.servico values (15056,'PAQ','PAQ 2015.056','Regularização','1200','3x','Rua Mileto Louzada, 62 a 68','Otton Marins','Cachoeiro de Itapemirim','ES','','2015-12-10','2016-03-14',null,15902);
INSERT INTO hmprojetos.servico values (15057,'PAQ','PAQ 2015.057','Janelas - Igreja Santa Terezinha (Coramara)','150','','','Coramara','Cachoeiro de Itapemirim','ES','','2015-12-18','2018-07-12',null,15905);
INSERT INTO hmprojetos.servico values (215128,'ASS','ASS 2015.128','Regularização Residencial','','','Rua Antônio Cardoso Coelho, Nº 70','Alto Monte Cristo','Cachoeiro de Itapemirim','ES','','2015-12-18','2019-08-17',null,15906);
INSERT INTO hmprojetos.servico values (11010,'PAQ','PAQ 2011.010','Substituição / Regularização','','','Roa Antônio Miguel, nº 10','Santa Helena','Cachoeiro de Itapemirim','ES','','2015-12-18','2019-03-20',null,15907);
INSERT INTO hmprojetos.servico values (216001,'ASS','ASS 2016.001','Acompanhamento EIV','8000','','Rod. Mauro Miranda Madureira','Coramara','Cachoeiro de Itapemirim','ES','','2016-01-06','2016-07-15',null,16001);
INSERT INTO hmprojetos.servico values (216006,'ASS','ASS 2016.006','Fração Ideal','50','','Rua Projetada, Lote nº 30 da Quadra "D"','Vila Esperança','Vargem Alta','ES','','2016-01-13','2016-02-11',null,16003);
INSERT INTO hmprojetos.servico values (16003,'PAQ','PAQ 2016.003','Regularização Educacional','4048','3x','Rua Godofredo adversi, 06','Monte Cristo','Cachoeiro de Itapemirim','ES','','2015-11-20','2016-09-08',null,16004);
INSERT INTO hmprojetos.servico values (216009,'ASS','ASS 2016.009','Apoio cadastramento de imóvel Urbano','','','Rua do Campo de Aviação','Aeroporto','Cachoeiro de Itapemirim','ES','','2016-01-21','2019-08-17',null,16006);
INSERT INTO hmprojetos.servico values (216042,'ASS','ASS 2016.042','Alvara de Regularização','','','Av. Dalila Moreira Ferraço, 25','Coramara','Cachoeiro de Itapemirim','ES','29313324','2016-04-07',null,null,16007);
INSERT INTO hmprojetos.servico values (16007,'PAQ','PAQ 2016.007','Ampliação Residencial','900','3x','Rua Tercio do Rosário, 25','Jardim Itapemirim','Cachoeiro de Itapemirim','ES','','2016-02-03','2016-03-05',null,16010);
INSERT INTO hmprojetos.servico values (16010,'PAQ','PAQ 2016.010','Regularização Comercial','2000','','Avenida Mauro Miranda Madureira, 35','Teixeira Leite','Cachoeiro de Itapemirim','ES','','2016-03-01','2016-03-16',null,16013);
INSERT INTO hmprojetos.servico values (216028,'ASS','ASS 2016.028','Acompanhamento de Inventário','900','','Rua Maurilio Coelho, 126','Ilha da Luz','Cachoeiro de Itapemirim','ES','','2016-03-10',null,null,16015);
INSERT INTO hmprojetos.servico values (16013,'PAQ','PAQ 2016.013','Regularização Residencial','800','2x','Rua Manoel de Oliveira e Souza, 45','Alto Independência','Cachoeiro de Itapemirim','ES','','2016-03-18','2016-06-11',null,16019);
INSERT INTO hmprojetos.servico values (116003,'PRS','PRS 2016.003','Usucapião','700','','Av. Domingos Martins','Alto Xodo','Marataízes','ES','','2016-03-23','2016-03-31',null,16020);
INSERT INTO hmprojetos.servico values (116004,'PRS','PRS 2016.004','Croqui de Situação','400','','Rua Itajuba','Amarelo','Cachoeiro de Itapemirim','ES','','2016-03-19','2016-04-15',null,16021);
INSERT INTO hmprojetos.servico values (116005,'PRS','PRS 2016.005','Usucapião','400','','Rua Francisco Secchim, lote 41 - Quadra 33','loteamento Coramara 2 - Gilson Carone','Cachoeiro de Itapemirim','ES','29310526','2016-03-26','2016-05-07',null,16022);
INSERT INTO hmprojetos.servico values (16017,'PAQ','PAQ 2016.017','Construção Residencial 2º Pavimento','','','Rua Paulo Afonso','Monte Cristo','Cachoeiro de Itapemirim','ES','29312503','2016-04-08','2018-02-19',null,16024);
INSERT INTO hmprojetos.servico values (116008,'PRS','PRS 2016.008','Planta Usucapião','600','','Rua Luiz Alves, 08','Sumaré','Cachoeiro de Itapemirim','ES','','2016-04-11','2016-04-25',null,16027);
INSERT INTO hmprojetos.servico values (16019,'PAQ','PAQ 2016.019','Regularização Residencial ','900','2x','Rua Marcolino Lino de Moraes, 19','Vila Rica','Cachoeiro de Itapemirim','ES','','2016-04-25','2016-05-27',null,16028);
INSERT INTO hmprojetos.servico values (16021,'PAQ','PAQ 2016.021','Regularização Industrial','1915','3x','Rodovia BR 101 Km 407','Ilha Grande','Itapemirim','ES','','2016-04-29','2016-05-25',null,16030);
INSERT INTO hmprojetos.codigo_prefeitura values (590,'1826','2017',16021);
INSERT INTO hmprojetos.servico values (116020,'PRS','PRS 2016.020','Croqui de Situação','250','','Rua Capivari','Independência','Cachoeiro de Itapemirim','ES','','2016-08-01','2016-08-31',null,16031);
INSERT INTO hmprojetos.servico values (16022,'PAQ','PAQ 2016.022','Levantamento Arquitetônico','800','2x','Edifico Terrazi Vardi - APT 401','Gilberto Machado','Cachoeiro de Itapemirim','ES','','2016-05-06','2016-05-17',null,16031);
INSERT INTO hmprojetos.servico values (16025,'PAQ','PAQ 2016.025','Construção Residencial','750','','Rua Vinícius de Moraes','Joacima - Itaoca praia','Itapemirim','ES','','2016-05-25','2016-07-13',null,16034);
INSERT INTO hmprojetos.servico values (116023,'PRS','PRS 2016.023','Retificação de Area','600','','Rua Projetada','Praia de Itaoca','Itapemirim','ES','','2016-09-01','2017-01-27',null,16037);
INSERT INTO hmprojetos.servico values (216060,'ASS','ASS 2016.060','Retificação de Área','600','2x','Rua Belo Horizonte','Praia de Itaipava','Itapemirim','ES','','2016-06-08',null,null,16037);
INSERT INTO hmprojetos.servico values (116012,'PRS','PRS 2016.012','Coqui de Situação','100','','Rua João Tosta, 19','Centro','Atílio Vivacqua','ES','','2016-06-14','2016-06-15',null,16038);
INSERT INTO hmprojetos.servico values (16029,'PAQ','PAQ 2016.029','Reforma Presbitério','800','2x','Rua Projetada','Localidade São Pedro','Atílio Vivacqua','ES','','2016-05-11','2018-02-22',null,16039);
INSERT INTO hmprojetos.servico values (16028,'PAQ','PAQ 2016.028','Reforma da Torre e Fachada','1200','2x','Rua Projetada','Localidade São Pedro','Atílio Vivacqua','ES','29490000','2018-06-29',null,null,16039);
INSERT INTO hmprojetos.servico values (16032,'PAQ','PAQ 2016.032','Construção Comercial','1250','','Rua Carlos Vianna','Coutinho','Cachoeiro de Itapemirim','ES','29302984','2016-06-21','2019-03-29',null,16042);
INSERT INTO hmprojetos.servico values (116014,'PRS','PRS 2016.014','Planta para Usucapião','400','2x','Rua Jovelina Conceição de Paiva','Alto Independência','Cachoeiro de Itapemirim','ES','','2016-06-23','2019-04-09',null,16043);
INSERT INTO hmprojetos.servico values (12080,'PAQ','PAQ 2012.080','Construção Comercial','1750','3x','Rua Projetada','Morro Grande','Cachoeiro de Itapemirim','ES','','2012-08-22','2016-07-21',null,16046);
INSERT INTO hmprojetos.servico values (16034,'PAQ','PAQ 2016.034','Estrutural Barragem','400','','Sitio Canto da Roça','Santa Marta','Mimoso do Sul','ES','','2016-07-13','2016-07-27',null,16047);
INSERT INTO hmprojetos.servico values (16036,'PAQ','PAQ 2016.036','Construção Residencial','2160','','Rua Horácio Leandro, 41/43','Basiléia','Cachoeiro de Itapemirim','ES','','2016-07-11','2016-12-23',null,16051);
INSERT INTO hmprojetos.servico values (16040,'PAQ','PAQ 2016.040','Regularização Residencial','2500','5x','Rua Ernandes duarte da Fonseca','Agostinho Simonato','Cachoeiro de Itapemirim','ES','','2016-05-30','2017-06-22',null,16052);
INSERT INTO hmprojetos.servico values (116021,'PRS','PRS 2016.021','Croqui de Situação','1500','3x','Rua João Eneas Moraes','Bairro Estelita Coelho Marins','Cachoeiro de Itapemirim','ES','29302000','2016-08-05',null,null,16053);
INSERT INTO hmprojetos.servico values (16041,'PAQ','PAQ 2016.041','Croqui Arquitetônico','500','','Rua Moreira, 13','Independência','Cachoeiro de Itapemirim','ES','','2016-08-16','2016-08-19',null,16054);
INSERT INTO hmprojetos.servico values (116022,'PRS','PRS 2016.022','Usucapião','800','','Rua Principal s/nº','São José das Torres','Mimoso do Sul','ES','','2016-08-16','2016-09-22',null,16055);
INSERT INTO hmprojetos.servico values (216076,'ASS','ASS 2016.076','Desmembramento de Área','400','2x','Rua João Sasso','São Geraldo','Cachoeiro de Itapemirim','ES','29314650','2016-08-15',null,null,16056);
INSERT INTO hmprojetos.codigo_prefeitura values (591,'8562','2017',216076);
INSERT INTO hmprojetos.servico values (16043,'PAQ','PAQ 2016.043','Reforma Residencial','900','2x','Rua Antenor Locatel, 33','Basiléia','Cachoeiro de Itapemirim','ES','','2016-09-13','2016-12-05',null,16057);
INSERT INTO hmprojetos.servico values (116024,'PRS','PRS 2016.024','Planta para Usucapião','600','2x','Rua Maria Amada de Jesus Ramos, 3','Zumbi','Cachoeiro de Itapemirim','ES','','2016-09-15',null,null,16058);
INSERT INTO hmprojetos.servico values (116026,'PRS','PRS 2016.026','Usucapião','400','','Rua Eulina Jaconde Andrade, 32','Alto Monte Cristo','Cachoeiro de Itapemirim','ES','','2016-09-17','2016-10-15',null,16059);
INSERT INTO hmprojetos.servico values (216082,'ASS','ASS 2016.082','Pesquisa INCRA','400','','Jacu','Distrito de Burarama','Cachoeiro de Itapemirim','ES','','2016-09-22','2019-05-06',null,16060);
INSERT INTO hmprojetos.servico values (16047,'PAQ','PAQ 2016.047','Reforma Residencial','','','Zona Rural','Siricuíte - São Gabriel','Muqui','ES','','2016-10-05','2016-10-11',null,16063);
INSERT INTO hmprojetos.servico values (116027,'PRS','PRS 2016.027','Croqui Arquitetônico','400','','Rua Samuel Duarte, 81','Santo Antônio','Cachoeiro de Itapemirim','ES','29300550','2016-10-11',null,null,16064);
INSERT INTO hmprojetos.codigo_prefeitura values (592,'21879','2017',116027);
INSERT INTO hmprojetos.servico values (116028,'PRS','PRS 2016.028','Retificação de área','800','','Rua Bernardo Horta, nº 196','Guandu','Cachoeiro de Itapemirim','ES','','2016-10-10','2017-12-22',null,16065);
INSERT INTO hmprojetos.servico values (16049,'PAQ','PAQ 2016.049','Contrução Cantina/Salas/Banheiros','2600','5x','Rua Projetada','Alto Niterói','Atílio Vivacqua','ES','','2016-08-17','2017-05-06',null,16068);
INSERT INTO hmprojetos.servico values (116030,'PRS','PRS 2016.030','Planta para Usucapião','500','2x','Alameda Prof. Azenath de Moraes Coelho','Rui Pinto Bandeira','Cachoeiro de Itapemirim','ES','','2016-10-22','2019-03-08',null,16072);
INSERT INTO hmprojetos.servico values (16053,'PAQ','PAQ 2016.053','Construção Comercial / Industrial','2160','3x','Av. Antônio Alves','São Lucas','Cachoeiro de Itapemirim','ES','','2016-10-28','2017-05-12',null,16074);
INSERT INTO hmprojetos.servico values (16056,'PAQ','PAQ 2016.056','Construção Lazer Residencial','','','Rua Honorina de oliveira Silva, 36','Ferroviários','Cachoeiro de Itapemirim','ES','','2016-11-04','2016-12-21',null,16077);
INSERT INTO hmprojetos.servico values (16058,'PAQ','PAQ 2016.058','Regularização Uso Misto','3300','3x','Rua Fernando Demori, 97','Vila Rica','Cachoeiro de Itapemirim','ES','','2016-11-16','2017-06-28',null,16078);
INSERT INTO hmprojetos.servico values (16059,'PAQ','PAQ 2016.059','Regularização Residencial','1250','','Rua José Rosa Machado, nº146 a 154','Abelardo Ferreira Machado','Cachoeiro de Itapemirim','ES','','2016-11-19','2016-12-17',null,16080);
INSERT INTO hmprojetos.servico values (16060,'PAQ','PAQ 2016.060','Construção Comercial','1000','2x','Rua Jacomo Silotti, s/nº','Distrito de Vargem Grande de Soturno','Distrito de Vargem Grande ','ES','','2016-11-17','2017-04-04',null,16081);
INSERT INTO hmprojetos.servico values (216091,'ASS','ASS 2016.091','Fração Ideal / Convenção de Condomínio','2250','3x','Rua Ernesto Miguel da Silva, 133','Aquidaban','Cachoeiro de Itapemirim','ES','','2016-10-19','2019-12-12',null,16082);
INSERT INTO hmprojetos.servico values (217004,'ASS','ASS 2017.004','CND - Receita Federal','200','','Rua Joaquim Moraes, 15','Centro','Atílio Vivacqua','ES','29490000','2017-02-02','2017-10-07',null,16083);
INSERT INTO hmprojetos.servico values (116033,'PRS','PRS 2016.033','Retificação de Área','400','','Rua Agostinho Madureira e José de souza Fernandes','Gilberto Machado','Cachoeiro de Itapemirim','ES','','2016-11-21','2019-08-12',null,16084);
INSERT INTO hmprojetos.servico values (16063,'PAQ','PAQ 2016.063','Levantamento Arquitetônico','1400','2x','Av. Allan Kardec esquina com Rua José Rodrigues','BNH de cima','Cachoeiro de Itapemirim','ES','','2016-11-28','2016-12-17',null,16085);
INSERT INTO hmprojetos.servico values (217005,'ASS','ASS 2017.005','Regularização Residencial','500','2x','Rua João Pancini, 163','Boa Vista','Cachoeiro de Itapemirim','ES','29315443','2017-02-13','2019-03-29',null,16086);
INSERT INTO hmprojetos.servico values (116035,'PRS','PRS 2016.035','Planta para Usucapião','300','','Av. Theodico Ferraço, 153 a 157','Parque Laranjeiras','Cachoeiro de Itapemirim','ES','29317002','2016-12-06','2016-12-09',null,16087);
INSERT INTO hmprojetos.servico values (16066,'PAQ','PAQ 2016.066','Reforma e Ampliação Residencial','1000','','Rua Jerônimo Ribeiro','Amarelo','Cachoeiro de Itapemirim','ES','','2016-12-13','2018-01-08',null,16089);
INSERT INTO hmprojetos.servico values (117001,'PRS','PRS 2017.001','Unificação de lotes','','','Rua Mario Rezende, 73 ( antigo 27 )','Gilberto Machado','Cachoeiro de Itapemirim','ES','','2016-12-08','2019-03-20',null,17003);
INSERT INTO hmprojetos.servico values (17004,'PAQ','PAQ 2017.004','Regularização Residencial','2500','5x','Rua Leopoldina Portugal Teixeira, 22 (10)','Alto Independência','Cachoeiro de Itapemirim','ES','','2017-01-31','2017-02-10',null,17004);
INSERT INTO hmprojetos.servico values (217010,'ASS','ASS 2017.010','Acompanhamento de Usucapião','3600','6x','Rua Dr. Antônio Cunha','Amarelo','Cachoeiro de Itapemirim','ES','29304402','2017-03-02','2017-08-14',null,17007);
INSERT INTO hmprojetos.servico values (17007,'PAQ','PAQ 2017.007','Construção Religiosa - Bloco Fundos','600',' ','Rua Itajubá, 8','Amarelo','Cachoeiro de Itapemirim','ES','','2017-03-06',null,null,15217);
